koi_period,koi_depth,koi_duration,koi_ror,koi_teq,koi_insol,label
9.48803557,615.8,2.9575,0.022344,793.0,93.59,1
54.4183827,874.8,4.507,0.027954,443.0,9.11,1
1.736952453,8079.2,2.40641,0.387394,1395.0,891.96,0
2.525591777,603.3,1.6545,0.024064,1406.0,926.16,1
11.09432054,1517.5,4.5945,0.036779,835.0,114.81,1
4.13443512,686.0,3.1402,0.026133,1160.0,427.65,1
2.56658897,226.5,2.429,0.014983,1360.0,807.74,1
7.36178958,233.7,5.022,0.183387,1342.0,767.22,0
16.06864674,4914.3,3.5347,0.062161,600.0,30.75,1
2.470613377,14231.0,1.74319,0.123871,1339.0,761.46,1
2.204735417,6674.7,3.88864,0.075522,2048.0,4148.92,1
3.522498429,9145.7,3.19843,0.092086,1521.0,1264.67,1
3.709214104,131.1,2.6302,0.010424,1206.0,500.46,1
11.521446064,17984.0,3.6399,1.625358,753.0,75.88,0
19.40393776,8918.7,12.2155,0.096729,523.0,17.69,0
19.221388942,74284.0,4.79843,0.476633,698.0,55.97,0
16.46983774,10479.0,9.4378,0.092509,595.0,29.61,0
9.27358173,1288.3,3.2875,0.032563,649.0,41.85,1
6.02930329,1912.7,1.5821,0.038838,678.0,50.04,1
2.696370652,397.9,3.6129,0.017673,1066.0,305.34,0
5.349553819,831.0,3.0278,0.025706,919.0,168.99,1
3.94105221,363.3,2.5984,0.017105,1018.0,253.15,1
8.10904807,217.4,3.596,0.013127,800.0,97.03,1
386.6030528,24927.0,6.8057,0.240528,297.0,1.84,0
21.67699193,857.2,3.4555,0.032666,530.0,18.64,1
4.99677968,934.7,2.1717,0.030014,917.0,166.95,1
4.280963604,750.8,2.875,0.025377,1012.0,247.87,1
1.50635409,2211.7,1.5155,0.049899,1452.0,1054.12,0
670.645531,18091.0,53.412,0.131705,196.0,0.35,0
61.2563628,5123.3,7.633,0.334628,505.0,15.43,0
38.3775486,724.2,5.588,0.024901,529.0,18.53,1
41.19725502,2213.9,4.6297,0.041693,439.0,8.76,1
6.252962249,1036.9,2.5819,0.028604,823.0,108.3,1
16.01308419,1121.9,3.2554,0.034369,593.0,29.31,1
32.62876672,1804.8,4.7971,0.03852,506.0,15.55,1
91.7732862,652.0,6.473,0.02432,359.0,3.92,1
4.959319244,9802.0,2.22739,0.103379,1103.0,349.4,1
2.701287801,860.4,3.3827,0.06584,1222.0,527.81,0
4.49876511,460.0,3.7362,0.019817,1133.0,389.62,1
19.651209505,11766.0,5.2514,0.106953,730.0,67.03,0
5.412203927,601.6,2.9472,0.024775,1093.0,337.68,1
41.43958662,2793.1,10.5989,0.048175,516.0,16.72,1
8.35389523,1041.6,2.2514,0.029305,790.0,91.9,1
4.125543472,1487.3,3.1744,0.036796,1243.0,565.35,1
2.816504904,16814.0,2.50587,0.117059,1219.0,521.13,1
33.93373447,8503.7,14.561,0.095386,430.0,8.11,0
3.689920099,426.7,2.6557,0.018878,1147.0,408.99,1
4.431238488,1010.9,3.15,0.02933,1104.0,351.23,1
11.37936986,1023.5,2.6255,0.035628,806.0,99.68,1
26.39432897,1510.9,3.573,0.03681,489.0,13.49,1
13.57078281,511.7,3.3539,0.023908,785.0,89.61,1
7.12594387,192.4,3.0014,0.01512,997.0,233.31,1
7.442652004,24446.0,2.3078,0.143936,967.0,206.78,0
16.38489988,1127.1,3.0249,0.029758,433.0,8.35,1
7.8774163,1306.1,2.0805,0.03209,553.0,22.18,1
36.4454001,1122.3,4.007,0.029681,332.0,2.88,1
3.728732147,5226.5,2.683,0.068178,1023.0,258.34,1
2.243380573,821.7,1.1196,0.032248,822.0,107.6,1
10.405998015,14489.0,6.5036,0.111248,833.0,113.94,0
2.337437946,971.2,1.9982,0.027998,1070.0,311.16,1
11.59822233,2804.5,2.5237,0.051287,396.0,5.82,1
6.575315881,2793.3,4.3084,0.049152,1015.0,251.38,1
7.275040844,3001.0,7.5377,0.051358,833.0,113.64,1
19.27153892,1219.8,2.7594,0.031585,393.0,5.66,1
10.06524317,1053.3,1.369,0.031153,488.0,13.43,1
12.3935651,916.6,3.8896,0.032536,677.0,49.68,1
43.84439721,615.2,6.802,0.025934,531.0,18.77,1
3.341913228,725.3,3.813,0.243351,1032.0,268.67,0
1.626630225,1620.6,2.1145,0.305244,1547.0,1355.88,0
2.711504086,837.5,3.0099,0.026533,1420.0,960.79,1
7.21203748,950.4,4.0491,0.028255,1025.0,260.58,1
14.1798187,459.9,2.505,0.019561,711.0,60.35,0
8.47237911,1123.5,2.7245,0.030119,751.0,75.44,1
60.4189369,931.3,5.039,0.027422,390.0,5.49,1
12.611904345,6105.6,5.1497,0.073758,753.0,76.15,1
1.433769925,1976.3,1.8868,0.318591,1920.0,3209.29,0
10.31872301,871.7,3.836,0.247006,876.0,139.26,0
2.539183147,382.1,2.4282,0.017724,1332.0,743.09,1
6.770300385,1304.0,2.0844,0.037414,812.0,102.87,1
0.444291966,10967.0,2.0792,0.396105,1836.0,2706.26,0
20.06036336,1494.7,3.3203,0.036455,361.0,4.0,1
46.1842039,1394.7,4.758,0.033974,273.0,1.32,1
23.9800854,104.0,5.351,0.011879,649.0,41.94,1
7.82502168,520.8,2.186,0.022312,494.0,14.05,1
3.895936525,8544.8,2.3111,0.08689,1005.0,241.62,1
22.36646466,986.8,5.228,0.028938,536.0,19.45,1
1.625522174,7969.0,2.38963,0.080543,1579.0,1467.41,1
7.544039,322.6,6.222,0.194187,838.0,116.46,0
9.02930689,1019.8,3.1449,0.028718,757.0,77.75,1
10.328035714,16918.0,7.7915,0.118805,843.0,119.31,0
143.2063047,10566.0,8.9302,0.094044,308.0,2.14,1
6.164876,55.8,3.262,0.007192,1021.0,256.35,1
60.32494216,20280.0,6.6188,0.128744,411.0,6.77,1
29.1598615,488.0,4.803,0.02018,524.0,17.85,1
1.540397253,816.1,2.1541,0.257087,1470.0,1105.68,0
2.99025443,589.2,5.414,0.021279,918.0,168.45,0
1.594745374,15044.0,1.9604,0.115879,1539.0,1329.42,1
4.783002698,1008.7,2.335,0.028315,886.0,145.48,1
20.50588921,2105.5,4.0595,0.041039,518.0,17.06,1
3.340218842,1632.6,1.9104,0.037683,656.0,43.73,1
2.507089906,1339.2,2.0067,0.295115,1326.0,730.47,0
18.64932728,893.6,4.4056,0.027096,701.0,57.13,1
4.90144976,140.7,4.1654,0.011136,1262.0,598.74,1
9.75192101,418.0,4.793,0.024042,870.0,135.66,1
38.5576546,993.0,5.794,0.03498,550.0,21.71,1
3.525632539,22335.0,2.59959,0.13372,975.0,213.12,1
7.748094239,2472.1,3.5957,0.046615,964.0,204.39,1
23.96793669,1182.3,3.827,0.03141,329.0,2.77,1
8.29561738,824.3,1.3421,0.03178,469.0,11.39,1
8.11437482,1558.0,2.2736,0.037204,460.0,10.55,1
38.036729482,82872.0,4.34617,0.27018,500.0,14.81,0
3.747838198,616.0,5.0642,0.151387,1031.0,266.76,0
14.74914825,430.2,6.0995,0.018864,874.0,137.91,1
21.81295996,1175.4,4.3791,0.030952,639.0,39.33,1
7.91936937,15148.0,3.3148,0.121984,814.0,104.0,0
15.37562369,15337.0,3.3169,0.12103,600.0,30.54,1
8.10363271,887.9,3.161,0.026361,687.0,52.82,1
4.71510843,417.5,2.506,0.018268,823.0,108.84,1
6.365839713,780.7,2.9721,0.026275,914.0,165.33,1
5.97581754,962.4,3.065,0.035468,1047.0,284.25,0
2.446737317,1177.9,4.7211,0.278526,1261.0,597.19,0
3.04033046,10859.0,1.8411,0.104023,1021.0,257.29,1
15.33528675,3081.4,3.897,0.056,610.0,32.67,1
7.95825328,50.0,4.377,0.006915,1074.0,314.15,1
31.33046135,5073.8,5.176,0.072904,481.0,12.61,1
3.9043425,16228.0,3.831,0.125229,1104.0,351.05,0
9.286358079,44791.0,3.49949,0.19639,796.0,95.03,0
3.951405455,2453.9,2.1862,0.331342,1133.0,388.71,0
23.65369415,3341.8,8.2183,0.05219,731.0,67.65,1
13.23352214,504.6,6.7372,0.020278,888.0,146.67,1
6.15560285,285.0,4.9843,0.015336,1146.0,406.94,1
2.090811305,115.9,3.388,0.010686,1642.0,1718.04,1
3.180027898,120.3,3.5797,0.009989,1458.0,1066.86,1
50.4467417,370.3,7.159,0.01767,568.0,24.64,1
11.76307164,1037.3,2.9076,0.028519,616.0,33.99,1
56.2279271,862.7,3.57,0.028683,366.0,4.22,1
2.384052875,1268.1,3.0918,0.222925,1010.0,244.87,0
7.953547,875.4,2.6312,0.026448,696.0,55.37,1
4.14451656,391.8,2.3421,0.017441,864.0,132.08,1
4.859386384,6044.3,2.2757,0.355227,1114.0,364.23,0
10.526294577,9768.0,2.5211,0.095143,713.0,61.16,1
4.583520948,3812.1,2.7055,0.056287,1038.0,274.98,1
3.76181843,510.6,3.5176,0.025656,1121.0,372.62,1
8.20396958,1024.4,2.9667,0.033372,742.0,71.5,1
14.49645186,647.5,4.016,0.033377,613.0,33.48,1
6.54626149,655.9,2.75,0.024555,810.0,101.78,1
12.71809866,1149.4,3.0957,0.030871,562.0,23.6,1
36.06588163,1563.8,4.3246,0.035281,397.0,5.88,1
4.190425659,2877.4,2.8589,0.050076,1234.0,547.9,1
3.709870784,2020.3,3.0694,0.040686,1151.0,415.1,1
16.3297527,1187.5,6.271,0.034822,727.0,66.08,1
27.807566216,25391.0,4.21587,0.161479,554.0,22.24,1
80.8723469,3604.6,11.195,0.056129,452.0,9.88,1
3.166465862,4357.2,2.9381,0.348902,954.0,196.31,0
24.99324319,269.6,5.9409,0.015956,712.0,60.88,1
10.35533116,750.6,3.1775,0.024674,777.0,86.22,1
16.08518937,1442.4,3.984,0.040767,613.0,33.43,1
7.49018305,1123.6,2.7297,0.029843,753.0,76.06,1
36.2761238,1572.6,4.7865,0.035273,445.0,9.29,1
17.46087931,812.4,2.2641,0.026969,568.0,24.6,1
56.0560754,1626.0,4.685,0.036134,233.0,0.69,1
41.408316686,22839.0,5.0264,0.139516,453.0,9.93,1
5.715425977,908.1,2.5242,0.027348,850.0,123.03,1
49.18394185,1646.2,11.3364,0.036501,669.0,47.4,1
20.0261412,421.2,1.611,0.025305,559.0,23.14,1
10.44331991,1159.8,2.743,0.030416,667.0,46.94,0
2.237489571,315.8,1.8119,0.015942,1160.0,427.17,1
5.851520671,33004.0,3.11058,0.166109,901.0,155.89,0
3.167893418,781.2,2.1814,0.025513,1221.0,526.23,1
4.311780262,1154.0,2.7251,0.030716,1038.0,274.84,1
20.0504494,840.9,4.556,0.026569,622.0,35.44,1
9.76734503,569.1,1.6585,0.026407,791.0,92.46,1
190.3200468,1141.7,15.284,0.034654,426.0,7.8,1
2.861159894,1014.3,1.8832,0.039171,1355.0,797.1,0
26.44439337,1843.5,3.9783,0.038511,562.0,23.54,1
51.53997972,3644.3,6.3994,0.05435,450.0,9.67,1
5.902245782,702.3,2.9003,0.023909,926.0,173.74,1
2.382951591,391.6,1.8876,0.018369,1253.0,583.01,1
21.02250608,1772.5,4.1072,0.037466,521.0,17.48,1
3.219814777,488.2,2.0642,0.019702,998.0,234.93,1
5.912273234,961.4,2.3254,0.027826,585.0,27.72,1
8.98581901,881.3,2.8606,0.026527,509.0,15.9,1
20.5452375,218.5,2.517,0.017424,742.0,71.57,0
33.60123371,7425.9,4.4056,0.083298,495.0,14.22,1
6.76652928,450.7,2.9004,0.019382,845.0,120.48,1
4.347288783,451.6,2.1024,0.019273,1174.0,449.79,1
4.601811819,755.9,2.2607,0.02579,896.0,152.91,1
11.18719905,353.6,3.252,0.017042,667.0,46.65,1
4.220965778,2260.0,3.0854,0.046401,595.0,29.68,1
6.998099523,20285.0,2.0488,6.502574,853.0,125.22,0
5.95489993,1410.7,2.3892,0.033728,635.0,38.52,1
12.03987488,1250.6,2.7363,0.031605,502.0,15.06,1
20.83762895,439.0,2.3734,0.020532,418.0,7.24,1
8.8111022,401.1,5.0683,0.242511,1399.0,904.92,0
23.58917143,1200.7,5.073,0.040151,487.0,13.34,1
6.481633073,298.5,3.784,0.017836,1145.0,406.25,1
10.37168928,1254.9,3.035,0.033023,720.0,63.68,1
3.96996298,299.2,1.1757,0.018305,992.0,229.37,1
4.40841331,549.4,5.012,0.025379,1139.0,398.0,1
7.9426176,1590.7,6.703,0.046289,878.0,140.57,0
226.8904775,3136.4,7.558,0.055361,236.0,0.73,1
1.956811408,24905.0,2.1958,0.327759,1109.0,357.16,0
9.439459486,3036.1,2.8979,0.048953,686.0,52.32,1
11.523067458,507.3,3.8757,0.020288,927.0,174.81,1
20.47748843,1382.4,2.8364,0.034376,530.0,18.65,1
3.336123113,516.3,1.9616,0.020396,970.0,209.79,1
8.01078456,1333.6,2.312,0.03347,453.0,9.9,1
12.07134205,759.2,4.3224,0.025158,395.0,5.74,1
20.99587872,767.3,2.6333,0.025412,328.0,2.74,1
7.41113177,620.5,2.5242,0.024438,905.0,158.11,1
1.000747038,1823.5,0.9967,0.047993,1620.0,1635.2,0
8.884922995,16053.0,2.07004,0.114124,770.0,83.21,1
8.09888906,6911.1,4.20241,0.076211,986.0,223.19,1
10.00653012,936.1,5.344,0.032174,876.0,139.21,1
17.855221681,9065.2,7.41287,0.08815,911.0,163.04,1
5.007316661,6932.3,4.2362,0.077106,998.0,234.28,1
2.211116989,724.2,1.6485,0.026289,931.0,177.19,1
27.9541337,942.5,3.95,0.026973,400.0,6.04,1
12.69104387,252.1,3.7727,0.014487,1008.0,244.3,1
4.409409243,12861.0,3.8636,0.10287,1101.0,347.06,0
16.23947096,2590.7,4.0374,0.045252,598.0,30.14,1
6.308201629,1328.5,2.9785,0.032418,819.0,106.44,1
2.052349884,14281.0,2.0778,0.11123,1497.0,1183.18,1
9.7704486,1897.8,2.4517,0.040133,460.0,10.59,1
5.169804269,1037.4,2.153,0.029936,569.0,24.75,1
21.22261195,366.0,6.5093,0.01746,771.0,83.56,1
20.09017037,1432.1,4.154,0.040437,362.0,4.05,1
7.11373257,807.6,2.1764,0.025862,429.0,8.01,1
3.306551643,509.2,1.8177,0.020275,554.0,22.19,1
15.36845737,756.1,2.4714,0.02471,332.0,2.86,1
13.81020318,1309.7,3.048,0.036595,833.0,113.75,1
4.093578461,538.6,2.5833,0.026123,1182.0,461.07,1
105.145959,685.4,8.593,0.031397,401.0,6.09,1
10.8484518,1675.6,2.9993,0.036303,499.0,14.66,1
6.66833241,362.3,1.915,0.018246,587.0,28.06,1
4.082274889,17859.0,3.23015,0.121652,1016.0,251.48,1
42.1406089,895.5,5.083,0.026274,349.0,3.49,1
4.617490562,575.8,2.2618,0.023024,728.0,66.47,1
10.19849255,634.1,2.4283,0.024778,559.0,23.11,1
5.795063956,1692.9,3.2496,0.047975,950.0,192.74,0
7.15681552,867.0,2.5882,0.026979,782.0,88.23,1
17.64830851,763.3,2.0873,0.026581,579.0,26.49,1
4.14810719,175.2,2.535,0.011755,938.0,182.76,1
16.51410989,973.5,4.1575,0.028718,655.0,43.57,1
30.1329298,1015.8,5.172,0.03322,536.0,19.55,1
4.79090809,251.3,2.603,0.014349,990.0,227.24,1
31.71981013,363.4,4.819,0.017414,743.0,71.97,1
99.6415962,952.5,4.448,0.027879,360.0,3.97,1
4.708326451,7912.7,3.16114,0.080242,1162.0,431.02,1
16.37198661,4147.6,3.8449,8.358793,438.0,8.71,0
5.392026903,1151.4,2.9804,0.030649,850.0,123.33,1
6.491682808,7163.3,4.301,0.079893,1062.0,301.54,1
3.044770796,1695.0,10.0134,0.298444,1076.0,317.36,0
3.855603916,16653.0,3.2179,0.119176,1212.0,508.65,1
3.855599139,1030.9,3.183,0.033907,1158.0,425.74,0
38.47876629,23530.0,5.04169,0.138123,484.0,13.01,1
37.601661282,59130.0,8.30604,0.227443,606.0,31.86,0
3.314947362,1398.2,1.8007,0.038195,1155.0,421.03,1
6.71969089,969.7,3.0231,0.046245,952.0,194.18,0
39.6431552,15664.0,6.5292,0.111685,472.0,11.74,1
51.42598578,66068.0,16.9422,0.236829,549.0,21.4,0
21.80451611,1144.9,3.4097,0.033653,543.0,20.48,1
10.28194593,1110.7,3.4366,0.029849,680.0,50.6,1
18.11993039,1506.9,4.2309,0.034825,563.0,23.77,1
3.78402867,426.1,1.9012,0.020134,949.0,191.78,1
5.15448142,697.5,3.228,0.030415,964.0,204.1,1
33.80364366,13494.0,11.4813,0.105539,745.0,72.71,0
5.743469797,1240.2,3.4412,0.032147,982.0,219.95,1
19.974485239,40293.0,4.23479,0.243941,700.0,56.84,0
3.166353562,1473.4,3.3129,0.035047,1273.0,621.92,1
23.899634407,20953.0,3.81881,0.436512,652.0,42.8,0
3.388012244,280.1,2.6849,0.015454,1315.0,705.93,1
5.83909761,273.6,3.1915,0.015116,1097.0,341.48,1
1.620467654,159.6,2.1888,0.011493,1681.0,1893.42,1
10.6816951,307.8,3.605,0.016847,897.0,152.75,1
6.104849417,2090.3,4.6912,0.04092,784.0,89.25,1
3.578780566,11382.0,2.91089,0.096067,1145.0,406.6,1
3.187067566,1037.4,3.119,0.269659,1079.0,319.76,0
5.826657508,1539.1,2.9183,0.035356,1013.0,248.57,1
12.41216347,611.3,3.739,0.02227,787.0,90.65,1
18.74649011,796.8,3.895,0.026327,686.0,52.38,1
20.86021229,1910.5,5.1937,0.040067,781.0,87.76,1
42.63427848,1719.3,6.1998,0.038058,615.0,33.82,1
87.6476068,1009.6,8.871,0.029163,484.0,12.94,1
9.467821474,2237.0,2.4327,0.042684,407.0,6.47,1
0.893040969,741.7,1.0981,0.024717,893.0,151.14,1
4.942783419,11145.0,3.25346,0.099444,1008.0,244.42,1
20.83426731,988.4,4.0454,0.028495,595.0,29.62,1
9.94602357,994.5,3.3862,0.028229,807.0,100.34,1
1.04562195,213.0,1.8955,0.013092,1710.0,2031.84,1
5.71462396,297.8,2.336,0.016046,971.0,210.16,1
102.9641952,1896.7,15.735,0.050162,797.0,95.4,0
8.14515981,446.8,5.073,0.025296,1050.0,287.91,1
18.9985279,430.7,4.529,0.318792,792.0,93.03,1
4.24439049,174.0,3.282,0.015253,1305.0,686.99,1
28.5742692,824.9,4.9427,0.026109,538.0,19.83,1
7.34373964,574.4,1.1784,0.022075,839.0,117.5,1
0.445277068,186.7,3.539,0.307625,2562.0,10177.11,0
0.379463865,1973.3,0.86896,0.305894,3000.0,19256.81,0
9.88047978,18541.0,2.78458,0.235723,860.0,129.45,0
4.6484156,128.4,38.1939,0.013299,2259.0,6152.88,0
17.512014768,4511.7,1.8248,0.110483,804.0,98.77,0
0.525154153,747.5,2.1441,0.255581,2073.0,4391.51,0
1.303861044,598.2,4.0541,0.282709,1610.0,1595.19,0
2.55549176,113.8,9.083,0.237273,1312.0,701.68,0
2.947376671,433.2,2.0911,1.654364,2404.0,7903.84,0
224.7789355,3487.5,11.1899,0.056891,333.0,2.92,1
0.890110752,321.5,0.8774,0.016162,1372.0,838.42,0
5.76573396,248.0,2.924,0.015428,1964.0,3518.78,0
7.42608123,443.3,3.6379,0.019228,1037.0,273.78,1
15.9868932,178.5,4.158,0.012587,803.0,98.51,1
0.73094589,250.2,4.32,0.184858,1922.0,3248.17,0
18.92537246,640.9,3.9835,0.026104,1171.0,443.58,1
0.933749106,186.2,4.256,0.013481,2863.0,15822.49,0
2.037440623,118.6,3.442,0.010693,1572.0,1448.05,0
31.5925809,145.1,13.566,0.010989,688.0,53.09,1
17.157236,110.4,11.284,0.009558,844.0,119.87,1
1.97376085,30222.0,1.82542,0.159864,753.0,76.1,1
13.118962443,372.2,4.3045,0.017826,1768.0,2310.43,1
4.618767792,4399.1,5.9957,0.066285,1170.0,442.78,0
2.785821236,68.9,3.5599,0.008919,1784.0,2388.98,1
52.56901867,26900.0,6.7507,0.418905,737.0,69.62,0
3.411758679,570.6,3.158,0.240197,684.0,51.85,0
0.525426427,324.6,1.0801,0.016596,2069.0,4349.62,0
1.269091415,340.9,1.4647,0.016909,1331.0,740.47,1
2.853133997,277.1,1.465,0.016317,1016.0,251.77,1
6.79685353,393.1,3.1702,0.019,985.0,222.91,1
8.667822346,2121.9,4.9658,0.326603,1303.0,681.39,0
1.475323222,154.9,2.3155,0.011027,2740.0,13331.51,1
4.15246118,223.4,2.5755,0.01428,1941.0,3354.56,1
8.7348852,270.7,4.49,0.015161,890.0,148.62,1
10.26547688,399.6,3.733,0.019462,770.0,83.13,0
3.305577989,17971.0,2.5903,0.335281,1027.0,263.55,0
4.800653901,15304.0,9.0419,0.124793,1347.0,778.45,0
15.06649901,36348.0,5.9885,0.317877,932.0,177.96,0
34.82008158,18848.0,11.1711,0.132704,459.0,10.49,0
0.651784374,2779.3,2.0141,0.290399,2090.0,4500.59,0
1.353771892,1349.1,7.012,0.250431,4903.0,136609.48,0
18.95491633,867.5,24.249,0.258011,1139.0,397.48,0
4.348866254,625.6,3.2797,0.219949,6421.0,401588.95,0
47.93094546,2144.4,2.6897,0.321419,905.0,158.41,0
3.99751422,32.8,3.686,0.005126,2203.0,5563.95,0
1.592633181,633.1,5.5605,0.022007,1053.0,290.51,0
67.5923754,4158.1,12.249,0.063536,588.0,28.2,1
17.02902786,568.9,4.645,0.021839,755.0,76.66,1
6.84619236,246.8,3.529,0.014341,1022.0,258.41,1
67.8321638,507.8,7.358,0.02055,476.0,12.14,1
43.1312147,447.8,3.198,0.020505,554.0,22.21,1
1.224866441,196.0,1.7086,0.012766,1741.0,2174.33,1
37.8102649,570.3,8.733,0.021892,566.0,24.27,1
25.93406406,414.5,4.6142,0.018556,695.0,55.1,1
83.4463485,503.0,6.536,0.020442,471.0,11.59,1
7.04710032,400.9,2.926,0.216054,986.0,223.84,0
12.99204853,270.6,6.0175,0.014939,866.0,132.94,1
11.11620211,4843.9,4.211,0.082423,853.0,125.21,0
1.922861499,1916.2,3.5734,0.051164,1392.0,884.12,0
0.635445336,2547.4,1.8592,0.316337,1177.0,451.42,0
1.665784138,2006.2,1.8946,0.319369,2636.0,11424.49,0
55.6639167,3414.4,23.546,0.366484,434.0,8.38,0
52.09081627,2894.1,8.6388,0.049363,592.0,29.07,1
7.1548608,780.4,7.694,0.039041,1482.0,1141.57,0
4.28746668,790.1,1.5693,0.025717,942.0,186.31,1
2.002779769,260.5,2.231,0.014608,1311.0,696.4,0
8.18739443,517.6,3.0472,0.020743,782.0,88.36,1
76.0498163,445.9,7.158,0.018858,372.0,4.53,1
3.341799486,178.2,2.9254,0.01238,1356.0,798.41,1
3.3226948,78.7,3.568,0.008278,3859.0,52428.3,0
36.97708808,1269.9,4.737,0.285292,602.0,31.08,0
1.851409163,232.5,10.232,0.127275,2154.0,5090.14,0
1.303859704,36.7,2.8239,0.005894,2393.0,7759.2,0
145.5624926,2931.6,5.4126,0.335735,387.0,5.33,0
3.749105745,182.6,1.9826,0.015686,1160.0,428.25,1
11.08956602,148.1,6.2877,0.011202,1422.0,965.62,1
7.24476126,58.0,2.3145,0.006839,837.0,116.02,0
8.70798309,1419.6,2.4904,0.033251,543.0,20.59,1
4.17634276,531.5,2.335,0.020401,694.0,54.8,1
27.40229859,747.5,6.8491,0.025079,734.0,68.46,1
3.179267286,200.9,1.0246,0.012917,1101.0,347.01,1
10.38122447,801.5,2.715,0.025572,672.0,48.37,1
24.5709023,764.2,3.587,0.033128,505.0,15.33,1
81.221876,9883.0,4.1135,0.173832,385.0,5.2,0
0.817026268,1145.5,2.0799,0.030636,1784.0,2386.13,0
3.024092505,7765.0,2.8021,0.081878,1489.0,1162.54,1
5.670155713,536.7,0.9361,0.292493,341.0,3.21,0
1.022678654,129.2,1.3712,0.010229,1734.0,2138.47,1
12.10968709,284.7,6.3461,0.0187,1005.0,240.8,1
4.75796103,124.5,4.66,0.010702,1372.0,835.65,1
20.4972755,242.9,8.536,0.018577,843.0,119.42,1
13.55480534,48.3,2.288,0.006462,679.0,50.41,0
29.74454668,66894.0,23.2842,0.233128,455.0,10.1,0
14.15402428,61625.0,4.47001,0.470267,777.0,86.13,0
0.844786082,2468.5,3.5289,0.353039,1864.0,2846.03,0
0.848483947,1907.4,1.4451,0.314173,1908.0,3117.82,0
11.99097576,2124.3,5.7401,0.320114,880.0,141.63,0
53.5292702,1086.1,5.668,0.029542,348.0,3.48,1
0.393726813,564.6,2.95,0.214695,2705.0,12661.53,0
2.757584622,563.1,0.9267,0.021901,615.0,33.79,1
0.928310036,376.2,1.1899,0.017601,1115.0,365.72,1
13.48457668,653.5,5.0197,0.023452,929.0,176.29,1
31.8841473,910.0,6.122,0.03477,563.0,23.82,1
67.69213907,25457.0,51.349,0.150573,1173.0,448.21,0
12.06222962,300.2,2.0584,0.015945,750.0,74.8,1
9.93146307,398.6,5.678,0.018094,931.0,177.83,1
21.85362905,355.6,3.439,0.018296,618.0,34.57,1
8.19345065,115.4,5.234,0.010952,1144.0,405.75,1
19.97867,944.3,10.168,0.033104,1351.0,788.02,0
41.8059544,434.4,6.057,0.019015,533.0,19.02,1
15.45158184,85.3,2.406,0.008928,1285.0,643.83,0
89.698168533,273110.0,5.5418,0.590496,554.0,22.33,0
1.187352427,20703.0,4.999,0.414215,2251.0,6067.3,0
3.012476582,1138.5,3.1424,0.294213,2371.0,7471.65,0
4.77800306,473.0,2.7361,0.019376,932.0,177.79,1
7.814839231,2010.3,3.0122,0.052382,903.0,156.74,0
29.7452499,778.9,22.695,0.03286,557.0,22.74,0
5.32667299,611.4,3.4045,0.022482,1007.0,242.97,1
0.741057213,1996.3,1.05299,0.314771,1730.0,2128.29,0
2.988085455,802.8,3.68,0.246924,1101.0,348.05,0
2.783883492,903.9,2.4546,0.286516,1934.0,3304.55,0
0.393727296,903.5,3.02,0.261231,2216.0,5746.51,0
8.17242644,864.3,3.902,0.033266,858.0,127.95,1
13.0607936,236.6,3.215,0.015111,734.0,68.66,1
25.9518461,1058.5,14.581,0.256824,521.0,17.37,0
25.9518536,2017.9,14.755,0.30359,494.0,14.09,0
5.68628739,5559.7,17.573,0.043076,1059.0,297.81,0
15.663886949,5144.4,2.4775,0.112808,1060.0,298.77,0
4.020628573,20901.0,4.4085,0.150191,1232.0,543.92,0
185.02288222,43547.0,4.87326,0.333723,379.0,4.89,0
2.897432135,1223.7,3.1793,0.043891,2170.0,5240.0,0
8.70420525,1074.9,2.9385,0.030316,748.0,74.13,1
8.1280933,224.1,3.727,0.013795,875.0,138.51,1
0.974868896,197.6,1.6191,0.012716,1612.0,1605.87,1
4.89721006,274.4,1.812,0.015988,904.0,157.93,1
2.757794163,39043.0,2.7644,0.206038,1231.0,542.43,0
1.914158508,7829.2,3.2917,0.111651,1646.0,1730.47,0
3.98216698,381.3,2.396,0.019666,1374.0,842.48,0
0.643794198,456.7,1.5662,0.215255,2011.0,3852.91,0
16.08832318,597.8,5.731,0.023572,875.0,138.64,1
10.30067919,271.8,4.885,0.015115,1015.0,251.55,1
35.6757453,471.2,7.381,0.020763,671.0,47.96,1
161.78832712,87750.0,5.31,0.273088,375.0,4.68,0
16.56806842,1331.4,4.2647,0.032537,548.0,21.27,1
47.3329299,931.5,2.708,0.027927,386.0,5.25,1
0.856895349,82.2,1.3078,0.00864,1881.0,2960.82,0
40.8065333,313.9,13.135,0.016213,772.0,83.75,1
2.46697039,308.7,1.6345,0.016558,1139.0,398.42,1
6.61836309,549.1,3.6813,0.0211,1066.0,304.65,1
107.7214092,1396.2,8.042,0.033622,421.0,7.39,1
5.251916208,10624.0,4.9095,0.390092,952.0,194.17,0
9.673958488,952.7,3.2641,0.027629,736.0,69.42,1
100.3039228,5450.0,8.702,0.35047,313.0,2.26,0
0.986620248,1345.8,3.9722,0.29077,2308.0,6719.67,0
14.12847677,628.7,3.685,0.025658,739.0,70.5,1
48.6478543,641.8,5.464,0.038915,489.0,13.57,1
8.39842977,340.1,6.344,0.01755,984.0,221.66,1
8.63847391,395.9,5.4566,0.017995,1419.0,958.35,1
140.10765,266.8,18.503,0.014948,511.0,16.17,1
3.4815917,135.2,1.8069,0.010446,1156.0,421.61,1
8.360616221,28066.0,7.5385,0.151129,1263.0,601.6,0
1.838514968,2721.7,2.7391,0.047309,1426.0,974.1,0
35.61760233,4634.9,8.4559,0.060738,456.0,10.19,1
1.09206833,219.2,1.8596,0.013798,1611.0,1588.89,0
10.12805158,477.4,3.517,0.02174,767.0,81.77,1
1.613001111,104.1,2.394,0.009463,1680.0,1878.1,0
3.770551475,12440.0,3.8077,0.102677,1302.0,679.75,1
1.343767797,4702.6,1.9405,0.073911,2654.0,11675.38,0
29.12436474,6496.0,3.4209,0.290396,356.0,3.81,0
31.82814583,4456.8,2.917,0.356333,564.0,23.97,0
3.629442796,426.6,5.63,0.024717,1434.0,1001.35,0
0.553261874,1038.1,0.8875,0.283769,3689.0,43709.08,0
5.72812616,643.4,2.0295,0.023129,569.0,24.74,1
3.75574267,417.4,2.2911,0.018377,977.0,215.46,1
7.44042933,547.3,2.991,0.028601,883.0,144.12,0
6.581477136,2318.9,3.0896,0.042884,881.0,142.63,1
24.669192732,7382.3,7.03515,0.076351,1485.0,1150.61,1
2.382652873,705.4,1.8888,0.025814,1237.0,553.53,1
24.66461416,2398.8,2.8579,0.050261,567.0,24.53,1
11.51517167,1357.4,2.006,0.033306,657.0,43.96,1
7.641567589,2269.7,3.41018,0.042627,899.0,154.25,1
30.6113932,3472.0,3.576,0.337572,317.0,2.38,0
7.40742502,442.0,3.675,0.01917,938.0,183.15,1
569.934135,18904.0,4.1904,0.173539,296.0,1.81,0
5.09246539,254.0,3.659,0.014236,844.0,119.7,0
1.103971357,317.9,0.926,0.016876,1471.0,1109.79,0
10.916108342,1479.0,3.6496,0.038633,758.0,78.19,1
3.353732008,1264.7,1.4598,0.032813,615.0,33.76,1
6.877446033,1632.3,1.3692,0.040795,484.0,12.95,1
28.46464804,1629.8,2.6657,0.037174,301.0,1.95,1
0.293630085,2017.7,2.3857,0.286276,2503.0,9283.34,0
42.89645024,555.3,5.6897,0.02097,448.0,9.54,1
2.44199803,251.7,2.759,0.016528,1282.0,638.05,0
7.09712124,369.5,2.1059,0.017457,425.0,7.73,1
2.6827683,79.8,2.957,0.008932,1551.0,1366.57,0
3.601465336,777.7,2.2753,0.024764,996.0,232.65,1
3.108251172,1867.7,2.5048,0.047945,1096.0,340.69,0
25.8474958,537.4,5.985,0.021322,672.0,48.23,1
40.715561,680.9,6.894,0.023993,578.0,26.34,1
20.42720701,1273.0,3.447,0.042256,674.0,48.72,0
6.198273591,47303.0,7.53837,0.202041,985.0,222.23,0
1.023471798,861.4,2.3499,0.038794,1727.0,2103.09,0
0.51872711,714.1,1.252,0.229228,1965.0,3537.27,0
17.31711739,1473.0,3.1518,0.037282,454.0,10.07,1
9.42889884,565.4,4.4481,0.021623,1163.0,432.9,1
1.096583368,308.5,2.1188,0.016192,1474.0,1119.9,0
6.50327035,418.3,2.591,0.018135,804.0,98.81,1
4.09667624,302.3,2.19,0.01546,938.0,182.9,1
1.196548464,224.6,1.2592,0.013587,1414.0,945.12,1
11.47609015,182.3,5.046,0.013423,984.0,221.34,1
25.2630467,125.5,6.22,0.011085,756.0,77.24,1
0.677374687,76.7,1.8361,0.007964,2099.0,4572.56,1
10.43547031,210.2,3.4167,0.013143,759.0,78.35,1
7.41084314,124.1,3.245,0.010073,850.0,123.4,1
28.59914031,1585.1,3.6567,0.036375,298.0,1.87,1
24.58716355,907.5,3.984,0.028979,530.0,18.72,1
34.193600311,13715.0,5.41382,0.112571,778.0,86.74,0
12.53248222,1145.9,4.0168,0.032795,775.0,85.15,1
13.19720694,2141.4,3.4872,0.043296,642.0,40.03,1
14.85890852,3269.0,3.5252,0.05159,720.0,63.52,1
4.08897299,157.9,3.585,0.011602,1537.0,1317.96,1
2.866680334,712.4,1.1264,0.035102,1045.0,282.64,0
17.44486016,826.9,4.445,0.030722,679.0,50.32,1
8.30697421,158.7,2.76,0.163795,1246.0,570.93,0
7.33685101,325.8,3.548,0.016434,875.0,138.46,1
22.65117451,2250.0,3.6895,0.052355,855.0,126.57,0
1.204274435,185.8,1.3362,0.012855,1564.0,1413.91,0
7.71790675,306.8,1.84,0.016108,502.0,15.01,1
27.6652847,469.2,6.633,0.019867,641.0,39.94,1
0.948950734,2133.0,4.0245,0.298025,2103.0,4636.91,0
14.55730897,956.9,7.7643,0.028038,879.0,141.0,1
4.722254104,82670.0,3.451,0.27118,557.0,22.67,0
0.635069939,33117.0,2.07171,0.499997,2351.0,7193.72,0
0.933746515,2936.6,6.6522,0.326591,1508.0,1222.25,0
1.872421727,3018.9,1.5261,0.062711,1298.0,672.92,0
33.6528474,1140.8,3.9616,0.031582,470.0,11.5,1
5.90127815,1525.2,2.1979,0.035599,514.0,16.54,1
8.75209691,1367.6,2.3742,0.0337,451.0,9.76,1
22.78078241,1925.1,3.3002,0.039959,328.0,2.73,1
2.896005211,614.1,1.6776,0.022623,652.0,42.53,1
0.742957911,843.3,0.6688,0.027073,1026.0,262.51,1
54.35635067,10510.0,6.4345,0.283169,566.0,24.18,0
0.54624855,639.7,2.0543,0.242745,1837.0,2677.36,0
18.82744023,1006.2,4.664,0.028791,632.0,37.82,1
8.4120069,819.6,3.923,0.025159,590.0,28.69,0
5.747711909,820.1,1.8923,0.026906,641.0,40.07,1
3.504691252,315.1,1.9811,0.017643,1165.0,435.21,1
0.995861402,4993.8,1.1507,0.349278,1477.0,1124.35,0
86.67856052,8244.1,10.1289,0.083303,434.0,8.41,1
12.21828097,1843.4,2.6969,0.043209,835.0,114.59,1
8.387210055,4952.0,1.6477,0.369981,1211.0,509.55,0
15.2384539,7019.0,19.292,0.082932,829.0,111.67,0
0.413334492,2025.1,2.3808,0.284068,2509.0,9374.09,0
0.93374614,1717.5,6.551,0.317424,3303.0,28084.15,0
6.47179275,402.5,6.788,0.018468,1075.0,316.0,0
64.617518,2486.6,5.796,0.056124,383.0,5.09,1
13.21409607,1154.8,3.5641,0.034865,629.0,36.95,1
6.05729966,385.2,3.7419,0.017666,947.0,189.98,1
3.584101048,2608.1,2.7316,0.046303,1131.0,386.66,1
1.763587535,4590.6,3.16877,0.064717,3559.0,37958.27,1
5.014234733,6536.0,4.589,0.074468,1308.0,692.13,1
8.11528727,834.9,3.211,0.031988,879.0,140.92,1
36.9250409,902.0,4.9381,0.031099,530.0,18.7,1
37.4783492,1467.9,5.317,0.209206,262.0,1.12,0
8.09695764,283.5,3.319,0.182422,1197.0,484.58,0
32.3122867,677.8,6.569,0.02967,699.0,56.49,1
9.22961384,492.1,2.235,0.020371,1021.0,257.11,1
14.5598556,290.6,5.624,0.015571,758.0,78.26,1
4.176254191,1360.1,3.6716,0.036246,876.0,139.48,1
0.528755447,408.5,5.714,0.223797,3271.0,27241.45,0
6.10027621,766.6,4.7476,0.025279,990.0,227.15,1
10.9110487,401.9,7.033,0.025025,786.0,90.07,0
8.408878137,798.9,3.4967,0.025693,809.0,101.22,1
10.93725572,421.6,3.0822,0.021998,777.0,86.28,1
2.97136658,233.3,2.716,0.013899,1200.0,490.13,1
158.6850022,898.3,11.5372,0.027275,350.0,3.53,1
2.936527336,352.3,1.771,0.01755,1209.0,505.22,1
7.03902016,529.8,3.8633,0.021176,1051.0,288.92,1
8.360870704,2039.7,2.7144,0.041502,690.0,53.68,1
3.14051153,1444.4,8.2806,0.29153,1306.0,689.48,0
21.76129812,1300.7,1.243,0.032165,486.0,13.18,1
12.713794177,36719.0,2.44093,0.182308,181.0,0.26,0
15.801100028,37545.0,6.37505,0.181231,614.0,33.6,0
1.739428983,5897.4,2.4894,3.315613,1268.0,612.49,0
1.217266418,5811.5,3.3208,0.081026,2378.0,7548.29,0
19.563092517,12992.0,6.9547,0.118835,965.0,205.39,0
3.7228551,2969.2,12.8164,0.060156,1118.0,368.33,0
48.93786896,7240.1,6.5868,0.125795,764.0,80.37,0
5.48990788,598.9,4.02,0.225166,1039.0,275.65,0
161.5278347,4653.6,3.6734,0.061844,366.0,4.25,1
0.73093905,451.1,2.8437,0.018735,1488.0,1159.62,0
11.39102358,448.6,2.303,0.020993,618.0,34.55,1
12.33343853,536.4,6.221,0.030411,915.0,165.3,1
8.01500821,363.0,3.0137,0.018282,865.0,132.46,1
0.933749941,415.3,6.606,0.24661,919.0,168.44,0
7.053934488,511.5,1.7244,0.025075,840.0,117.33,1
4.29263699,61.4,2.7,0.007235,991.0,227.69,1
7.6746614,503.0,1.9374,0.025638,957.0,198.67,1
0.445275074,254.7,2.276,0.015329,1950.0,3419.7,0
1.213770423,1821.0,0.5532,0.048039,525.0,18.03,1
0.453287416,1461.5,0.4445,0.046729,729.0,66.14,1
10.810132734,6165.2,4.4618,0.099512,985.0,222.68,0
1.865114193,1124.8,0.4279,0.040715,455.0,10.1,1
3.273699006,6862.8,3.07626,0.08215,3060.0,20728.79,0
7.047103499,71318.0,3.3208,0.458805,955.0,196.62,0
0.530300102,3040.0,2.8502,0.315234,2410.0,7972.18,0
1.073917869,1926.6,2.4305,0.315181,1794.0,2450.63,0
4.206096814,1298.1,10.7381,0.277993,1252.0,581.11,0
19.56313723,5536.0,6.8575,0.082732,706.0,58.71,0
2.227718792,1039.0,4.9699,0.0882,1400.0,906.46,0
0.591914504,1057.7,1.0225,0.380366,1646.0,1746.78,0
36.7704935,1346.6,4.42,0.034299,437.0,8.6,1
14.58932429,831.3,2.4184,0.028129,594.0,29.53,1
0.764017553,128.2,1.103,0.010487,1589.0,1503.79,1
59.8780258,1419.1,4.8027,0.033448,273.0,1.31,1
74.92768653,4119.2,4.74,0.06521,409.0,6.62,1
150.0189511,4319.7,4.3823,0.332851,325.0,2.62,1
2.613020421,599.7,1.9588,0.02652,713.0,61.24,1
0.927859786,515.3,1.4279,0.023395,1361.0,813.3,1
205.912735,2378.8,9.992,0.044194,298.0,1.85,1
7.10695741,131.0,5.1462,0.01039,1157.0,422.8,1
2.1395563,266.1,2.0678,0.014957,1425.0,974.3,1
4.807103254,450.5,0.9393,0.025102,1088.0,330.84,1
21.4054422,409.3,11.721,0.024433,1087.0,330.0,1
10.5007712,183.4,14.522,0.011923,1378.0,852.28,1
2.633852528,259.8,2.0206,0.014432,1131.0,387.43,1
6.18670882,202.6,2.909,0.01265,851.0,123.96,1
1.796320953,210.9,1.9139,0.013229,1367.0,827.82,1
3.468073,243.9,2.361,0.014245,1098.0,343.57,1
5.9142668,253.2,2.661,0.014481,919.0,168.51,1
14.00640392,716.4,4.6919,0.025312,807.0,100.09,1
3.546531809,442.7,2.2746,0.02022,1212.0,510.26,1
5.70070626,379.8,1.6408,0.018897,1035.0,270.62,1
20.8341497,803.1,4.522,0.025636,563.0,23.82,1
7.0556584,705.6,3.0479,0.024103,808.0,100.88,1
10.47548084,1070.7,2.3024,0.031572,540.0,20.15,1
22.92886314,908.9,2.0831,0.03117,416.0,7.09,1
77.4740991,1543.6,4.168,0.039418,277.0,1.4,1
6.88595222,428.5,4.148,0.024611,946.0,189.35,1
3.125814002,238.8,1.7895,0.014604,1460.0,1073.04,0
5.660669429,737.8,4.6483,0.02533,1115.0,365.53,1
10.80487163,292.7,2.7215,0.015724,857.0,127.84,0
13.71938426,316.4,5.5677,0.016377,864.0,131.94,1
29.2214959,394.0,4.014,0.019962,539.0,20.03,1
44.8520997,780.8,3.5729,0.02861,513.0,16.35,1
20.34237838,564.6,2.3351,0.024633,667.0,46.93,1
118.3786735,1083.3,9.5574,0.029761,376.0,4.75,1
23.58444746,429.2,5.5545,0.020294,730.0,66.96,1
11.97884409,707.9,3.751,0.023868,678.0,49.87,1
3.71545593,331.7,2.558,0.01657,1001.0,237.42,1
2.58083264,270.2,2.1729,0.014804,1130.0,386.18,1
1.487084251,295.7,1.3233,0.016766,1462.0,1076.29,0
19.25404023,987.7,4.6509,0.029607,657.0,44.17,1
15.0549356,256.4,4.801,0.014645,729.0,66.72,1
2.92721119,170.2,2.545,0.011806,1258.0,593.23,1
38.2856338,322.8,6.512,0.01626,534.0,19.24,1
19.80787763,616.3,3.453,0.022635,624.0,35.89,1
2.343230566,246.5,2.0424,0.01386,1054.0,292.31,1
2.73987398,20632.0,4.15886,0.141141,2113.0,4705.3,0
5.801880653,41924.0,4.2608,0.208621,964.0,203.62,0
85.34092607,51746.0,10.6141,12.009302,409.0,6.61,0
0.782045734,16185.0,1.7945,0.41463,2070.0,4332.1,0
10.1171684,288.7,4.6677,0.015702,1163.0,433.41,1
19.12947603,451.2,3.9622,0.022649,817.0,105.25,1
83.5781976,630.8,7.2487,0.023697,655.0,43.62,1
6.1469956,249.6,3.3153,0.014447,1164.0,433.72,1
0.522457732,143.8,0.8907,0.014601,2308.0,6715.55,0
54.1558384,1109.8,4.432,0.03773,466.0,11.12,1
3.548465446,7251.5,4.56904,0.078272,1640.0,1708.28,1
11.1199028,636.3,3.3759,0.024835,649.0,42.07,1
0.567856484,334.8,1.0258,0.016679,1848.0,2760.23,1
251.0597249,7419.8,5.1095,0.372668,301.0,1.93,0
11.70219638,639.7,2.6658,0.194118,719.0,63.16,0
40.7150498,563.9,8.587,0.022834,516.0,16.76,1
10.44635944,354.2,2.749,0.022657,812.0,102.77,1
2.508553286,211.6,2.2664,0.013262,1278.0,629.8,1
13.75129636,348.5,3.853,0.01723,725.0,65.24,1
0.885747456,895.2,4.4788,0.237819,4958.0,142553.16,0
3.611541977,2972.3,8.6068,0.320559,1005.0,240.29,0
8.041347775,591.0,2.6332,0.02196,507.0,15.59,1
5.082722475,1974.1,5.9139,0.040316,1059.0,296.94,0
9.991625291,3450.5,3.8552,0.325317,907.0,160.14,0
8.57504983,160.6,8.653,0.01127,1374.0,841.68,1
7.64970832,55.4,6.625,0.00812,1144.0,404.99,1
10.30401132,316.1,4.2246,0.016083,849.0,122.98,1
2.171827838,42086.0,3.2205,0.601913,1311.0,698.31,0
3.016182013,222.5,2.8349,0.014736,1449.0,1044.49,1
6.8833761,458.4,2.2702,0.019546,857.0,127.67,1
0.833980196,261.2,1.756,0.015277,1816.0,2562.78,0
1.926353494,185.1,2.5305,0.013594,1484.0,1146.34,0
0.890737359,195.8,1.9257,0.161113,2022.0,3948.43,0
5.41908491,231.0,2.3379,0.014334,989.0,225.71,1
7.01733571,255.5,3.567,0.015214,984.0,221.46,1
6.91134223,201.7,5.6743,0.01292,1086.0,328.65,1
394.6249514,2013.3,24.108,0.041298,325.0,2.65,1
7.19304935,255.3,3.407,0.014669,995.0,232.36,1
86.64764448,7311.6,4.2326,0.07685,419.0,7.28,1
36.33750453,2828.4,7.06,0.054879,513.0,16.36,1
14.64613058,593.5,5.688,0.022987,694.0,54.95,1
148.272013,1707.4,4.192,0.04452,321.0,2.51,1
1.506507172,880.9,4.5346,0.259398,801.0,97.56,0
1.634614356,19762.0,3.4422,0.417475,1611.0,1597.73,0
16.025018977,29090.0,3.8828,12.407403,657.0,44.01,0
10.50682978,13356.0,3.7769,0.105491,668.0,47.21,1
0.711966971,6227.5,2.0221,0.367816,1855.0,2808.98,0
17.72724392,16878.0,4.1073,0.134419,741.0,71.06,0
321.2124365,2358.6,4.012,0.051603,310.0,2.17,1
7.13895376,254.2,4.568,0.213296,1622.0,1635.0,0
4.4645454,194.3,2.8823,0.014181,1601.0,1555.36,0
11.29689442,198.5,4.623,0.013526,907.0,160.18,1
19.30112039,232.3,6.0752,0.016082,669.0,47.49,0
1.20320092,2807.1,1.9197,0.334324,2124.0,4809.16,0
5.968724048,510.6,3.651,0.020737,1251.0,579.9,1
10.980246199,50078.0,3.74464,0.223972,821.0,107.47,0
2.144632238,19837.0,6.2701,0.415349,1736.0,2146.82,1
27.32204488,77474.0,5.6716,0.255925,531.0,18.81,0
1.152216965,12072.0,2.2245,0.113752,5283.0,183811.71,0
5.2972293,1210.5,3.799,0.030552,2867.0,15961.1,0
133.460999,5032.9,11.4997,0.064443,433.0,8.29,1
5.188563677,358.7,2.3683,0.017039,586.0,27.95,1
15.19423359,367.8,3.106,0.021229,893.0,150.25,1
14.17098745,3070.8,3.4804,0.049395,608.0,32.22,0
31.9734169,1414.4,13.262,0.285156,442.0,9.01,0
3.990105908,6154.9,2.4108,0.074711,1124.0,378.53,1
0.52205862,1381.3,2.0847,0.283326,2022.0,3951.57,0
10.035381809,2829.7,3.4062,0.048571,786.0,90.33,1
53.100942624,19981.0,2.2868,0.226043,464.0,10.93,0
5.80181368,269.6,4.119,0.019721,1491.0,1168.82,0
15.6402515,800.3,6.222,0.200775,640.0,39.55,0
0.691666384,35.6,1.9603,0.005641,2031.0,4014.57,0
5.62154315,172.3,2.4143,0.013022,992.0,229.04,1
1.074106954,64.5,1.9797,0.00709,1255.0,588.96,0
5.117401517,62929.0,4.3056,0.247032,1130.0,385.51,0
4.20233673,45982.0,3.6973,0.197,1246.0,570.87,0
8.50698069,295.5,2.938,0.017613,900.0,155.42,1
15.60865244,311.4,6.26,0.023255,1419.0,958.55,0
0.669310092,131.8,1.6274,0.010342,1983.0,3643.96,1
4.494498254,248.2,1.9742,0.167135,1667.0,1824.84,0
44.9306706,438.4,6.539,0.019559,565.0,24.17,1
14.13175309,1033.0,4.0136,0.033654,675.0,49.18,1
1.061934816,437.2,3.2551,0.270704,1660.0,1789.63,0
11.41926141,915.6,3.9908,0.027481,419.0,7.32,1
5.93821065,522.5,2.5128,0.664007,996.0,231.93,0
0.655001616,271.2,1.8136,0.139253,3162.0,23595.49,0
33.1996355,1112.5,5.022,0.029607,485.0,13.09,1
8.65306587,1048.1,4.486,0.261014,633.0,37.94,0
19.30581662,709.1,4.2902,0.024067,815.0,104.41,1
3.221785738,46379.0,3.3411,0.220219,1357.0,800.37,0
0.6243875,36855.0,1.92102,0.436347,1639.0,1693.36,0
18.610092584,50834.0,4.98308,0.56769,686.0,52.24,0
13.22175358,876.5,2.7884,0.027249,640.0,39.56,1
1.137525054,18006.0,2.68228,0.417737,1746.0,2197.52,0
23.799939273,60186.0,5.02319,0.495144,637.0,38.92,0
7.16893064,112.8,4.6766,0.010094,1187.0,469.56,1
1.22775877,46148.0,2.7545,0.427993,1859.0,2809.86,0
40.24649897,159410.0,6.0203,0.52822,768.0,82.27,0
2.27999662,12831.0,5.7777,0.112311,2000.0,3775.07,0
2.48658617,42122.0,2.7189,0.186457,1461.0,1077.69,0
5.729317577,865.4,1.1816,0.028094,850.0,123.03,1
11.776132317,1430.8,2.8971,0.035355,446.0,9.37,1
11.60908533,489.3,2.2603,0.019868,671.0,48.06,1
0.530967162,244.9,3.3659,0.182103,2704.0,12644.75,0
40.05881661,1239.4,5.595,0.03618,489.0,13.57,1
6.09747233,217.6,3.431,0.013336,1197.0,485.84,1
56.637918,589.7,6.172,0.022163,570.0,24.87,1
2.243016513,299.6,2.721,0.017126,1167.0,438.46,0
8.6531216,654.8,4.39,0.2427,772.0,84.05,0
8.99088621,469.7,4.2447,0.021706,960.0,200.35,1
34.064566412,28450.0,9.6114,0.159817,570.0,25.0,0
4.350087749,23593.0,2.6428,0.23804,1136.0,393.2,0
1.744101106,9681.4,1.5497,0.093903,1016.0,251.54,0
7.981187121,7609.5,1.8071,0.17359,966.0,205.88,0
4.118775582,2647.7,3.76,0.051192,1067.0,306.75,0
0.971933156,4786.0,1.9265,0.499217,1754.0,2240.48,0
121.5991278,10537.0,15.1596,4.104438,358.0,3.87,0
7.886632468,6331.2,5.2147,0.07252,996.0,232.07,1
8.027681123,8725.4,3.0942,0.087025,824.0,109.35,1
704.962626,2319.1,18.003,0.050753,178.0,0.24,1
50.28635977,1119.3,6.3212,0.030461,543.0,20.59,1
22.79020351,617.9,5.0394,0.02233,634.0,38.27,1
13.26079792,199.4,3.912,0.01276,760.0,78.79,1
1.061932545,133.6,2.1429,0.011349,2508.0,9391.15,0
127.8334997,1829.9,10.914,0.039937,554.0,22.21,1
10.21864532,445.3,3.802,0.019663,920.0,169.13,1
15.573637,468.1,5.326,0.02484,799.0,96.38,1
40.1015561,550.0,5.246,0.024714,583.0,27.31,1
4.45814897,188.1,2.867,0.013643,1212.0,511.6,1
5.663621501,1225.0,1.2968,0.031337,774.0,84.76,0
6.230335,1449.2,1.6493,0.039196,875.0,138.33,1
12.49340725,715.7,2.2614,0.025332,649.0,42.08,1
6.62643441,814.6,3.1752,0.025799,895.0,151.59,1
3.70122061,327.4,2.523,0.016399,1087.0,330.02,1
13.73474071,746.4,2.769,0.032176,634.0,38.11,1
14.55387488,319.7,6.973,0.020953,939.0,183.48,1
0.895277575,534.5,2.711,0.025524,4253.0,77480.31,0
81.0637895,476.0,3.001,0.020793,511.0,16.12,1
24.8056775,624.4,6.148,0.022674,588.0,28.22,1
13.02493307,778.4,4.5706,0.025235,786.0,90.1,1
44.3471936,791.7,6.43,0.025732,484.0,13.0,1
9.2207691,140.0,4.907,0.010738,817.0,105.63,1
13.6396648,162.7,5.425,0.011586,717.0,62.6,1
1.922799706,259.7,1.8604,0.014398,1215.0,514.44,1
3.222975318,232.7,2.9247,0.014062,1239.0,558.65,1
4.16811839,263.0,2.8084,0.015888,1277.0,628.73,1
5.82348911,888.7,2.2441,0.031846,955.0,196.33,1
9.41475056,483.4,4.736,0.171402,962.0,202.58,0
0.56669006,104.6,2.1674,0.010042,2955.0,18023.71,0
7.13969705,512.9,3.981,0.020664,965.0,205.23,1
18.75470238,995.3,3.0331,0.028262,382.0,5.03,1
3.00363219,101.2,3.732,0.009909,1571.0,1441.44,0
11.30123036,277.1,4.022,0.015086,852.0,124.42,1
0.796722833,107.1,2.4551,0.00991,2401.0,7844.64,0
4.24153629,188.1,2.971,0.012577,1177.0,452.95,1
17.32419108,241.3,8.045,0.0155,964.0,204.1,1
14.37457572,335.8,4.7892,0.016643,779.0,87.24,1
9.65188331,103.2,4.296,0.009238,890.0,148.32,1
6.0990118,227.5,3.6112,0.014675,1374.0,842.53,0
49.4781446,496.6,2.493,0.020297,462.0,10.73,1
30.8639476,256.5,8.864,0.017519,743.0,72.05,1
2.403640701,74.9,1.4012,0.009671,1489.0,1164.85,1
2.90060781,124.8,2.563,0.010521,1645.0,1727.31,0
4.51436096,230.7,3.0083,0.013852,1231.0,543.73,1
3.77359871,176.0,2.7282,0.012228,1270.0,614.52,1
8.18182189,299.6,2.4566,0.016756,981.0,218.9,1
13.32389352,781.3,3.2208,0.025595,378.0,4.83,1
4.919584997,425.7,4.1988,0.019011,1312.0,702.13,1
11.41911886,509.2,5.135,0.025962,921.0,170.33,1
11.36113254,569.5,4.1886,0.023554,869.0,134.97,1
1.3866358,70.1,4.77,0.007712,1503.0,1205.94,0
14.53410833,510.6,3.3094,0.022589,420.0,7.34,1
33.0063185,278.1,7.118,0.015448,778.0,86.38,1
11.13127159,211.2,4.2372,0.013138,952.0,194.31,1
3.47143963,99.8,3.663,0.009818,1358.0,805.05,0
29.6193891,314.7,4.9595,0.016028,580.0,26.79,1
8.925079516,977.5,2.6766,0.031128,628.0,36.89,1
8.0922105,65.3,5.7696,0.009433,1089.0,331.65,1
3.117087797,12152.0,3.06941,0.396147,1842.0,2725.12,0
22.687155,960.0,5.4921,0.028022,653.0,42.95,1
0.937406378,5079.6,1.9515,0.07702,1659.0,1790.11,0
0.668483615,2899.8,2.0909,0.333884,1832.0,2642.17,0
4.429633087,6120.1,3.0257,0.363622,950.0,192.62,0
1.544927524,138.5,1.0134,0.011226,1824.0,2606.96,0
4.48758768,112.0,2.874,0.009999,1305.0,684.07,1
0.323021692,47100.0,2.3442,0.43711,2545.0,9913.7,0
4.70818628,56545.0,3.278,0.440337,1046.0,282.41,0
14.405857436,30431.0,5.48509,0.159345,888.0,146.95,0
7.702374154,18377.0,3.8459,2.485195,825.0,109.38,0
16.56062577,700.8,2.611,0.031445,701.0,57.28,1
15.74958583,659.5,4.6672,0.024707,777.0,86.18,1
37.8145252,412.5,9.109,0.021172,626.0,36.25,1
12.64504291,200.4,9.117,0.016062,741.0,71.28,1
21.5262958,190.0,8.392,0.014029,621.0,35.03,1
33.8845825,224.1,6.538,0.017958,533.0,19.13,1
6.40087137,133.6,2.5561,0.012298,1109.0,357.44,1
30.1599411,175.9,7.874,0.013612,836.0,115.69,1
51.0771048,141.5,11.233,0.010971,702.0,57.28,1
4.2856756,31.4,4.059,0.005229,1790.0,2429.13,0
7.388833611,13064.0,5.62857,0.116455,877.0,139.94,0
2.698021895,6721.2,23.192,0.397083,1582.0,1481.76,0
117.93110803,8506.6,5.8796,0.088538,418.0,7.2,1
4.887806806,4676.0,2.4078,0.064413,918.0,167.54,0
11.973605044,3822.9,4.3117,0.371003,820.0,106.83,0
1.231364189,1097.1,5.8574,0.055411,1707.0,2005.15,0
2.102416517,1502.5,1.7684,0.27969,1435.0,1003.06,0
11.703109303,4201.0,2.0467,0.356551,811.0,102.47,0
13.73808249,660.7,3.354,0.029865,912.0,163.52,0
16.66216657,27442.0,3.8762,6.607286,834.0,114.41,0
0.752159702,3425.0,2.3621,0.340826,2224.0,5767.22,0
4.81886153,1318.6,6.223,0.041704,803.0,98.29,0
125.86540191,12390.0,9.0191,0.101632,394.0,5.71,1
34.5439452,429.8,3.482,0.021969,607.0,32.02,1
10.74241765,415.2,6.0633,0.018486,1008.0,243.94,1
4.02378908,32.1,3.237,0.005568,2504.0,9293.19,0
0.312941621,35262.0,2.0646,0.447207,3151.0,23300.36,0
2.495780169,25070.0,4.2721,0.145407,1408.0,929.47,1
8.428090255,11356.0,1.881,5.886209,817.0,105.54,0
8.344104633,9695.0,1.8014,9.139057,785.0,89.55,0
137.75960504,83298.0,9.1713,0.31234,396.0,5.81,0
2.155278342,20739.0,2.1064,0.18861,1272.0,620.67,0
3.661326482,17846.0,2.5714,0.138476,1023.0,258.6,0
4.75400072,748.7,2.5394,0.026463,775.0,85.23,1
165.739861,7343.4,24.9393,0.077087,692.0,54.1,0
9.08937826,779.8,6.255,0.038435,1104.0,351.45,0
3.234699282,10559.0,3.59385,0.092633,1356.0,797.62,1
31.99552485,1376.1,4.2817,0.036106,582.0,27.17,1
1.577800747,697.7,2.1626,0.356666,1513.0,1236.23,0
2.380862632,32634.0,4.20416,0.175634,1480.0,1133.0,0
1.752567456,607.3,5.4993,0.244198,1502.0,1202.54,0
51.92920654,3425.8,5.2637,0.053923,574.0,25.6,1
5.644914154,1397.9,2.2599,0.03411,744.0,72.38,1
3.105507835,904.6,1.7458,0.030988,980.0,217.91,1
1.336109338,2204.3,1.7419,0.333253,1727.0,2106.49,0
5.841636615,1336.3,1.8734,0.033032,446.0,9.38,1
19.85029495,1607.5,2.8407,0.036352,297.0,1.83,1
15.27443889,206.7,6.0765,0.013073,896.0,152.62,1
22.34293693,2691.1,7.0813,0.046145,399.0,6.01,0
119.40817159,18563.0,9.3537,0.170803,328.0,2.72,0
1.171536413,1132.7,1.5878,0.043929,2387.0,7673.2,0
0.973547911,435.7,2.2858,0.122228,1814.0,2556.6,0
3.053563251,508.4,3.2551,0.231182,1171.0,444.16,0
1.031096352,265.4,2.781,0.020135,2020.0,3954.46,0
11.00817635,1462.5,2.013,0.033903,488.0,13.39,1
92.7495777,1105.1,5.506,0.029388,240.0,0.78,1
52.5008645,946.7,14.9066,0.027341,812.0,102.94,1
0.63133171,434.5,1.1487,0.020758,1322.0,726.72,1
12.69905011,797.4,2.9899,0.027241,686.0,52.55,1
8.74292005,779.5,2.6277,0.024586,643.0,40.33,1
3.64830183,371.7,1.9985,0.017009,860.0,129.44,1
2.345863002,316.7,1.6795,0.015717,997.0,233.38,1
37.1011418,1357.5,5.5556,0.034349,532.0,18.95,1
10.8644095,748.7,1.853,0.027366,363.0,4.09,1
124.4197175,4107.0,3.7197,0.056842,416.0,7.07,1
1.219568047,494.9,1.5681,0.01975,1252.0,578.96,1
2.05388477,546.7,2.1635,0.021331,1523.0,1271.11,1
38.86848956,1004.9,6.0573,0.028726,509.0,15.89,1
35.7353616,778.8,8.491,0.029539,774.0,84.66,1
12.30971679,396.0,6.74,0.020619,1104.0,350.46,1
54.4205407,598.0,8.559,0.027453,574.0,25.6,1
14.32407216,2053.9,4.6577,0.342462,782.0,88.38,0
27.07237655,514.2,6.9592,0.020659,605.0,31.58,1
37.5142128,935.0,5.303,0.027815,478.0,12.38,1
55.6391882,853.0,7.316,0.029803,478.0,12.33,1
46.6856205,588.8,6.3794,0.022055,513.0,16.41,1
4.59726613,313.0,2.909,0.016167,1105.0,352.4,1
9.97716876,252.9,5.908,0.014328,1028.0,263.89,1
3.02168007,171.9,2.8264,0.012175,1332.0,744.35,1
30.882538697,24012.0,5.3737,0.14202,593.0,29.12,0
72.4914068,1063.5,3.612,0.050904,700.0,56.76,0
4.93913074,382.9,1.362,0.188082,1182.0,461.47,0
2.240486703,436.3,1.3988,0.019474,837.0,115.98,1
105.0145774,296.0,7.426,0.020157,406.0,6.44,1
4.88084456,343.0,2.5574,0.016458,879.0,141.0,1
10.56137217,238.4,3.2645,0.018973,867.0,133.56,1
67.6690554,961.1,9.556,0.028764,495.0,14.24,1
3.949627144,807.2,1.5485,0.025401,966.0,206.05,1
16.00460392,831.9,3.9475,0.026678,583.0,27.41,1
3.55650737,293.6,8.545,0.015149,1405.0,918.25,0
3.148661555,550.5,2.1978,0.022587,1097.0,342.76,1
0.70544824,462.4,2.9423,0.222063,1868.0,2899.07,0
3.295701024,1745.7,1.8268,0.037296,875.0,138.38,1
9.65349016,1308.6,2.9029,0.031946,611.0,32.98,1
5.315954488,965.9,1.1165,0.030923,746.0,73.19,1
10.04556377,671.4,3.2027,0.023478,766.0,81.61,1
1.499144441,258.9,1.4259,0.014494,1137.0,395.06,1
5.082748362,276.7,1.7732,0.014971,928.0,175.06,1
5.00673576,191.2,1.9398,0.013235,1324.0,726.94,0
9.17617167,206.9,4.2642,0.01313,960.0,200.99,1
19.7383992,168.1,4.894,0.01279,744.0,72.32,1
41.6980186,440.8,5.7047,0.019191,537.0,19.61,1
59.6585348,1043.8,5.514,0.039578,393.0,5.66,1
52.6298542,675.8,6.118,0.023543,544.0,20.65,1
10.290994129,9655.7,4.28889,0.089546,996.0,233.08,1
14.8783945,322.8,7.491,0.017825,692.0,54.19,1
59.6222627,993.4,6.888,0.03337,486.0,13.23,1
4.9883873,507.6,9.059,0.025642,1236.0,550.52,0
8.19596647,792.8,2.824,0.025049,672.0,48.2,1
15.59466045,867.7,5.0478,0.027042,718.0,62.88,1
56.35407916,1037.0,3.4449,0.033885,352.0,3.63,1
36.12895451,3758.6,2.2348,0.539433,546.0,21.05,0
32.50456309,7589.6,2.4657,0.103288,591.0,28.8,0
1.332560589,566.6,4.2427,0.021006,1086.0,330.32,0
9.08590495,2121.3,2.0718,0.066386,861.0,130.1,0
0.784512952,586.0,2.4623,0.258133,1952.0,3432.93,0
0.883778461,120.1,1.6339,0.010498,1934.0,3316.4,0
2.465024332,30.7,1.262,0.005276,1561.0,1406.11,1
15.86624787,77.3,4.25,0.009192,879.0,141.18,1
4.288515468,3456.7,2.2959,0.349955,1722.0,2081.57,0
3.797018259,14431.0,2.2608,0.108759,982.0,219.64,1
1.340596782,107.5,1.6484,0.009466,1783.0,2393.35,1
17.42393582,770.9,4.929,0.031088,722.0,64.13,1
9.8786461,1472.7,1.8915,0.034764,393.0,5.65,1
44.96407458,811.6,4.981,0.025141,379.0,4.89,1
49.7700907,3529.2,10.065,0.057313,455.0,10.16,1
12.7319385,11449.0,4.4157,0.409477,1145.0,405.75,0
0.520222869,269.5,1.2216,0.015613,2145.0,5038.49,0
5.83376197,532.9,3.9988,0.022847,1143.0,403.49,1
2.42150341,171.5,2.965,0.01238,1532.0,1305.04,1
14.16400071,728.1,4.3031,0.024336,694.0,54.95,1
6.20920207,101.9,2.637,0.009191,914.0,164.98,1
5.48711441,1328.6,2.93,0.037656,836.0,115.29,1
8.29084167,1033.9,3.613,0.037401,728.0,66.47,1
3.20539622,453.6,2.143,0.019789,1000.0,236.11,1
16.73869035,996.8,2.398,0.029747,576.0,26.06,1
5.093938816,25027.0,3.93144,0.152118,1137.0,395.38,0
13.93291548,131.6,2.6239,0.01259,852.0,124.53,1
2.36436762,28.4,3.372,0.004888,1752.0,2228.09,1
20.31047472,164.6,5.3357,0.011737,931.0,177.81,1
2.53475568,463.0,4.5716,0.022945,1218.0,519.95,1
43.3167427,987.5,4.995,0.028621,459.0,10.47,1
37.590298548,19939.0,4.3855,0.131379,573.0,25.53,0
31.0033072,645.2,5.253,0.023218,616.0,34.03,1
3.351556891,341.9,2.4005,0.016517,1074.0,314.73,0
2.617028373,499.4,2.046,0.019867,996.0,233.23,1
1.876406096,433.8,1.531,0.018916,1192.0,476.68,0
6.71425632,283.5,3.339,0.020096,1565.0,1416.6,0
150.2412582,2378.5,10.849,0.044645,327.0,2.72,1
53.44944498,3437.0,5.3091,0.053288,486.0,13.23,1
0.466743525,796.1,1.3956,0.218533,2197.0,5480.92,0
1.727177258,347.4,2.081,0.018093,1250.0,576.55,0
7.24022418,864.9,2.9153,0.027225,716.0,62.1,1
4.64622383,446.5,2.5137,0.023132,830.0,112.18,1
10.29674097,1011.8,2.7292,0.029321,1129.0,384.86,1
5.93919041,424.5,2.285,0.018858,1357.0,801.92,1
19.74733983,480.7,3.4444,0.020906,754.0,76.57,1
30.360445359,21125.0,6.0134,0.131544,459.0,10.47,1
4.4096675,132.7,2.1418,0.011829,1192.0,476.94,1
4.16787814,168.1,2.2136,0.011622,962.0,202.48,1
11.79161234,415.4,3.036,0.018403,857.0,127.75,1
20.55848388,677.3,1.449,0.361005,624.0,35.76,0
26.964501,601.7,3.792,0.022247,573.0,25.56,1
7.76845639,217.8,3.689,0.013457,841.0,118.09,1
2.178154348,428.6,3.4874,0.23097,1392.0,886.88,0
5.03257009,439.1,4.213,0.025553,1047.0,283.49,1
40.4286676,916.1,7.102,0.032104,494.0,14.08,1
21.3588236,640.1,5.823,0.023225,691.0,53.89,1
22.0459163,804.8,5.22,0.02939,640.0,39.69,1
49.6456235,857.5,23.568,0.266267,648.0,41.57,0
17.32670445,800.0,4.269,0.028301,535.0,19.38,1
44.8411168,1051.6,5.902,0.034889,390.0,5.45,1
1.008917105,338.5,1.4577,0.017433,1636.0,1698.88,0
13.75207851,1215.6,2.8831,0.036806,556.0,22.57,1
6.33855946,721.7,3.4617,0.029391,1034.0,270.47,1
4.59489816,109.7,3.1381,0.012245,1319.0,716.65,1
32.2964275,472.2,4.561,0.019489,503.0,15.14,1
2.97041801,530.7,2.2369,0.020967,991.0,228.11,1
6.814984472,23915.0,3.05409,0.1589,836.0,115.58,0
63.9354965,1250.6,13.321,0.247961,2590.0,10631.01,0
7.891448838,10345.0,4.2854,0.093464,1028.0,263.54,1
2.578852119,334.3,2.3581,0.017525,1230.0,540.56,1
9.04189129,783.4,2.789,0.035901,729.0,66.83,0
30.22910274,443.4,6.6751,0.021046,755.0,76.88,1
0.798200403,396.8,1.8261,0.213426,2128.0,4875.01,0
3.479425638,19550.0,3.4479,0.134097,1166.0,435.85,0
2.92878704,549.4,4.634,0.236028,1239.0,556.77,0
9.80321143,813.4,4.4617,0.027603,896.0,152.12,1
24.81097206,2090.8,3.2245,0.041991,631.0,37.43,1
4.8538404,196.4,3.198,0.016263,1052.0,288.7,1
11.04605365,308.3,4.799,0.016086,869.0,134.66,1
2.621706694,4572.0,1.941,0.360488,1288.0,648.75,0
3.72020708,156.9,1.892,0.011348,954.0,195.7,1
12.264867364,11311.0,4.7366,0.110513,1077.0,317.89,0
8.689301216,1117.0,2.563,0.029843,782.0,88.24,1
20.99757968,1131.8,2.454,0.030358,582.0,27.2,1
0.979442525,469.3,1.0348,0.020166,1567.0,1420.01,0
3.120828136,16456.0,2.1878,0.130153,1303.0,680.79,1
15.13590453,255.7,2.236,0.014946,933.0,179.16,1
1.399326503,206.4,1.8305,0.012581,1143.0,402.58,0
1.937029968,312.3,1.4727,0.016332,802.0,97.94,1
7.06117322,481.7,1.0406,0.022906,521.0,17.41,1
20.55331441,678.3,5.3136,0.026301,749.0,74.49,1
40.0686713,970.9,5.8875,0.028574,560.0,23.27,1
114.73658,4850.0,12.0355,0.06617,476.0,12.13,1
191.239133,1061.2,16.942,0.034854,401.0,6.14,1
24.3282251,1120.6,6.158,3.451933,520.0,17.33,0
10.41572666,825.3,2.7719,0.02789,797.0,95.64,1
14.97031664,290.5,5.884,0.015631,883.0,143.33,1
32.2753853,223.9,8.622,0.01424,683.0,51.5,1
38.3262237,392.1,3.073,0.02464,480.0,12.56,1
4.04355245,416.2,1.965,0.030112,613.0,33.34,1
5.52418625,491.0,2.826,0.02055,976.0,214.86,1
8.77514782,351.9,3.176,0.017427,837.0,115.84,1
10.12742274,933.5,1.2762,0.029978,969.0,208.77,0
0.870693883,438.5,1.2137,0.021683,1876.0,2923.54,0
27.5071114,580.7,5.907,0.026833,569.0,24.71,1
5.1443645,310.7,2.703,0.015692,923.0,171.63,1
18.45848388,535.3,3.3703,0.024147,632.0,37.81,1
25.9421582,569.7,4.045,0.022458,501.0,14.85,1
21.06075303,301.2,5.2472,0.015768,669.0,47.39,1
13.08424286,662.0,3.0401,0.025138,739.0,70.51,1
2.684328541,18136.0,2.69382,0.121923,1265.0,603.57,1
2.806243488,599.6,1.6271,0.022156,771.0,83.53,1
2.27190723,149.0,5.383,0.011986,1318.0,714.27,0
7.132351753,744.1,2.9674,0.234114,1579.0,1466.12,0
6.53194024,771.9,3.3351,0.028965,907.0,159.66,1
51.3011844,498.9,5.359,0.020447,492.0,13.86,1
1.097211085,38946.0,1.6738,0.440466,740.0,71.01,0
0.938466959,217.4,1.3015,0.013337,1876.0,2919.17,1
3.217518511,14319.0,2.11481,0.115425,1185.0,464.73,1
4.66271902,1630.6,2.757,0.037636,1039.0,274.98,1
11.8150174,1003.0,2.834,0.033946,762.0,79.66,1
7.834433676,2018.1,2.89,0.04418,689.0,53.33,1
3.005156911,691.6,2.0747,0.027938,949.0,191.27,1
33.3856176,553.2,5.0361,0.022235,580.0,26.73,1
8.48039789,259.7,6.249,0.014903,866.0,132.85,0
1.333395306,114.5,1.188,0.009657,1390.0,880.53,0
7.71467686,233.9,4.5871,0.016382,1622.0,1636.72,1
4.4444826,163.0,3.686,0.01451,1217.0,518.45,1
21.3781146,556.1,19.359,0.025739,727.0,65.94,0
29.5422566,879.9,13.902,0.035889,515.0,16.56,1
144.551628,1035.2,16.599,0.034847,303.0,1.99,1
8.04727721,486.0,5.159,0.025096,855.0,126.56,1
5.87063416,505.6,2.5736,0.021514,616.0,33.99,1
15.358767771,14638.0,4.1223,0.112441,662.0,45.46,1
29.5390897,403.3,4.139,0.018587,714.0,61.49,1
0.94773253,11306.0,1.7645,0.328908,2321.0,6862.81,0
0.784031658,352.2,0.7773,0.017196,1705.0,1995.65,0
13.07141889,251.1,3.0946,0.015742,964.0,203.87,1
0.692015479,4518.1,1.1315,0.355752,1057.0,294.34,0
17.0421346,3616.7,7.507,0.060851,594.0,29.47,0
7.94671044,6084.4,2.8419,0.357845,673.0,48.5,0
3.74781242,5367.0,5.241,0.348356,1172.0,446.47,0
3.989544192,190.0,1.591,0.012443,903.0,157.1,1
17.9776037,213.9,4.605,0.014377,752.0,75.61,1
11.8693144,101.9,4.653,0.009947,864.0,131.58,1
12.98494603,257.2,3.4497,0.01467,818.0,105.74,1
7.300735516,13052.0,5.78725,0.107197,1086.0,328.98,0
19.17893976,752.8,5.144,0.024928,640.0,39.65,1
6.99130452,555.4,2.1568,0.023477,716.0,62.05,1
3.517494725,532.8,1.5639,0.023021,704.0,58.08,1
6.93365167,119.6,4.608,0.011969,1104.0,351.27,1
61.0373591,437.5,8.378,0.019179,610.0,32.74,1
33.8677783,894.8,3.72,0.030574,394.0,5.69,1
1064.2680956,22772.0,11.5521,0.141743,281.0,1.47,0
2.113202658,2104.8,3.5234,2.216856,1281.0,635.47,0
1.157808038,866.7,3.6705,0.236655,1579.0,1472.38,0
6.14281498,122.0,4.624,0.010721,1355.0,796.26,0
5.69919592,159.4,2.3906,0.011409,964.0,204.18,1
18.11473813,241.5,5.2706,0.016794,830.0,112.43,1
6.24145791,163.7,3.0998,0.011618,1111.0,360.09,1
20.4222447,189.3,6.22,0.012581,785.0,89.74,1
8.72585478,446.7,4.473,0.023183,985.0,222.19,1
12.88291395,460.5,5.676,0.025515,865.0,132.23,1
27.4345973,472.6,5.038,0.020758,672.0,48.29,1
4.22453631,159.1,3.128,0.012939,1254.0,584.24,1
44.5520266,362.1,6.0,0.018527,572.0,25.3,1
52.069002,558.3,3.0089,0.021433,524.0,17.76,1
2.418406841,665.4,2.0744,0.023206,1226.0,535.84,1
5.0825188,105.0,3.328,0.009622,968.0,207.45,0
9.11500269,268.3,4.558,0.015881,906.0,159.34,1
8.48031942,1426.7,7.297,0.041943,918.0,168.01,0
13.7223682,571.1,5.1231,0.021681,746.0,73.16,1
3.582076914,1534.4,4.4228,0.049191,1265.0,604.27,0
15.43400996,1785.9,4.2572,0.04136,721.0,63.79,1
1.780984316,590.9,2.173,0.024527,1397.0,899.03,0
7.63846084,71.7,3.957,0.007869,1089.0,333.3,1
70.6981724,357.7,6.632,0.017221,417.0,7.11,1
3.74443645,73.3,2.9191,0.007798,1328.0,736.89,1
10.581581895,112640.0,6.66929,0.310843,1098.0,342.98,0
2.819453322,71867.0,4.4127,0.254092,1357.0,803.4,0
2.35574505,266.9,1.796,0.015115,1093.0,338.4,1
19.65639342,843.2,3.226,0.035083,549.0,21.5,1
62.81584402,1688.4,2.6901,0.353656,582.0,27.14,0
70.468171,922.4,6.653,0.027996,511.0,16.17,1
3.93246069,455.5,2.1763,0.019407,894.0,151.31,1
0.921030497,101.5,2.6077,0.009158,2362.0,7380.64,1
5.960400011,828.3,2.8617,0.029409,890.0,148.26,1
85.3514875,4674.7,6.7504,0.06161,390.0,5.44,1
69.72646639,4491.2,3.7177,0.061648,613.0,33.3,1
1.609321941,728.5,1.6067,0.023817,958.0,199.28,1
9.51220046,1169.4,2.9497,0.030147,530.0,18.66,1
4.72941177,434.3,2.234,0.018507,669.0,47.3,1
4.887803076,4315.8,2.36255,0.057823,800.0,96.67,1
4.437962934,16388.0,4.69813,0.116814,1338.0,757.65,1
20.74028645,1023.3,10.3939,0.029861,798.0,95.68,1
1.207852845,49720.0,3.5802,0.443443,1539.0,1331.31,0
2.379282197,48434.0,3.1729,0.20283,1571.0,1442.19,0
26.0692512,831.5,7.487,0.237548,591.0,28.85,0
9.69501146,515.2,2.75,0.020883,833.0,114.06,1
15.3825394,550.5,3.815,0.021393,714.0,61.61,1
1.818939148,331.2,1.644,0.017318,1549.0,1364.15,0
40.1097817,732.0,5.2096,0.024334,556.0,22.65,1
2.46106962,84.2,2.184,0.008661,1195.0,483.09,1
3.403743926,815.9,1.5017,0.115663,1101.0,346.98,0
8.03753796,286.5,2.9118,0.017584,744.0,72.44,1
2.43902575,82.5,1.1598,0.008574,2307.0,6700.04,0
56.3587987,2559.6,6.927,0.056204,419.0,7.29,1
242.467406,340.3,12.808,0.016782,286.0,1.59,1
76.13622222,2949.5,7.9393,0.049061,399.0,6.01,1
4.9883872,638.2,9.142,0.028768,990.0,227.27,0
2.586878667,25480.0,6.1614,0.154998,1666.0,1823.52,0
3.964333304,25886.0,4.7136,0.14653,1680.0,1881.78,0
1.525924389,24627.0,3.15998,0.430772,1722.0,2072.8,0
5.910371418,17219.0,3.88962,0.120663,1053.0,290.83,0
5.92365747,406.5,2.6302,0.018295,531.0,18.87,1
105.3582299,1210.2,3.81,0.034493,204.0,0.41,1
3.24325988,16451.0,3.03318,0.116687,1243.0,563.17,1
56.4758069,1091.8,5.961,0.035104,417.0,7.14,1
92.8747294,658.8,7.474,0.028851,353.0,3.68,1
1.538180949,841.0,1.2635,0.033564,602.0,30.85,1
10.4188915,670.0,3.0069,0.027287,855.0,126.48,1
20.4998763,437.8,6.501,0.023842,731.0,67.67,1
1.921437488,278.7,1.9046,0.019017,1276.0,626.79,1
96.109323,982.3,9.877,0.036533,409.0,6.59,1
20.38174802,1597.1,3.7922,0.035772,528.0,18.36,1
5.101375725,894.6,2.595,0.027246,1050.0,287.28,1
17.7940049,879.4,4.091,2.74095,762.0,79.54,0
3.47021401,1105.2,2.289,0.029549,933.0,179.02,0
2.139325409,6897.8,2.8056,0.159601,1007.0,243.34,0
572.376632,1743.4,24.42,0.040914,264.0,1.15,1
2.233799622,2658.5,3.04,0.309919,1287.0,650.73,0
31.13862664,11427.0,5.2482,0.117961,582.0,27.22,0
13.93068791,186.5,2.312,0.015266,665.0,46.19,1
20.4074846,363.4,8.839,0.027361,660.0,44.8,1
12.36564669,388.4,3.644,0.23938,804.0,98.51,0
10.35078415,273.1,6.253,0.016746,842.0,119.01,1
62.9224936,417.8,11.64,0.023333,462.0,10.73,1
38.6520796,566.5,5.607,0.021372,487.0,13.28,1
14.20442616,800.6,3.898,0.025721,602.0,31.1,1
55.673582,765.1,3.778,0.02478,384.0,5.16,1
6.82778157,545.8,2.3726,0.02144,577.0,26.31,1
0.687895191,462.5,2.4233,0.019013,1391.0,888.72,0
127.2824442,8088.6,7.1545,0.093207,392.0,5.61,1
10.06083238,460.2,4.5718,0.020765,899.0,154.16,1
30.1837021,974.9,5.879,0.028292,634.0,38.2,1
2.92928244,268.6,6.794,0.156318,2112.0,4706.45,0
52.75878505,5805.8,6.6517,0.070522,540.0,20.08,1
1.332564478,1071.5,6.0325,0.282065,1618.0,1627.5,0
41.0772969,1216.8,5.525,0.03173,523.0,17.74,0
135.9121619,10188.0,5.628,0.383715,370.0,4.41,0
42.4729078,334.0,7.253,0.016741,539.0,19.93,1
15.17026921,224.8,4.3311,0.016517,905.0,158.23,1
39.4576228,244.8,9.557,0.018714,658.0,44.26,1
17.8159689,776.8,3.6765,0.030625,699.0,56.48,1
36.5157639,861.3,3.6577,0.029932,425.0,7.71,1
14.07969236,169.5,1.375,0.012317,931.0,177.81,1
16.54081386,370.0,2.5996,0.018716,570.0,24.87,1
3.609313059,1375.1,1.7752,0.034342,1092.0,336.16,1
1.93155546,504.9,1.614,0.023982,1290.0,655.43,1
8.41100305,755.6,2.4553,0.030498,472.0,11.71,1
13.52252364,690.6,3.987,0.02369,652.0,42.82,1
134.2520474,832.1,9.0636,0.026201,393.0,5.63,1
3.268695042,10091.0,3.45188,0.091563,1597.0,1539.0,1
99.7468804,1287.0,6.804,0.037015,391.0,5.55,1
22.84156293,2940.7,2.5997,0.332581,557.0,22.78,0
11.720123999,9763.3,3.0039,0.094404,660.0,44.89,1
4.33643506,108.5,4.1445,0.010024,1453.0,1054.56,1
15.95541913,762.6,3.9851,0.024767,573.0,25.54,1
8.25980352,298.4,2.928,0.015322,714.0,61.43,1
62.5613879,1372.6,5.907,0.038618,417.0,7.13,1
8.96847034,234.3,4.4073,0.014445,1024.0,259.95,1
1.907810683,120.5,1.8707,0.010107,1268.0,609.28,1
48.118812545,69851.0,5.27958,0.474443,490.0,13.6,0
2.514628496,228.4,1.6239,0.013835,1217.0,517.89,1
8.025118521,3120.4,5.3694,0.052128,1093.0,336.73,1
5.79529495,334.3,2.272,0.01791,534.0,19.23,1
73.7578875,1836.9,2.69,0.042132,375.0,4.66,1
8.30537702,365.6,3.751,0.017763,809.0,101.43,1
13.22714056,812.0,3.2861,0.025421,638.0,39.1,1
51.8098276,1025.4,6.343,0.028842,410.0,6.71,1
4.38536428,198.5,2.5126,0.012779,935.0,180.22,1
34.205785079,183.2,5.1691,0.012235,471.0,11.67,1
13.97945055,356.1,1.2325,0.021836,635.0,38.44,1
3.554856338,232.9,2.1004,0.014177,1157.0,425.04,1
5.28790754,343.9,8.5274,0.017041,1661.0,1802.31,1
8.45746636,1320.3,2.2906,0.03274,540.0,20.08,1
17.28116957,1562.8,2.829,0.035589,425.0,7.75,1
32.1340014,1262.0,2.691,0.032079,346.0,3.39,1
59.7711433,574.5,4.843,0.025906,522.0,17.53,1
4.417692516,279.2,2.323,0.021644,790.0,92.16,1
10.08744556,568.1,2.9884,0.026351,942.0,186.14,1
16.34355902,829.4,5.474,0.02826,730.0,67.34,1
21.96401646,693.4,2.7509,0.0246,643.0,40.41,1
125.602323,925.7,7.105,0.027646,360.0,3.95,1
12.51353325,430.8,4.301,0.019678,706.0,58.69,1
17.9134215,197.8,4.364,0.014619,626.0,36.38,1
25.2149143,174.1,5.76,0.012512,559.0,23.05,1
5.42586901,259.0,2.5342,0.01453,973.0,211.66,1
19.58561177,532.9,1.755,0.028415,666.0,46.51,1
4.544436472,879.3,1.8141,0.029367,1017.0,253.48,1
12.76220558,653.8,2.0688,0.03105,721.0,63.86,1
38.7149617,694.8,3.441,0.025654,498.0,14.55,1
8.78458274,210.8,6.459,0.014093,1149.0,411.55,0
3.69298623,763.3,1.7744,0.027871,745.0,72.66,1
5.334082429,4676.5,6.2226,0.062872,1495.0,1180.64,1
6.4980147,190.9,2.4384,0.015491,1026.0,262.18,1
19.76169247,392.5,3.9097,0.021935,791.0,92.38,1
5.18498961,430.1,2.1397,0.018775,652.0,42.62,1
85.6542476,476.0,6.866,0.019774,522.0,17.51,1
19.32945602,935.5,3.794,0.027084,529.0,18.57,1
3.290114076,645.3,1.5151,0.02297,802.0,97.96,1
2.086075752,3657.8,2.2647,0.066543,1845.0,2747.42,0
3.311864148,5976.5,1.4049,0.088567,1116.0,365.94,1
2.422084188,1871.8,2.5613,0.039181,1213.0,511.66,1
78.5461106,658.7,8.689,0.023284,501.0,14.85,1
16.92342126,1125.3,4.1864,0.031414,702.0,57.37,1
5.47665801,648.0,2.5482,0.026032,741.0,71.0,1
4.580346161,308.3,2.097,0.015995,889.0,147.56,1
2.248288213,263.2,2.0361,0.014461,1127.0,380.75,1
6.76690759,249.3,1.7062,0.015191,781.0,87.79,1
34.1732156,635.0,4.7679,0.026045,465.0,11.09,1
16.7364755,1147.0,2.151,0.038278,464.0,10.99,1
137.8645881,2363.0,1.922,0.324187,170.0,0.2,0
12.43929428,254.3,3.176,0.015366,627.0,36.57,1
7.62635494,296.1,2.4168,0.0154,703.0,57.89,1
11.35010642,1221.0,2.2792,0.031169,403.0,6.25,1
109.4450597,1269.6,3.792,0.032089,340.0,3.14,1
7.56052209,659.8,3.8573,0.02342,914.0,164.9,1
12.12401737,788.4,3.3091,0.024936,675.0,48.98,1
9.38740646,384.6,1.6165,0.024006,575.0,25.83,1
7.41556471,150.4,1.973,0.011162,622.0,35.37,1
24.2101973,458.0,4.046,0.019502,451.0,9.8,1
23.8990075,293.4,15.955,0.015456,823.0,108.3,1
6.22161107,165.0,3.4117,0.013264,1101.0,348.15,1
6.17998508,750.5,2.1094,0.024584,814.0,104.06,1
1.569066598,147.2,2.7803,0.011031,1849.0,2763.39,1
9.59068586,544.6,3.452,0.021503,1087.0,329.34,1
7.03932913,836.7,3.514,0.034474,1060.0,298.33,1
49.6075771,626.7,2.9575,0.025127,402.0,6.17,1
16.84183355,822.1,2.6194,0.027911,699.0,56.43,1
7.340714946,8510.5,2.9987,0.087453,1155.0,421.03,1
12.55111099,494.1,3.1293,0.020536,480.0,12.56,1
3.003879547,8538.0,3.2848,0.085668,1438.0,1011.87,1
24.0884178,387.2,3.952,0.017719,386.0,5.26,1
12.75800092,187.9,4.1828,0.012453,822.0,107.96,1
5.47033376,112.0,3.1441,0.00962,1090.0,334.27,1
6.51112385,695.1,1.6919,0.028261,1008.0,243.67,1
23.85163321,833.7,2.4453,0.030835,654.0,43.19,1
2.714078374,143.5,1.3115,0.012781,1301.0,675.86,1
122.8799543,717.7,7.835,0.028739,326.0,2.66,1
4.88753111,679.6,2.034,0.023483,1003.0,239.11,1
6.14728341,119.7,2.7645,0.009757,770.0,83.18,1
2.800111267,706.7,1.0237,0.027766,956.0,197.81,1
34.3511339,599.4,4.4408,0.026053,576.0,26.1,1
3.413036353,3868.7,2.61366,0.055812,1200.0,490.24,1
3.00725068,285.8,4.4302,0.018345,1122.0,373.99,1
4.194496867,660.7,1.7807,0.027522,577.0,26.2,1
1.970340203,403.2,1.7901,0.021783,1599.0,1540.07,1
5.05821338,748.3,1.132,0.058714,1168.0,439.8,1
26.85323647,965.8,4.4557,0.027896,544.0,20.77,1
25.0985083,167.6,2.7727,0.013257,656.0,43.84,1
34.2685741,699.3,4.8251,0.02559,477.0,12.2,1
5.75321539,733.8,1.7948,0.03095,920.0,169.44,1
5.50860699,203.9,3.0788,0.015422,934.0,179.62,1
18.93055119,684.0,3.372,0.024576,766.0,81.42,1
42.94386258,9207.9,3.7591,0.405464,520.0,17.26,0
22.06402,388.7,4.1,0.022444,712.0,60.81,1
5.756245244,623.6,1.071,0.027905,773.0,84.16,1
148.4601819,1532.1,5.499,0.040286,285.0,1.56,1
0.934885365,270.4,1.4083,0.01638,2080.0,4435.29,1
25.7626846,619.5,6.908,0.022795,633.0,37.99,1
11.0317836,182.3,4.753,0.012457,840.0,117.67,1
4.12511935,114.7,2.877,0.00976,1016.0,252.18,1
13.12162167,196.9,3.6138,0.014262,913.0,164.48,1
49.6220669,505.5,7.222,0.025794,546.0,20.99,1
8.08801663,952.9,1.8334,0.030765,792.0,92.93,1
11.55103848,402.8,3.3601,0.018791,845.0,120.76,1
4.469754641,553.9,1.813,0.022136,1103.0,350.69,1
15.77382794,313.6,4.957,0.016277,955.0,196.14,1
6.56226483,260.8,4.0144,0.01552,1290.0,654.67,1
20.67876365,323.9,4.6395,0.017394,749.0,74.36,1
50.79034648,5671.1,10.8474,0.069067,612.0,33.12,1
9.59993246,271.2,4.3206,0.014963,967.0,206.91,1
2.0248205,63.3,2.55,0.007277,1625.0,1652.5,1
201.118319,584.8,10.328,0.021853,300.0,1.92,1
24.7577652,458.7,6.998,0.023093,644.0,40.74,1
12.7983174,336.6,6.401,0.01815,908.0,160.33,1
10.13200555,911.6,3.1683,0.02728,574.0,25.66,1
38.505224,695.2,5.941,0.025468,532.0,18.98,1
4.6126736,133.2,3.0643,0.011477,1294.0,663.8,1
8.67890312,540.6,3.5317,0.021018,905.0,158.43,1
39.3135699,500.1,5.0137,0.020516,540.0,20.04,1
5.94565516,401.2,2.1604,0.018129,568.0,24.71,1
1.52373073,364.7,1.4796,0.022705,818.0,105.95,1
4.225384543,7563.0,2.82038,0.078185,1111.0,360.46,1
60.0853848,432.2,7.007,0.020987,485.0,13.07,1
43.0343364,541.6,6.571,0.025125,484.0,13.01,1
88.6440015,625.5,7.82,0.024607,391.0,5.51,1
35.01190875,436.7,2.868,0.023595,603.0,31.35,1
16.57099265,644.9,2.9052,0.023913,614.0,33.53,1
16.00496657,377.5,6.5047,0.017862,1040.0,276.53,1
1.954525966,392.8,2.0944,0.019224,1540.0,1331.18,1
7.23400381,453.3,2.165,0.019155,831.0,112.48,1
6.77408984,520.3,2.6215,0.020933,1058.0,295.82,1
20.172024672,5368.1,3.1488,0.066137,564.0,24.0,1
26.41044199,991.1,3.0715,0.03051,512.0,16.27,1
8.27745764,197.2,2.713,0.012663,1088.0,331.35,1
14.37504582,251.1,3.208,0.017825,786.0,90.16,1
147.97391,1267.1,6.854,0.032114,329.0,2.78,1
13.24503482,156.1,4.4078,0.011651,887.0,146.31,1
77.2550726,589.5,10.214,0.024976,548.0,21.37,1
3.85690686,127.8,2.0808,0.010442,972.0,210.44,1
116.3311739,1586.3,7.025,0.035703,323.0,2.59,1
6.31943553,581.1,3.3422,0.024241,986.0,223.15,1
12.20951755,538.1,4.1808,0.023354,791.0,92.68,1
3.07644709,216.7,2.6326,0.01442,1253.0,583.25,1
2.11913005,28.7,4.141,0.005188,2090.0,4512.1,0
68.958447,123.3,3.128,0.011473,402.0,6.17,1
18.79591276,2431.4,7.5235,0.048106,852.0,124.64,1
63.0380366,658.7,7.3702,0.023298,465.0,11.1,1
9.69315023,141.8,5.6725,0.01176,1017.0,253.08,1
8.48031229,351.1,7.105,0.021887,952.0,193.86,0
56.1886436,346.2,6.5272,0.019925,503.0,15.13,1
6.92101452,529.7,4.3591,0.023135,619.0,34.85,1
3.27344784,262.5,1.7292,0.014934,625.0,36.05,1
15.3789014,185.1,4.662,0.01252,1039.0,275.53,1
134.4785189,4033.5,5.9288,0.072121,412.0,6.81,1
24.68662378,8052.3,15.168,0.085729,1149.0,412.55,0
98.7179332,7320.0,6.593,0.081484,360.0,3.97,1
71.52543938,5904.3,5.9189,0.06781,340.0,3.15,1
1.72086129,10184.0,2.0243,0.099872,1647.0,1743.61,1
56.4349933,580.0,4.7381,0.021706,465.0,11.04,1
33.7888028,649.2,5.496,0.023375,611.0,33.01,1
3.215109385,158.0,4.365,0.015061,1155.0,421.21,1
3.29276797,80.7,4.8069,0.008673,1458.0,1068.95,1
13.72710334,199.2,7.3419,0.012888,1005.0,241.58,1
24.3110031,184.4,8.7682,0.012424,831.0,112.64,1
44.4304059,238.5,10.306,0.014103,680.0,50.42,1
9.34145925,81.7,6.18,0.008438,1143.0,403.44,1
4.97760447,287.3,2.5719,0.015682,1023.0,258.91,1
21.1285655,176.7,3.852,0.012237,935.0,180.55,1
24.4851178,263.8,4.642,0.021816,1179.0,456.64,0
7.51854537,286.7,2.845,0.015061,784.0,89.41,1
25.96190067,350.3,6.2732,0.017211,850.0,123.11,1
130.3543929,5128.7,6.474,0.06946,369.0,4.36,1
1.855557556,10570.0,2.35672,0.097147,1436.0,1004.89,1
3.364425589,4843.0,1.3261,0.671549,1106.0,352.97,0
16.78175788,908.0,3.7386,0.027823,545.0,20.82,1
105.3035093,1362.2,6.214,0.033268,351.0,3.58,1
2.549562652,495.1,1.6999,0.020119,682.0,50.9,1
13.96950181,1110.0,1.5871,0.036995,387.0,5.29,1
5.21230171,430.0,2.098,0.018794,537.0,19.7,1
17.76076524,1287.2,1.6679,0.034334,368.0,4.34,1
10.55840479,194.2,3.366,0.012634,796.0,94.94,1
6.98800953,193.2,3.103,0.012445,914.0,164.86,1
22.8245144,322.7,6.617,0.016692,946.0,189.46,1
49.1011093,845.6,6.341,0.027082,498.0,14.57,1
7.05675145,130.0,2.0261,0.010978,1196.0,483.95,1
34.8536903,767.7,5.333,0.025958,522.0,17.62,1
2.41434868,191.0,1.2701,0.012299,953.0,195.08,1
2.466070972,704.5,1.9559,0.251698,1260.0,595.8,0
4.30656389,257.0,4.1107,0.017299,1177.0,453.2,1
12.964717746,3732.9,1.8303,0.353935,834.0,114.24,0
1.731079436,11974.0,1.8419,0.537502,1541.0,1332.5,0
7.794302043,3387.4,1.1081,0.153996,882.0,142.82,1
14.5324483,1355.9,3.13,0.033083,664.0,46.06,1
5.248667607,601.2,1.917,0.02569,1056.0,293.42,1
7.96431492,746.0,1.5342,0.024538,805.0,99.42,1
92.7297248,1257.5,6.83,0.038187,276.0,1.38,1
1.485710994,20824.0,2.2874,0.130256,1562.0,1404.81,1
71.3116598,2138.0,8.813,0.042352,475.0,12.01,1
15.44428875,3596.2,2.0791,0.347304,731.0,67.39,0
1.411230023,388.2,1.4325,0.021233,1164.0,436.04,1
96.9151707,862.8,6.065,0.027419,325.0,2.64,1
13.47472742,729.6,2.5995,0.02444,634.0,38.21,1
2.29503515,172.1,1.654,0.011933,1304.0,681.51,1
27.495634,483.3,4.858,0.021247,590.0,28.66,1
14.08826442,889.4,4.1847,0.027205,724.0,64.97,1
3.905081685,21340.0,2.8213,0.13191,1046.0,282.59,1
110.9643706,1283.2,12.831,0.035366,239.0,0.77,1
6.94135824,825.0,1.8899,0.030784,876.0,139.05,1
17.276296682,10458.0,3.94738,0.090661,538.0,19.88,1
31.7821117,570.2,3.856,0.021609,528.0,18.32,1
4.36273233,341.6,2.2375,0.01828,1023.0,258.7,1
18.6848377,1251.5,3.7965,0.032436,402.0,6.16,1
7.41634701,505.5,2.1362,0.020845,547.0,21.1,1
9.91724268,457.9,3.2241,0.021657,903.0,157.41,1
82.5341188,1895.4,4.8556,0.038637,260.0,1.08,1
20.16037858,343.6,4.13,0.022072,510.0,16.03,1
10.99470891,884.7,1.5929,0.026796,512.0,16.24,1
1.194812329,189.5,1.3777,0.012883,1806.0,2521.46,0
10.84969477,1122.1,3.474,0.031398,676.0,49.3,1
12.18420006,499.3,2.5014,0.022196,819.0,106.52,1
3.76417012,558.4,2.0111,0.021335,908.0,160.99,1
5.92972237,412.1,2.518,0.018387,972.0,210.95,1
12.2476121,402.7,3.209,0.018189,763.0,80.29,1
13.59051547,621.9,3.784,0.022536,724.0,64.8,1
46.8776724,539.8,10.041,0.024183,484.0,13.01,1
89.1935737,868.3,4.0104,0.02697,483.0,12.83,1
13.09390911,398.7,2.2805,0.021118,752.0,75.58,1
4.915385452,225.5,2.7757,0.014007,1042.0,279.43,1
87.455958,1604.9,18.257,0.304131,728.0,66.26,0
0.805259257,1384.3,1.42246,0.287836,2723.0,12990.09,0
9.76785911,585.4,2.1649,0.027327,749.0,74.48,1
40.80957343,436.1,3.158,0.024227,623.0,35.68,1
22.08551599,3157.4,2.1727,0.054067,352.0,3.63,1
1.151166776,578.4,1.0907,0.021882,957.0,199.25,1
4.693305543,14523.0,5.17249,0.111211,1389.0,881.73,0
3.246732048,6998.2,3.0535,0.077925,1459.0,1072.7,1
8.3606759,194.8,6.287,0.012745,929.0,176.04,0
62.1385979,886.3,4.2938,0.029043,524.0,17.88,1
26.635216,1492.8,5.949,0.287022,536.0,19.45,0
17.84850835,391.2,5.8919,0.020563,888.0,146.82,1
26.1363443,362.2,6.613,0.01751,782.0,88.29,1
11.1895709,143.3,5.3,0.011323,1037.0,273.37,1
2.757977384,211.0,2.1489,0.015478,1332.0,744.97,1
18.692860599,51256.0,3.88584,0.205493,528.0,18.4,0
14.80075082,501.4,5.762,0.020773,1912.0,3158.09,1
3.126861192,794.6,1.1926,0.026786,1391.0,886.72,1
87.24250316,17860.0,4.1206,0.152059,390.0,5.49,0
16.87725775,818.4,3.7917,0.026718,642.0,40.09,1
12.05705659,523.9,2.3462,0.021488,689.0,53.26,1
28.26727385,1160.2,4.5839,0.030268,517.0,16.84,1
3.770590654,314.4,2.029,0.016172,1272.0,619.65,1
2.7073064,69.5,3.4378,0.007624,1709.0,2012.12,1
66.4159789,2053.2,7.061,0.041515,376.0,4.71,1
8.0103929,294.1,4.2713,0.015473,940.0,184.38,1
27.6666375,324.0,6.315,0.016826,622.0,35.27,1
5.19559398,116.0,3.748,0.009719,1085.0,327.78,1
57.2488518,1455.6,6.083,0.034581,431.0,8.17,1
37.0551726,1028.8,5.439,0.034562,498.0,14.59,1
16.33269981,300.4,2.174,0.019073,591.0,28.76,1
10.05550267,147.7,2.951,0.010883,694.0,54.96,1
9.30413878,637.3,1.9254,0.023226,583.0,27.35,1
4.33722007,358.5,2.4973,0.017003,996.0,231.86,1
1.653889476,124.4,1.7242,0.010095,1373.0,838.03,1
150.8783198,659.9,8.6797,0.02302,423.0,7.56,1
3.553831111,191.8,3.1029,0.013709,1292.0,658.37,1
1.6783263,146.3,2.5123,0.01326,1659.0,1797.15,1
5.65378163,366.8,1.9483,0.017893,1020.0,256.14,1
5.99185827,186.3,1.7215,0.014875,1355.0,796.76,1
120.0183551,886.0,11.637,0.028322,473.0,11.84,1
14.30517579,863.4,4.535,0.033025,693.0,54.59,1
9.18189122,363.6,4.343,0.023538,804.0,98.61,1
2.935362067,1052.6,1.5043,0.035096,1022.0,258.48,1
13.53953595,134.2,4.389,0.010628,1079.0,320.19,1
22.7082375,298.8,3.503,0.015865,677.0,49.67,1
7.97033985,490.8,2.6675,0.020226,839.0,116.77,1
5.33459393,226.3,2.642,0.01362,627.0,36.55,0
8.49640437,834.0,2.2128,0.027616,702.0,57.43,1
66.1843646,560.5,5.155,0.025433,436.0,8.57,1
2.032318856,287.5,1.1596,0.015039,1011.0,247.21,1
3.62275506,180.6,2.7868,0.012192,1304.0,683.84,1
2.892216772,360.5,1.3596,0.019577,794.0,93.66,1
187.746606,1583.0,5.885,0.035869,267.0,1.2,1
2.543063763,152.0,2.8473,0.011173,1319.0,716.3,1
3.177414601,1134.3,1.5262,0.034227,997.0,233.26,1
2.168451063,466.9,1.458,0.019923,1558.0,1389.18,1
37.8154157,286.4,4.662,0.015706,401.0,6.09,1
53.5783052,224.9,5.194,0.015126,357.0,3.82,1
33.1362861,825.2,4.163,0.029482,357.0,3.86,1
7.72513619,382.2,2.042,0.024589,581.0,26.91,1
10.71253475,1198.6,2.7186,0.034061,485.0,13.09,1
32.5635249,578.3,5.418,0.021865,490.0,13.63,1
12.19140405,665.8,1.8832,0.023339,763.0,80.01,1
6.11784972,60.5,3.458,0.007241,1211.0,509.24,1
3.97599629,206.0,2.2029,0.013018,936.0,181.47,1
7.68478504,274.1,2.447,0.014831,830.0,112.06,1
0.990516282,101.6,2.019,0.013418,2841.0,15469.83,0
15.0447098,97.9,5.823,0.009046,931.0,177.24,1
1.118547814,234.8,1.5534,0.013601,1174.0,447.97,1
6.42199919,161.6,2.6192,0.011701,1000.0,236.21,1
9.75374033,430.8,2.348,0.019066,813.0,103.3,1
81.3153052,715.5,5.807,0.023917,393.0,5.64,1
51.3283527,692.3,9.357,0.025029,546.0,21.06,1
19.7919389,383.7,3.787,0.022714,736.0,69.48,1
26.8475962,254.1,10.068,0.01474,800.0,96.89,1
62.8917493,791.0,6.831,0.02681,384.0,5.13,1
14.87149773,944.9,2.4076,0.027799,391.0,5.51,1
2.732767897,613.1,1.1102,0.024752,687.0,52.68,1
119.8401019,5448.7,3.6796,0.365731,255.0,1.0,0
9.61375316,797.9,4.654,0.026947,931.0,177.26,1
29.9685917,309.5,6.678,0.016258,644.0,40.76,1
33.2407985,341.9,4.675,0.01668,486.0,13.17,1
2.97600846,103.2,4.274,0.009965,1892.0,3034.68,0
15.18727049,292.5,4.509,0.017654,789.0,91.56,1
28.6853212,689.1,6.307,0.029427,547.0,21.09,1
0.588001053,297.4,1.1451,0.015848,1188.0,473.45,1
85.7357202,747.7,7.625,0.025021,448.0,9.54,1
1.078389713,300.5,1.3394,0.018374,1667.0,1817.38,1
5.03728033,76.3,2.0619,0.010281,1321.0,720.22,1
3.289726319,234.9,2.3274,0.013779,1116.0,367.18,1
7.18644594,402.0,1.4972,0.02206,860.0,129.48,1
15.94248453,1093.7,3.4894,0.029718,616.0,34.06,1
41.0081117,1004.5,4.376,0.034114,425.0,7.72,1
11.55562042,441.5,1.6758,0.022688,703.0,57.75,1
12.2885046,342.1,2.807,0.017657,913.0,164.61,1
17.13263125,850.2,3.0555,0.026597,611.0,32.91,1
19.0231361,401.6,3.431,0.019553,647.0,41.5,1
4.57948235,207.1,3.106,0.012971,1040.0,276.82,1
1.003931703,491.1,1.4361,0.019769,1419.0,962.58,1
0.614083885,389.5,0.9817,0.01832,2603.0,10827.22,0
55.8224775,879.6,5.457,0.026492,379.0,4.85,1
6.11010439,59.7,2.314,0.007118,1125.0,378.84,1
4.286866229,1321.9,4.4726,0.036172,1217.0,517.66,1
10.27380957,352.8,3.252,0.017115,799.0,96.27,1
13.39155154,48.9,3.391,0.006628,1180.0,459.23,1
5.62904396,39.5,3.7295,0.005805,1576.0,1459.41,1
8.2562857,37.3,2.0378,0.006235,1387.0,874.56,1
12.33087921,872.2,3.0664,0.026543,671.0,47.99,1
4.421566535,684.0,2.1229,0.028726,729.0,66.94,1
15.72585941,1313.1,3.8284,0.032661,602.0,31.13,1
1.252753881,200.0,2.1472,0.013107,2199.0,5545.35,1
13.36019864,699.9,2.788,0.024481,520.0,17.3,1
76.957056,367.1,9.551,0.018409,451.0,9.81,1
8.84784273,460.2,2.0572,0.019043,479.0,12.48,1
9.98970266,988.4,3.7,0.028075,705.0,58.26,1
5.63252508,634.4,2.1448,0.023204,844.0,119.75,1
1.442592305,166.0,2.9698,0.011979,2700.0,12557.23,1
14.17222858,246.8,2.6297,0.01667,873.0,137.33,1
4.92031063,81.0,4.046,0.00824,1242.0,562.99,1
56.4931698,411.9,8.704,0.019847,681.0,50.79,1
13.82142084,765.2,3.985,0.030937,560.0,23.15,1
2.30367952,136.4,3.0898,0.01379,1384.0,866.21,0
5.78387049,413.3,1.3966,0.018724,1051.0,288.69,1
11.08507658,771.8,1.751,0.028916,665.0,46.17,1
0.571038347,242.1,1.1267,0.017056,1897.0,3069.59,1
8.77425786,239.6,2.2245,0.017677,771.0,83.63,1
4.51005082,294.8,2.1533,0.01542,1063.0,301.74,1
37.6468519,427.4,6.344,0.018542,787.0,90.85,1
29.4557841,533.8,3.451,0.021147,598.0,30.3,1
12.466004437,2232.1,5.0066,0.043414,897.0,152.76,1
2.361724472,587.0,1.2167,0.021561,922.0,170.59,1
34.7630543,293.7,4.309,0.016908,554.0,22.23,1
20.0545282,305.4,7.173,0.019945,755.0,76.97,1
3.17059731,325.4,1.6686,0.018398,1080.0,321.28,1
27.0142622,287.6,5.385,0.015459,677.0,49.65,1
12.50945798,155.3,3.479,0.011945,875.0,138.54,1
26.0203329,1164.4,4.965,0.033353,675.0,49.09,1
0.769854899,109.6,1.0243,0.010351,1650.0,1756.8,1
6.89226333,214.4,2.4921,0.01332,1156.0,422.14,1
8.07127043,318.2,2.393,0.016427,856.0,126.94,1
11.01819178,545.7,4.635,0.024936,840.0,117.97,1
30.9505927,301.4,5.394,0.021282,428.0,7.91,1
3.979867514,907.6,2.3607,0.249402,1173.0,446.89,0
23.3593589,570.1,5.389,0.027068,684.0,51.68,1
9.69310837,1130.7,2.734,0.031409,609.0,32.4,1
24.2598301,1540.3,3.897,0.289221,547.0,21.13,0
116.5214317,771.5,5.577,0.288236,457.0,10.33,0
0.813166357,173.5,1.4122,0.011791,1693.0,1945.44,1
10.86062378,189.6,2.2874,0.012793,1108.0,356.24,1
24.08632177,1041.7,2.236,0.033194,500.0,14.78,1
17.40208965,616.5,3.745,0.243775,422.0,7.49,0
37.9456138,1032.9,4.093,0.029502,515.0,16.61,1
1.141877248,309490.0,4.33931,0.593216,2184.0,5358.79,0
5.77675928,3522.5,6.789,0.34292,954.0,195.79,0
24.1738244,532.6,3.056,0.020897,595.0,29.69,1
5.186737262,712.7,0.8023,0.028314,860.0,129.37,1
1.217000383,459.8,1.3285,0.019082,1314.0,707.61,1
13.6823798,179.6,4.153,0.012774,802.0,97.74,1
8.79618433,286.3,3.3781,0.015488,938.0,183.26,1
16.85592593,871.5,2.309,0.026549,408.0,6.52,1
14.36270451,349.4,4.564,0.017363,918.0,167.88,1
69.8956789,548.4,5.276,0.025186,442.0,8.99,1
6.24667547,396.8,11.261,0.021978,1902.0,3095.83,1
2.344512589,58.9,1.4116,0.00784,1471.0,1106.25,1
5.766165573,364.8,3.8314,0.017485,1159.0,426.48,1
18.3027235,186.7,8.262,0.013531,902.0,156.71,1
2.888904439,402.2,1.6043,0.020322,976.0,215.06,1
17.14648756,440.3,4.2354,0.02359,811.0,102.24,1
16.09227518,128.5,2.1072,0.013459,503.0,15.15,1
62.7843981,325.0,4.81,0.016583,530.0,18.7,1
91.500873,704.8,4.842,0.023662,310.0,2.18,1
44.2993483,797.9,4.298,0.026848,463.0,10.85,1
3.13877646,174.1,1.6663,0.012262,1022.0,257.32,1
35.9682692,269.7,2.839,0.017647,674.0,48.68,1
25.3690868,110.1,4.746,0.0109,755.0,76.9,1
6.89213244,82.0,1.725,0.008563,1177.0,454.45,1
42.3006282,507.9,4.372,0.020615,558.0,22.94,1
0.838597429,2482.1,1.68668,0.330932,2278.0,6353.25,0
55.1866213,375.5,9.133,0.017841,568.0,24.56,1
1.728528176,197.6,3.682,0.014151,2720.0,12977.86,0
14.97436238,265.4,2.4461,0.014655,631.0,37.53,1
3.97076603,349.2,1.814,0.018881,958.0,198.43,1
2.352273912,318.6,1.7389,0.015785,1019.0,255.03,1
22.0425953,348.0,61.2018,0.209167,760.0,78.85,0
23.34036251,615.1,2.054,0.022658,601.0,30.94,1
15.03366411,374.9,3.272,0.017431,669.0,47.32,1
106.247882,397.4,13.78,0.01889,377.0,4.75,1
8.508333104,646.5,3.4559,0.023076,909.0,161.66,1
12.94123564,328.8,4.636,0.016629,795.0,94.29,1
5.349791,88.8,4.279,0.00997,1156.0,422.79,1
5.26211833,194.5,3.244,0.013665,1166.0,436.61,1
12.1628195,306.3,2.3161,0.02198,882.0,142.77,1
23.5541012,95.2,7.3,0.009353,1381.0,859.63,1
41.6977582,684.8,5.513,0.02375,488.0,13.45,1
4.79029482,142.0,2.7219,0.011014,938.0,183.02,1
38.6715843,599.3,5.532,0.024605,502.0,15.03,1
8.32651854,267.9,5.483,0.016452,938.0,182.69,1
5.53533152,260.6,2.793,0.014566,1054.0,292.33,1
16.7261969,194.9,2.708,0.01301,729.0,66.83,1
21.58752788,336.8,4.4968,0.016798,747.0,73.42,1
3.757294695,273.3,0.9269,0.015786,877.0,139.89,1
3.2828024,142.5,3.2532,0.010816,1467.0,1093.39,1
4.64495172,147.4,3.366,0.011202,1209.0,504.23,1
16.48686712,987.9,1.431,0.23474,760.0,78.99,1
2.685054445,252.7,1.0473,0.016076,1137.0,395.08,1
16.8600805,273.4,5.557,0.016086,765.0,80.9,1
1.54320541,91.2,2.5779,0.008754,1827.0,2636.85,1
49.5004725,965.2,5.772,0.027578,402.0,6.2,1
6.47539108,530.6,2.7048,0.02122,793.0,93.41,1
16.85825609,759.6,2.0728,0.027757,576.0,26.05,1
3.132604547,9969.2,3.6337,0.377855,1444.0,1028.81,0
2.949029106,358.3,2.0311,0.016815,1027.0,263.92,1
37.8658964,395.2,4.782,0.018061,543.0,20.61,1
8.30865307,836.1,3.2747,0.026057,747.0,73.53,1
11.93205399,178.5,6.205,0.01206,905.0,158.22,1
7.54235832,132.5,4.73,0.0105,1054.0,292.19,1
5.02818253,181.3,3.526,0.012294,1272.0,620.0,1
1.897828815,132.4,2.7114,0.010464,1761.0,2278.95,1
10.62788695,326.7,4.576,0.016923,872.0,136.34,1
1.104462494,469.1,1.0458,0.019518,1397.0,898.79,1
4.89336495,138.3,3.485,0.010904,1374.0,842.45,1
11.17392077,324.8,3.307,0.016441,796.0,94.84,1
31.0325991,737.4,3.476,0.02592,561.0,23.41,1
0.512407185,329.2,1.0579,0.016697,1255.0,583.45,0
4.150297119,593.4,1.2058,0.032359,981.0,218.44,0
5.89661966,144.0,3.154,0.01076,1000.0,237.1,1
33.4178173,1166.8,4.645,0.038586,448.0,9.56,1
2.053341891,65.5,2.596,0.009704,1737.0,2154.14,1
56.7769831,884.3,6.864,0.029059,491.0,13.74,1
18.78429232,1009.5,3.1136,0.030522,433.0,8.3,1
3.61460279,64.8,3.227,0.007519,1347.0,776.7,1
13.15140223,97.8,5.439,0.010455,1008.0,243.84,1
18.5084526,758.9,6.596,0.286358,683.0,51.32,1
7.47763833,110.0,2.5693,0.009635,1346.0,776.56,0
42.1918331,488.7,7.083,0.019889,526.0,18.08,1
3.73090026,191.2,2.9095,0.014249,1128.0,383.51,1
2.787874175,197.4,2.0348,0.012361,1432.0,993.06,1
37.9962369,403.7,6.7751,0.018389,618.0,34.55,1
17.23232894,509.8,4.5568,0.020998,817.0,105.47,1
28.5057217,755.8,6.324,0.026795,555.0,22.43,1
53.5991459,523.1,6.811,0.022119,529.0,18.54,1
16.4581861,435.8,1.9637,0.018826,644.0,40.61,1
0.693842661,49.3,1.6197,0.00636,2161.0,5182.78,1
83.4887405,955.4,6.21,0.028709,411.0,6.76,1
34.0607677,818.9,2.471,0.028882,554.0,22.32,1
31.5888979,360.6,3.438,0.01735,682.0,51.02,1
59.9809868,282.4,7.588,0.018577,568.0,24.58,1
25.7457957,140.3,7.073,0.011447,753.0,75.97,1
11.92979348,709.3,6.152,0.0242,770.0,83.04,1
4.3394569,337.4,2.3652,0.019041,1061.0,300.07,1
2.852348262,1402.9,0.7051,0.035061,621.0,34.95,1
65.6480892,588.7,5.746,0.028896,485.0,13.04,1
102.653705,687.3,53.5887,0.211178,562.0,23.66,0
14.83340944,783.0,3.927,0.025764,694.0,54.74,1
0.987338654,26.5,2.591,0.004734,2669.0,11973.87,0
101.1323475,1502.9,4.366,0.034853,380.0,4.91,1
1.811460943,428.5,5.065,0.025677,1508.0,1224.37,0
16.07673148,488.0,2.205,0.020172,724.0,64.75,1
18.87058705,588.0,3.4701,0.025771,701.0,56.97,1
22.1334224,654.6,2.049,0.022996,507.0,15.65,1
17.1369408,362.1,6.416,0.017456,775.0,85.15,1
26.6951944,132.6,4.576,0.010567,706.0,58.81,1
7.72085047,267.0,1.8264,0.019674,1021.0,257.14,1
6.312508525,1286.0,2.7455,0.032005,575.0,25.94,1
4.19577385,874.2,2.1557,0.027507,1047.0,283.78,1
7.1329472,145.0,4.368,0.011502,1102.0,349.21,1
8.91901228,180.6,4.141,0.012857,1023.0,258.92,1
4.5620407,81.6,2.8521,0.010314,1533.0,1306.97,1
2.392630668,101.5,1.3705,0.011196,1418.0,955.41,0
17.6700291,348.4,6.693,0.021247,778.0,86.37,1
108.593113,338.2,7.989,0.016727,374.0,4.64,1
19.9865916,648.0,4.391,0.031224,720.0,63.67,1
12.12580644,327.5,3.289,0.018511,851.0,123.78,1
76.421501,578.4,7.218,0.021656,455.0,10.11,1
56.2590881,348.8,8.114,0.017091,543.0,20.49,1
1.646801683,284.2,1.1966,0.01543,806.0,99.8,1
3.78861833,143.4,2.808,0.010833,1158.0,424.17,1
10.45839865,306.8,3.154,0.015375,609.0,32.45,1
21.1033014,192.5,2.059,0.012695,718.0,62.99,1
95.6114617,487.4,7.489,0.020097,421.0,7.45,1
11.8984948,130.9,3.015,0.011851,929.0,176.27,1
23.1274171,157.3,4.901,0.012395,667.0,46.89,1
5.132486123,908.4,1.4575,0.026773,584.0,27.41,1
8.77997349,755.7,3.2201,0.025421,713.0,61.24,1
57.6896212,1626.6,5.118,0.044886,512.0,16.19,1
10.66489514,292.6,3.159,0.015773,865.0,132.15,1
5.1233204,286.2,2.7466,0.015347,994.0,231.12,1
3.573202801,2975.0,2.88,0.049237,1210.0,507.91,1
61.6174528,1350.7,3.816,0.033006,424.0,7.67,1
24.3398202,777.3,3.891,0.031817,737.0,69.79,1
7.16520428,433.8,1.705,0.019138,1034.0,270.34,1
1.755843555,386.0,1.9425,0.021444,1343.0,771.02,1
5.18560081,252.6,4.054,0.014547,1314.0,705.79,1
33.4698571,370.7,4.749,0.020478,609.0,32.52,1
11.89520436,184.3,3.433,0.012286,787.0,90.77,1
1.025857984,270.7,0.8069,0.016977,1520.0,1264.7,1
5.60013327,329.2,2.6508,0.01622,952.0,194.26,1
25.2034128,697.1,4.515,0.024063,600.0,30.62,1
1.615357809,499.6,1.1435,0.025766,806.0,99.32,1
5.640676975,1453.3,2.8354,0.034594,1125.0,379.36,1
25.5638626,1124.9,4.685,0.034909,671.0,47.94,1
12.7945474,816.7,3.4197,0.025596,455.0,10.1,1
42.4269647,632.4,5.907,0.031124,496.0,14.33,1
1.434745129,200.7,1.862,0.012886,1664.0,1813.0,1
3.28192056,191.0,2.917,0.012619,1326.0,728.9,1
12.51610549,263.0,4.853,0.014724,848.0,122.54,1
5.45298742,86.0,2.1328,0.010028,904.0,158.12,1
3.26662733,59.9,2.056,0.007398,1072.0,312.85,1
4.45743267,175.7,2.3226,0.011751,732.0,67.7,1
2.81814715,278.6,1.763,0.015134,1059.0,298.2,1
1.824649,3218.5,4.2285,0.061323,1508.0,1222.28,0
2.832647249,114.7,2.306,0.009889,1453.0,1054.98,1
3.70063251,68.6,5.408,0.008108,1329.0,737.02,1
3.93083997,101.4,2.932,0.009264,1317.0,711.45,1
7.63008196,124.0,2.78,0.010695,1056.0,293.67,1
16.22378479,262.3,2.5462,0.014927,676.0,49.35,1
9.76293284,553.2,3.064,0.021757,703.0,57.59,1
58.601926,396.4,5.522,0.018557,508.0,15.8,1
25.0823402,244.6,6.423,0.01637,776.0,85.76,1
78.0998908,656.9,8.422,0.024047,480.0,12.52,1
4.27103727,180.4,2.2759,0.012297,1108.0,356.54,1
4.27226421,48.9,2.113,0.006951,981.0,218.63,1
3.53232429,224.2,2.765,0.013699,1159.0,427.65,1
15.03946326,5237.7,5.1008,0.07857,962.0,202.6,0
4.702495974,4787.3,2.3421,0.388365,981.0,219.08,0
10.44087398,821.5,3.743,0.031855,829.0,111.52,1
12.5722897,86.5,4.765,0.008561,886.0,145.82,1
40.8366307,264.8,4.956,0.014897,496.0,14.3,1
11.7761073,281.3,2.829,0.017456,619.0,34.75,0
29.7123181,385.4,70.3707,0.221351,870.0,135.31,0
20.6180348,769.5,3.267,0.024893,359.0,3.92,1
19.9401211,758.9,4.283,0.029059,588.0,28.29,1
22.2420032,63.5,7.532,0.008612,954.0,195.54,1
3.88148385,36.3,2.679,0.005515,1156.0,423.0,1
0.577369336,400.4,1.0852,0.01816,1757.0,2239.26,1
12.720370263,1180.1,2.7306,0.03461,934.0,180.23,1
11.96407399,784.2,4.526,0.030548,808.0,100.96,1
2.493237866,259.2,2.644,0.021013,2241.0,5975.48,0
12.90467523,412.4,3.28,0.018884,545.0,20.91,1
68.8861017,143.9,5.925,0.010983,501.0,14.91,1
9.99115241,391.7,2.657,0.019277,660.0,44.77,1
36.292017,374.7,8.198,0.01758,694.0,54.91,1
0.925589891,400.8,1.967,0.018924,6637.0,460202.18,0
17.25121397,2054.8,2.0371,0.044983,385.0,5.17,1
1.867281146,701.1,7.495,0.278578,1561.0,1405.94,0
9.30991834,114.5,3.455,0.010094,913.0,164.38,1
3.23941775,77.4,2.569,0.008203,1213.0,511.14,1
2.524017517,303.0,1.1968,0.01576,1203.0,495.14,1
31.2012202,360.1,4.077,0.018653,406.0,6.44,1
22.5968256,142.9,6.179,0.010811,670.0,47.7,1
45.3486381,162.9,4.858,0.013356,531.0,18.84,1
5.25419589,461.8,2.9878,0.019706,1093.0,338.15,1
5.90608902,340.7,2.409,0.016855,1012.0,247.83,1
13.81504449,1032.6,2.3244,0.034399,391.0,5.52,1
12.4128518,108.1,4.298,0.010188,933.0,179.24,1
3.92453009,463.5,3.691,0.019616,1074.0,314.25,1
11.60653061,771.7,2.194,0.024534,584.0,27.47,1
2.66831274,266.2,2.4141,0.015027,1252.0,581.38,1
2.9322509,181.2,2.931,0.0126,1312.0,700.81,0
23.4772553,141.4,6.735,0.010955,738.0,70.05,1
66.5576728,214.2,10.532,0.013335,757.0,77.68,1
2.01948607,275.4,5.248,0.020811,1430.0,988.37,0
3.04468229,71.4,5.951,0.008074,1244.0,566.03,0
15.05028313,615.2,1.848,0.022798,735.0,69.16,0
2.455240626,36912.0,1.72722,0.170837,730.0,67.3,1
9.08233411,296.9,2.008,0.015633,734.0,68.75,1
0.790539912,277.3,1.0567,0.014827,1502.0,1200.65,0
1.705782214,278.0,1.007,0.016508,1455.0,1060.41,0
0.532086296,495.8,4.023,0.222839,1790.0,2417.28,0
47.7052566,1161.5,5.959,0.039415,347.0,3.42,1
6.238535444,401.6,3.5255,0.018412,1185.0,465.61,1
86.829519,751.0,7.464,0.0332,196.0,0.35,1
9.95667035,586.8,3.534,0.028013,946.0,189.48,1
10.41728722,210.4,4.125,0.013087,870.0,135.34,1
0.984941669,81.4,1.9724,0.008209,2335.0,7044.68,1
0.663085361,322.7,1.1522,0.019059,1681.0,1894.94,1
19.1187425,217.5,6.805,0.014589,823.0,108.48,1
1.08749101,126.4,1.6192,0.014029,3081.0,21388.7,0
1.183818383,84.3,1.393,0.008438,1775.0,2337.65,0
4.98845099,193.9,7.453,0.01264,1055.0,292.71,0
3.543919702,507.0,1.8717,0.020559,652.0,42.68,1
8.83929462,316.2,1.719,0.020396,778.0,86.5,1
0.631795416,145.2,1.0703,0.011358,2797.0,14547.08,0
7.56126152,180.6,2.851,0.012323,891.0,149.17,1
34.9897847,498.5,4.208,0.020074,292.0,1.71,1
7.05429483,359.3,1.716,0.017602,497.0,14.46,1
26.7838935,365.3,4.584,0.017057,523.0,17.69,1
45.126216,373.1,6.656,0.018205,604.0,31.54,1
11.94019101,631.7,2.866,0.022753,625.0,35.99,1
3.51295674,83.1,3.06,0.008609,1434.0,999.6,0
48.4313003,886.4,4.03,0.03163,396.0,5.81,1
7.203855862,1765.9,2.5418,0.038237,509.0,15.87,1
6.73808701,92.9,2.591,0.008644,786.0,90.19,1
7.57571414,418.5,2.357,0.019126,1075.0,315.8,0
4.76887671,115.8,1.672,0.01042,1532.0,1303.61,0
1.347512632,2651.8,1.9817,0.313479,1346.0,775.18,0
0.512581697,259.1,1.5789,0.01472,2009.0,3827.79,0
12.07760884,151.0,2.233,0.011165,708.0,59.51,0
6.38315744,1112.6,1.7075,0.030114,787.0,91.0,0
27.52194772,2312.8,4.047,0.044275,314.0,2.28,1
16.1289679,389.0,6.271,0.024747,715.0,61.87,1
13.5631157,336.4,5.438,0.017929,733.0,68.41,1
16.2959916,369.6,2.116,0.0174,678.0,49.81,1
4.16056658,75.8,2.61,0.007855,985.0,222.54,1
2.93101771,199.1,2.231,0.013311,1134.0,390.28,0
39.79220077,610.4,4.466,0.022303,458.0,10.38,1
16.2276756,525.8,3.699,0.021927,648.0,41.57,0
1.595630597,259.6,1.793,0.22532,1346.0,778.05,0
14.8200596,184.9,3.902,0.011998,552.0,21.92,1
20.49041,661.8,4.369,0.023227,625.0,36.01,1
0.962827066,86.3,4.48,0.088515,3399.0,31471.91,0
8.679037,301.6,2.864,0.015997,949.0,191.84,1
11.1296971,371.0,2.942,0.018314,843.0,119.44,1
2.7296036,145.6,2.721,0.011314,1455.0,1056.15,1
3.11604194,345.2,1.7763,0.016885,1123.0,375.55,1
46.82767725,1537.7,1.9033,0.036335,276.0,1.37,1
12.7372371,100.8,3.358,0.009176,697.0,55.82,1
40.0306267,214.5,4.815,0.013429,617.0,34.19,1
0.679336747,240.7,1.2188,0.014073,1883.0,2982.78,1
213.6103207,110990.0,10.7643,0.499257,291.0,1.69,0
170.8658492,29841.0,16.9895,0.168735,387.0,5.33,0
17.5509742,3859.0,4.064,0.054672,700.0,56.9,0
88.5122014,2518.7,6.8214,0.045589,390.0,5.47,1
10.21507506,258.6,3.395,0.014437,780.0,87.48,0
8.3806973,650.8,3.028,0.023783,701.0,57.04,0
31.0572947,636.6,3.401,0.023111,480.0,12.57,1
15.1622287,479.8,7.332,0.025685,829.0,111.74,1
10.04378351,437.9,5.548,0.024216,951.0,193.39,1
4.5513988,188.7,2.457,0.012288,907.0,159.65,1
10.91274065,1387.2,2.1801,0.036155,443.0,9.12,1
12.2141545,535.8,10.262,0.201507,683.0,51.37,0
3.732261,153.6,2.054,0.011502,1119.0,369.47,0
3.03267135,42.4,1.774,0.005931,1187.0,468.31,1
5.34182466,70.5,3.577,0.007643,1125.0,379.09,1
2.131945045,269.4,1.8061,0.014975,1418.0,955.16,1
12.9462567,168.7,9.568,0.011943,764.0,80.34,1
5.77957133,396.6,2.5213,0.023676,598.0,30.22,1
11.6601667,181.0,5.882,0.017606,834.0,114.36,1
89.465468,67.9,9.88,0.009567,549.0,21.43,0
18.0161227,499.5,4.016,0.020538,768.0,82.38,1
40.8777605,719.1,9.745,0.288798,526.0,18.15,0
6.80243431,249.1,3.817,0.029185,895.0,151.72,0
84.5733346,891.6,5.762,0.026709,366.0,4.26,1
21.30181863,87.3,3.8763,0.008442,564.0,23.89,1
4.14789051,137.6,3.829,0.012475,1389.0,878.32,1
19.0054098,542.4,1.843,0.251685,758.0,78.19,1
1.96433113,139.1,2.381,0.010865,1638.0,1704.63,0
0.968527683,114.6,1.3672,0.012523,1677.0,1867.0,1
0.664074145,212.6,1.0925,0.013695,1703.0,1998.48,1
11.7489907,36.7,4.043,0.005592,1114.0,363.51,0
3.849371737,1298.6,2.632,0.039601,2034.0,4055.29,1
0.366197145,275.3,1.2335,0.014924,9983.0,2335438.28,0
4.164384505,2338.0,1.8464,0.045876,590.0,28.75,1
2.10433534,242.1,1.1168,0.016787,662.0,45.34,1
28.8431751,756.7,3.171,0.031071,491.0,13.77,1
1.378649746,22462.0,1.2232,0.135797,734.0,68.34,0
1.112207126,54.7,1.35,0.0069,1797.0,2467.09,0
1.303576682,245.5,1.021,0.014449,1694.0,1940.45,0
1.958577398,453.0,2.388,0.020167,1252.0,579.19,0
5.19103699,290.1,4.222,0.01566,1183.0,462.91,1
4.86638504,143.8,2.296,0.010894,1121.0,372.7,1
4.79176993,116.6,4.52,0.009839,883.0,143.74,0
25.1933989,481.2,4.62,0.021238,513.0,16.34,1
0.759762021,227.0,4.912,0.197356,2280.0,6419.35,0
6.49441464,357.3,2.344,0.021621,732.0,68.05,1
2.576571021,852.8,1.5997,0.0267,717.0,62.42,1
28.4750006,763.8,4.718,0.029051,489.0,13.5,1
14.7966306,56.1,5.613,0.006866,874.0,138.25,1
11.25401871,433.4,4.759,0.019863,888.0,147.13,1
9.18244299,87.6,4.318,0.008634,1052.0,289.74,1
14.6134781,72.8,5.266,0.007832,901.0,155.87,1
119.682075,1704.1,31.28,0.305437,351.0,3.59,0
42.9923284,1120.1,4.726,0.032127,496.0,14.33,1
6.88341278,487.4,2.0674,0.020209,1080.0,321.63,1
4.593595496,45034.0,2.7468,0.457262,1022.0,258.12,0
197.5111484,2575.6,11.106,0.05206,391.0,5.54,1
11.1726723,76.8,6.106,0.008182,1019.0,255.06,1
2.53573284,68.0,3.989,0.007455,1671.0,1842.18,1
6.79164656,102.6,3.343,0.009257,994.0,230.81,1
11.8376933,92.9,3.381,0.009122,826.0,110.03,1
18.5525162,771.5,4.385,0.027989,612.0,33.14,1
13.3669309,12.2,3.733,0.003223,656.0,43.71,1
1.045492348,28.7,2.933,0.005248,2291.0,6522.69,0
4.86634094,366.7,1.885,0.021379,881.0,142.39,1
5.60402307,224.9,1.0273,0.015587,774.0,84.65,1
13.0313583,573.3,4.521,0.024587,774.0,84.94,1
40.9905002,297.3,7.336,0.015658,627.0,36.5,1
57.2932309,773.6,4.878,0.024537,355.0,3.76,1
8.00504749,187.5,3.32,0.012616,1035.0,271.68,1
12.13070414,211.2,3.843,0.013392,901.0,155.85,1
5.61357653,162.3,2.905,0.011749,1165.0,435.61,1
1.33255087,123.3,3.565,0.010297,1728.0,2107.29,0
40.8792243,413.6,7.005,0.020582,437.0,8.59,0
18.8262877,795.8,2.344,0.025362,591.0,28.85,1
3.41045981,136.2,2.866,0.014889,892.0,149.88,1
4.76702759,163.4,2.013,0.011605,1046.0,282.97,1
13.62801048,912.8,3.5374,0.035168,639.0,39.48,1
16.83203175,326.0,4.031,0.016896,690.0,53.44,1
13.37499553,458.1,1.639,0.01917,703.0,57.85,0
4.35370136,168.9,1.913,0.012319,1179.0,456.83,0
134.96694,68.4,18.43,0.007583,385.0,5.18,0
1.385787741,85.4,1.6449,0.008438,1008.0,245.15,1
12.02295362,778.6,1.2667,0.034126,776.0,85.78,1
16.79716262,1023.8,3.83,0.036114,503.0,15.19,1
18.59611518,813.8,2.3052,0.025959,371.0,4.48,1
5.77440326,245.3,1.768,0.014483,529.0,18.6,1
2.622134451,128.2,4.735,0.010939,1548.0,1359.14,0
11.47685263,240.6,2.756,0.01398,796.0,94.94,1
40.0088894,582.3,3.616,0.185777,585.0,27.65,0
6.58738839,258.5,4.758,0.015075,871.0,136.02,0
0.759706632,39.7,1.0896,0.006034,3834.0,51080.76,0
4.37033233,177.8,2.845,0.012063,1191.0,475.39,1
1.08070294,145.6,3.363,0.011738,1565.0,1419.52,0
4.74254518,305.7,1.023,0.016086,1118.0,369.34,0
18.13559979,452.7,2.019,0.21603,744.0,72.36,0
3.70429015,55.7,3.37,0.006909,1839.0,2708.57,1
37.3331165,187.8,7.643,0.014415,657.0,44.17,1
7.9709719,488.4,1.2893,0.025116,760.0,79.1,1
6.03355539,89.5,10.049,0.008535,1598.0,1540.84,1
3.02558494,128.3,3.0008,0.011717,1484.0,1148.47,1
0.933746783,417.5,4.255,0.017991,1309.0,696.63,0
6.09740316,568.5,4.635,0.227885,1826.0,2630.31,0
2.7612237,66.8,3.681,0.007563,2017.0,3906.36,1
5.59727625,200.8,1.659,0.01316,975.0,213.15,0
50.5715805,1282.6,3.726,0.032084,406.0,6.44,0
2.032319072,315.5,1.6762,0.016327,1542.0,1333.35,1
4.100870416,123520.0,8.15361,0.500096,1413.0,939.61,0
4.35407371,277.1,2.427,0.016467,1043.0,279.53,1
11.32269749,311.0,3.517,0.021497,554.0,22.24,1
13.71218522,786.7,2.437,0.027248,676.0,49.26,1
12.14684625,70.7,6.197,0.008175,1097.0,342.49,1
7.46718958,75.7,3.633,0.008144,1035.0,271.25,1
48.8882668,462.8,6.468,0.034391,386.0,5.23,1
51.1319346,382.3,6.019,0.020107,542.0,20.36,1
133.516435,510.0,2.196,0.021721,344.0,3.3,0
39.8312536,388.8,2.442,0.017664,420.0,7.33,1
9.549277089,1826.9,1.5832,0.038907,374.0,4.62,1
17.60461401,2292.1,3.716,0.046863,362.0,4.07,1
1.228721184,465.6,1.041,0.01944,1324.0,728.99,0
4.69505576,240.0,3.058,0.014207,1098.0,343.6,1
0.569115976,796.9,2.028,0.025083,1589.0,1504.24,0
7.258450123,3714.7,5.7297,0.05504,880.0,141.3,0
6.0959841,112.7,10.39,0.010253,988.0,225.07,0
22.9221181,140.3,8.2,0.011289,684.0,51.7,1
16.10474503,124.1,5.712,0.010181,1159.0,425.93,1
7.42697378,205.2,3.206,0.013086,899.0,154.52,1
0.874629873,68.1,1.782,0.007979,1597.0,1538.25,0
5.46091846,172.0,1.781,0.012282,1106.0,353.34,0
3.17323012,204.5,1.9094,0.012708,830.0,112.21,1
13.2970695,219.7,3.283,0.013131,515.0,16.64,1
5.398752862,346.5,3.4303,0.0169,1140.0,398.33,1
5.26648126,97.8,1.964,0.009233,1155.0,420.53,0
2.67596808,420.6,2.021,0.018071,998.0,234.19,0
7.41683033,72.6,7.274,0.009246,1425.0,973.85,1
0.727331746,357.4,0.8323,0.017336,849.0,122.92,1
1.302017467,290.5,1.3692,0.015357,1344.0,772.73,1
8.63050092,325.8,3.144,0.017113,739.0,70.63,1
12.49117388,189.9,2.848,0.013681,763.0,80.08,0
3.27645723,323.0,2.219,0.016307,1195.0,482.56,1
16.0573291,575.0,3.546,0.025772,645.0,41.04,1
8.44326557,359.5,3.353,0.017642,934.0,179.79,0
4.60300256,302.5,2.6848,0.015352,848.0,122.02,1
16.9329284,488.3,1.218,0.020585,793.0,93.34,0
12.00089667,420.7,3.266,0.019481,632.0,37.81,1
1.169010526,165.9,1.1717,0.143947,3766.0,47688.8,0
1.916940872,105.1,1.4243,0.009377,1246.0,571.25,1
5.05661302,137.9,3.926,0.01123,1049.0,286.32,1
24.3344939,323.1,6.557,0.01646,647.0,41.3,1
131.187921,915.9,6.905,0.026732,284.0,1.54,1
2.17489806,74.8,4.599,0.008631,1496.0,1187.26,0
25.8859397,217.1,4.548,0.016887,542.0,20.35,1
28.6253502,652.7,4.551,0.023158,573.0,25.54,1
6.98141327,38.0,6.527,0.006012,1384.0,865.81,1
1.319677953,100.7,1.978,0.009642,1843.0,2729.71,0
8.94337724,215.1,2.469,0.013531,946.0,188.93,1
12.282998287,2794.7,2.7096,0.048233,431.0,8.14,1
0.328686504,171.9,0.8592,0.012036,2324.0,6891.11,0
6.383159135,2313.2,1.7504,0.043356,530.0,18.73,1
5.57654782,53.6,3.673,0.006836,1183.0,462.81,1
115.6863392,945.9,4.65,0.028036,401.0,6.09,1
3.81371423,281.0,1.973,0.015334,1029.0,264.63,1
38.0970717,913.3,4.307,0.03645,242.0,0.81,1
2.637574744,5423.5,5.4573,0.081431,1385.0,868.86,0
16.3012727,259.5,3.974,0.017701,557.0,22.73,1
13.32354078,116.6,3.873,0.009905,872.0,136.61,1
2.607545159,351.5,1.3916,0.017257,1431.0,993.79,1
3.24417541,371.9,1.992,0.019378,1047.0,283.66,1
6.85567248,197.7,2.268,0.013131,897.0,153.07,0
2.28607282,261.8,7.82,0.014211,942.0,186.39,0
9.60505976,55.0,3.0063,0.006981,941.0,185.15,1
3.54789928,185.3,2.861,0.012462,987.0,224.45,0
3.65690909,107.4,2.064,0.009517,1368.0,828.52,1
88.0712769,885.4,6.758,0.026801,330.0,2.79,1
8.38395796,108.5,5.2,0.01139,1285.0,645.64,1
1.68189051,83.2,2.992,0.008447,1790.0,2432.14,1
8.59000355,298.1,6.68,0.018988,843.0,119.26,0
44.9977604,170.2,9.686,0.014766,508.0,15.74,1
7.12815163,45.9,5.522,0.006237,1373.0,839.5,1
0.872952088,137.3,1.4499,0.112178,3165.0,23715.46,0
7.01074295,222.8,2.1787,0.013898,1453.0,1054.63,1
17.2922631,203.1,7.042,0.015049,809.0,101.22,1
94.289223,505.4,4.102,0.021415,369.0,4.39,1
14.02634692,403.6,1.2808,0.021529,822.0,108.07,1
12.425866431,257.9,29.1428,0.020606,741.0,71.19,0
25.5433704,138.6,8.567,0.010853,772.0,84.0,1
33.8542586,253.3,12.689,0.013954,1326.0,730.99,0
45.0909201,436.3,4.605,0.024803,487.0,13.27,1
15.0539886,221.5,4.422,0.016079,665.0,46.3,1
159.388788,1033.0,8.432,0.028604,289.0,1.65,1
1.565412613,2754.6,0.7572,0.048437,648.0,41.85,1
5.14892346,2355.0,0.9613,0.048149,436.0,8.54,1
0.730943372,134.7,3.004,0.011722,2190.0,5461.14,0
0.515552803,1224.1,1.7869,0.175099,1807.0,2508.21,0
2.522590567,210.2,1.406,0.274887,1205.0,499.07,1
6.73968289,142.0,4.183,0.011491,1011.0,246.9,1
41.74598855,421.8,4.6125,0.018741,584.0,27.58,1
75.378004,447.8,6.744,0.032476,455.0,10.13,0
213.258526,1992.3,7.768,0.039058,202.0,0.39,1
100.2830675,351.2,10.8636,0.017719,475.0,12.07,1
4.871223664,6462.0,1.5916,0.079431,341.0,3.18,1
2.984157711,2598.0,1.2637,0.046896,401.0,6.12,1
2.8867624,631.8,0.9879,0.029146,557.0,22.75,1
0.498434645,239.2,0.955,0.014007,1676.0,1873.28,0
2.75505467,85.5,3.426,0.009138,1783.0,2387.41,0
1.572181216,219.5,7.219,0.163671,3384.0,30903.98,0
1.28805834,92.6,3.419,0.00872,1736.0,2142.23,0
2.72288246,152.6,2.408,0.01112,1162.0,431.75,0
1.574090323,224.9,1.5796,0.013129,998.0,234.92,1
0.947738312,202.2,1.206,0.012562,1229.0,537.85,0
13.7872627,75.1,5.747,0.009753,894.0,150.64,1
14.4359459,107.3,3.414,0.009895,884.0,144.45,1
5.95958637,133.1,2.899,0.010427,897.0,153.48,1
0.497581917,140.6,1.46,0.011001,1801.0,2487.04,0
2.279523364,126.8,1.6202,0.010043,1123.0,374.78,1
12.2854718,1617.1,2.996,0.035947,434.0,8.39,1
5.53609368,1223.3,2.2942,0.035793,566.0,24.23,1
58.0337426,807.1,5.584,0.025518,486.0,13.17,1
14.4252635,221.2,3.754,0.013363,773.0,84.28,1
26.6757818,474.8,2.696,0.021384,630.0,37.15,1
0.868386354,488.5,1.066,0.019749,1389.0,880.33,1
11.8288843,191.0,3.337,0.012612,730.0,67.13,1
14.7512034,261.1,1.25,0.017404,678.0,49.97,1
1.480323978,166.2,1.833,0.012369,1743.0,2180.25,0
6.88707073,68.7,4.4679,0.008082,1155.0,420.97,1
165.75597,57.3,8.45,97.605156,398.0,5.96,0
1.11431205,160.4,2.112,0.011562,1635.0,1691.99,0
3.42064689,356.8,1.767,0.021524,1129.0,382.68,1
0.675650404,200.7,1.8261,0.012949,2085.0,4473.06,1
17.7337356,217.3,5.558,0.013712,597.0,29.95,0
10.06478627,285.7,2.86,0.016687,729.0,66.74,0
1.12976597,133.7,3.096,0.010587,1429.0,987.44,0
16.23191704,501.6,7.461,0.020452,926.0,174.1,1
15.4126766,599.8,3.402,0.030214,618.0,34.56,0
1.110599919,157.6,1.3493,0.011346,1539.0,1320.65,0
21.86965714,125.5,5.5177,0.01063,790.0,92.0,1
9.02436414,214.6,3.011,0.01334,939.0,183.39,1
17.3408735,159.0,3.398,0.011797,755.0,76.86,1
0.814280672,134.9,2.326,0.011362,2563.0,10224.99,0
0.878855771,269.7,1.1014,0.015318,1864.0,2857.19,0
2.49432176,8043.0,2.3269,0.081558,1342.0,766.49,0
1.00652785,125.9,1.3175,0.010575,1815.0,2556.97,0
1.99566293,197.0,4.514,0.013185,1182.0,462.26,0
0.755111225,168.0,3.164,0.012635,1999.0,3759.62,0
25.8730914,694.4,5.085,0.024151,667.0,46.82,1
20.2642023,185.3,4.664,0.015063,770.0,82.92,1
7.44136102,79.7,4.554,0.009401,1075.0,315.02,1
99.2532336,538.0,7.208,0.027854,300.0,1.93,1
3.84933401,503.9,2.299,0.021409,1147.0,408.84,0
6.4802138,142.0,3.27,0.011743,934.0,180.05,1
21.3910125,645.8,3.512,0.022958,483.0,12.88,0
14.3832267,178.5,8.378,0.013044,889.0,147.78,1
47.3186631,263.4,10.465,0.014906,598.0,30.22,1
11.12827427,6057.0,2.6118,0.073529,408.0,6.52,1
2.21571296,285.1,1.8211,0.017229,1283.0,638.56,1
34.4585495,431.0,7.434,0.019948,559.0,23.05,1
3.35184041,345.3,1.9855,0.017094,1294.0,661.69,1
1.615758517,41.7,1.734,0.005939,2158.0,5140.67,0
3.4462125,83.5,2.101,0.008944,1015.0,251.24,1
2.005414293,59.5,1.934,0.008216,1216.0,516.85,1
1.868564038,176.7,1.192,0.012495,1565.0,1417.56,0
15.1408916,476.8,4.359,0.019976,714.0,61.42,1
11.39169531,51.0,5.0,0.007494,886.0,145.67,1
2.44358543,59.1,1.852,0.007015,1249.0,574.37,1
1.7592691,140.4,2.381,0.011222,1519.0,1254.94,0
2.226496196,1839.1,1.7073,0.038292,697.0,55.76,1
5.72084599,1316.0,2.744,0.032418,509.0,15.84,1
0.962864171,303.5,1.6802,0.017264,1666.0,1828.67,1
16.23847733,646.7,3.9699,0.025459,711.0,60.35,1
6.46004728,394.2,1.979,0.020507,883.0,144.06,1
4.76831033,251.8,3.2363,0.014616,1219.0,522.81,1
44.616751,239.7,7.831,0.014887,693.0,54.56,1
1.714410345,50.4,3.336,0.006757,2551.0,10025.53,0
3.40165617,155.9,1.9617,0.013564,1236.0,552.42,1
14.00948631,169.9,3.399,0.011757,617.0,34.32,1
1.703359172,57.6,1.914,0.006997,1525.0,1284.58,0
3.77881664,47.1,5.819,0.006588,2580.0,10473.57,0
1.311558909,141.3,1.919,0.010897,1655.0,1776.99,1
1.291233083,66.0,1.855,0.007518,1887.0,2993.7,1
10.573751447,298.9,1.7259,0.017524,844.0,120.25,1
3.7847507,33.5,2.924,0.00528,1311.0,699.15,1
18.2206024,201.8,5.109,0.012951,786.0,90.43,1
47.4497134,206.4,10.675,0.013113,551.0,21.82,1
0.929906166,108.7,1.743,0.009563,2291.0,6514.57,1
0.784513087,316.6,1.9206,0.015257,10634.0,3036857.56,0
4.11585514,425.8,1.4858,0.02144,895.0,151.55,1
33.878639,700.1,6.194,0.030037,564.0,24.0,1
27.5722144,296.3,5.256,0.016268,636.0,38.62,1
2.12821621,25.9,3.146,0.004636,1668.0,1831.55,1
0.703399912,531.4,0.823,0.021683,2013.0,3879.31,0
2.5355023,354.6,7.189,0.022452,1477.0,1127.68,0
1.332560553,31.7,3.315,0.005094,1249.0,574.99,0
18.936061,24.3,22.27,0.004418,516.0,16.7,0
10.65275054,740.7,2.684,0.024669,737.0,69.81,1
3.30040818,98.8,4.462,0.009123,1543.0,1341.9,1
5.62950902,297.5,6.542,0.021476,979.0,216.41,0
24.2758992,702.2,4.59,0.024621,580.0,26.68,1
54.4099612,193.0,9.314,0.012628,513.0,16.35,1
9.12209336,906.8,4.347,0.268689,863.0,131.35,0
19.94752741,861.3,1.756,0.026742,625.0,36.14,1
13.84984567,84.6,7.2783,0.008397,977.0,214.98,1
6.12479773,129.3,3.466,0.011473,1140.0,399.43,1
11.24284815,136.0,4.241,0.010988,931.0,177.7,1
4.02877097,100.4,3.173,0.009204,1311.0,699.45,1
8.92114318,110.8,3.933,0.009647,1006.0,241.79,1
7.81285862,117.3,4.098,0.009941,1196.0,483.06,1
18.01164974,107.8,6.7367,0.011469,900.0,155.37,1
0.916142298,98.5,1.1555,0.008995,1212.0,507.47,1
0.597933473,106.0,1.918,0.009816,2564.0,10196.42,0
2.69636494,109.0,3.892,0.009999,1406.0,925.14,0
6.99205021,33.4,5.037,0.006619,1194.0,479.87,1
12.0999065,165.5,3.558,0.011614,807.0,100.37,1
5.36375016,114.3,2.94,0.00963,1059.0,296.73,1
3.17319407,135.8,2.512,0.010595,1077.0,318.23,0
5.24368302,225.4,10.873,0.013281,654.0,43.13,0
0.591280187,135.0,1.1656,0.01087,2385.0,7620.01,0
3.93766786,24.3,4.655,0.004548,1947.0,3388.82,1
1.465943491,52.3,1.513,0.00669,2472.0,8804.6,0
28.45489091,1418.6,8.1593,0.035375,769.0,82.7,1
1.952711161,403.0,0.872,0.024933,1403.0,917.15,1
0.620739667,108.2,2.477,0.167382,2947.0,17924.29,0
0.587470828,193.8,2.4382,0.175174,3434.0,33039.47,0
0.934924739,73.8,2.052,0.007993,3156.0,23533.0,0
25.7054557,266.3,6.059,0.016043,670.0,47.76,0
3.84822189,203.9,2.013,0.013198,1283.0,641.53,1
2.37752442,32.1,2.307,0.005152,1278.0,632.62,1
2.62838097,89.9,3.193,0.00862,1375.0,846.09,0
1.877878538,47.5,2.39,0.006379,1701.0,1977.35,1
35.3331932,99.7,5.966,0.009621,670.0,47.52,1
15.0896415,77.8,4.3349,0.008074,968.0,207.64,1
5.30873978,127.5,3.018,0.010322,1042.0,279.21,1
3.89524296,189.0,1.689,0.012309,956.0,197.66,1
0.740926358,195.5,1.0163,0.012828,1873.0,2909.21,1
1.352564873,56.7,3.469,0.007307,2447.0,8505.97,0
7.72768833,404.8,2.06,0.018376,899.0,154.46,0
37.3033197,551.7,7.793,0.025857,493.0,14.0,1
31.9729501,156.3,9.41,0.012524,757.0,77.49,0
14.8877665,252.5,4.981,0.016055,831.0,112.85,1
4.52158614,106.2,3.4702,0.009333,1214.0,513.68,1
2.007750531,352.0,2.0715,0.017357,1319.0,716.79,0
7.03146295,85.4,5.922,0.008449,1194.0,480.26,1
54.2811949,147.8,5.517,0.012667,604.0,31.45,1
0.596087893,105.1,0.7159,0.009606,2967.0,18259.79,0
12.58229808,118.7,6.375,0.009854,917.0,167.41,1
7.12684695,206.3,3.179,0.014079,941.0,185.17,0
0.661749944,215.6,4.112,0.182858,2420.0,8123.02,0
354.95118,421.9,13.02,0.01887,303.0,1.99,0
1.35477049,145.3,1.618,0.010656,1102.0,348.9,0
0.493393859,264.7,1.1319,0.02086,1505.0,1203.14,0
11.95401876,855.9,2.656,0.029175,525.0,17.92,1
2.48883033,51.4,4.268,0.006989,1230.0,540.34,0
20.2340219,193.6,3.674,0.012795,562.0,23.53,0
0.88184263,249.9,1.3117,0.014657,1564.0,1419.46,1
5.448321078,529.4,2.2213,0.021984,978.0,215.95,1
1.116127169,109.2,1.3235,0.010104,1659.0,1797.63,1
195.613824,1651.9,23.777,0.043769,467.0,11.24,0
3.833087643,461.4,1.51,0.024847,1012.0,247.8,1
9.37663713,118.4,2.1033,0.011189,1125.0,379.3,1
5.62006198,190.1,2.751,0.017766,772.0,84.01,1
3.8259005,857.2,1.8057,0.03572,1005.0,241.25,1
0.558841234,280.9,0.7918,0.015407,1787.0,2412.15,1
9.33648141,885.4,2.5449,0.033763,577.0,26.22,1
76.6139446,498.7,10.22,0.023228,466.0,11.12,1
1.545388842,52.8,3.037,0.006718,1421.0,964.53,0
1.289590179,286.0,1.3541,0.015625,1448.0,1040.23,1
0.634003002,316.9,0.9207,0.016444,1714.0,2030.16,1
1.56859048,280.6,11.591,0.213988,1693.0,1935.28,0
22.8030252,62.9,4.768,0.007316,843.0,119.6,1
0.623441939,128.1,1.4053,0.044292,3219.0,25489.88,0
5.24364571,270.4,16.984,0.216879,1149.0,411.58,0
8.98826122,160.8,4.96,0.014058,864.0,131.92,1
4.15743922,1472.0,9.572,0.283683,2089.0,4503.26,0
135.4978256,5038.1,6.769,0.072673,295.0,1.8,1
22.2508509,618.7,1.745,0.025073,539.0,20.01,1
8.53161917,65744.0,2.9596,0.499969,891.0,148.92,0
0.526615152,64.0,1.0582,0.007299,2959.0,18152.32,0
0.690405794,178.4,1.7407,0.012128,1731.0,2129.33,0
10.10773789,294.9,3.828,0.015476,879.0,140.75,1
1.844857057,85.6,1.6557,0.008855,1601.0,1548.86,0
18.0116764,417.2,6.006,0.019852,695.0,55.07,0
33.67280658,170.9,8.2267,0.011948,661.0,45.09,1
3.00912491,191.4,2.228,0.012546,1177.0,452.27,1
4.44589508,441.4,2.3816,0.020568,1063.0,302.6,1
2.023126394,72.2,1.2771,0.007962,1607.0,1582.75,0
10.63609504,290.6,3.48,0.015415,728.0,66.5,0
10.3108232,204.0,5.617,0.012975,786.0,90.1,1
1.069842837,540.3,5.275,0.020633,1433.0,998.07,0
1.077467951,75.7,2.1125,0.188607,2339.0,7064.38,0
2.8736467,215.7,1.682,0.018689,2866.0,15977.28,0
2.846517614,2154.4,4.228,0.053662,528.0,18.32,0
211.032819,1953.4,7.119,0.04577,215.0,0.5,1
1.716828304,59.5,2.068,0.007546,1455.0,1056.84,1
0.755103143,43.8,2.885,0.006402,2927.0,17302.11,0
20.71927223,224.6,4.0388,0.014853,818.0,105.78,0
11.87457664,220.7,1.9797,0.013737,728.0,66.33,1
109.6469948,899.7,6.568,0.030575,428.0,7.95,1
15.64588656,572.1,3.959,0.021809,710.0,60.08,1
0.93375241,518.0,6.352,0.035786,1594.0,1528.26,0
1.70336496,316.7,1.7045,0.016745,1484.0,1151.45,0
0.764174368,100.2,2.346,0.009622,2241.0,5972.52,0
1.85373924,348.6,1.816,0.01786,345.0,3.36,0
7.06321927,207.2,2.411,0.01355,827.0,110.22,1
0.584310213,809.4,2.1801,0.240239,2053.0,4190.91,0
25.384175,594.0,3.576,0.022465,649.0,42.01,1
15.79196594,203.1,7.2772,0.012882,910.0,161.97,1
8.16733851,104.9,3.337,0.010408,865.0,132.43,1
12.81590421,220.5,6.3856,0.014067,939.0,183.68,1
79.99623328,24384.0,6.3339,0.149796,717.0,62.49,0
5.424749327,7680.0,1.139,0.079794,625.0,36.05,1
3.606940379,432.3,1.0418,0.022221,1046.0,283.23,1
69.2002312,2271.5,5.679,0.326968,585.0,27.66,0
6.26404774,378.7,2.39,0.017429,809.0,101.27,1
23.1985852,224.7,9.821,0.013623,793.0,93.34,1
5.77721259,134.3,2.462,0.011293,1260.0,596.37,1
0.905037231,37.5,1.4351,0.005694,2627.0,11199.46,0
59.4969009,1262.1,5.404,0.032075,369.0,4.36,1
10.61345333,150.2,0.9829,0.011648,987.0,224.63,1
48.6303805,339.8,7.0805,0.016784,590.0,28.6,1
40.5289885,360.7,10.604,0.017565,933.0,178.81,1
0.571940563,54.3,0.9031,0.007523,3320.0,28727.59,0
0.633514386,179.1,1.2792,0.01202,1357.0,807.27,0
17.4166143,314.2,2.445,0.016603,723.0,64.73,0
16.3583482,116.4,9.858,0.011577,959.0,200.1,1
36.0054414,117.5,3.262,0.01073,1024.0,259.71,0
13.9093544,86.8,6.765,0.008521,928.0,175.14,1
1.257689465,945.6,0.8399,0.028494,1513.0,1244.66,0
4.081411554,171.9,2.3239,0.014433,755.0,77.0,1
11.41941928,150.5,3.3075,0.014247,536.0,19.47,1
6.83440674,177.1,2.2726,0.014584,636.0,38.68,1
24.4004378,860.5,2.987,0.033526,437.0,8.64,1
4.029810359,111.1,3.3316,0.009822,1479.0,1132.21,0
1.287622419,36.5,0.821,0.006268,1957.0,3450.59,0
0.935115863,64.8,1.6172,0.00738,2124.0,4811.82,1
3.57551429,92.8,2.364,0.008876,1061.0,299.19,1
136.205112,1209.3,5.568,0.031899,248.0,0.89,1
6.30922043,691.2,1.3251,0.023605,606.0,31.73,1
2.94194296,278.0,2.056,0.01479,988.0,225.15,1
1.146934644,256.2,1.7247,0.014751,1554.0,1382.04,0
1.245353252,224.2,2.152,0.014124,1704.0,1996.55,0
82.2001239,233.9,10.627,0.013819,525.0,17.96,1
15.3626052,468.3,3.736,0.019326,608.0,32.23,1
0.843379985,343.3,1.4474,0.01815,1541.0,1329.99,1
6.56606941,402.4,1.8455,0.019524,777.0,86.27,1
10.49566303,106.1,4.7356,0.00948,1009.0,244.59,1
1.34155642,58.2,1.6462,0.006995,1642.0,1715.26,1
8.48299282,69.1,2.505,0.007876,879.0,141.04,1
0.665025941,104.7,1.7542,0.009533,2174.0,5246.66,1
234.635652,868.5,6.965,0.026459,267.0,1.2,1
13.32191461,133.5,6.213,0.011586,1299.0,672.06,1
7.69994466,70.9,4.432,0.007635,969.0,208.61,1
4.77466043,54.3,3.804,0.006682,1137.0,395.06,1
29.39337161,327.0,7.0445,0.016963,698.0,55.98,1
2.164570593,525.1,1.2862,0.02106,783.0,88.91,1
12.4258343,449.4,28.1171,0.025397,830.0,111.92,0
0.873227249,221.8,0.7948,0.013885,2152.0,5053.02,0
2.88878583,40.9,2.977,0.005802,1423.0,969.05,1
7.37453336,304.4,3.745,0.159773,1654.0,1770.84,0
87.9724227,866.7,14.638,0.026755,446.0,9.37,1
0.568874717,378.4,1.2177,0.017496,1796.0,2473.19,1
22.023514,1670.0,1.932,0.04685,639.0,39.45,0
56.5732318,688.5,4.188,0.031776,356.0,3.79,1
1.846861455,648.6,1.6605,0.023754,1337.0,753.4,0
3.568099612,98.4,3.2131,0.00935,1407.0,926.89,1
132.9955503,1275.4,7.436,0.034912,241.0,0.8,1
6.002548291,202.0,4.1628,0.015656,1209.0,504.79,1
11.44865823,75.2,4.953,0.008892,975.0,213.39,1
24.85466504,776.2,9.182,0.027585,1095.0,339.33,1
60.92818866,755.6,6.3336,0.024899,467.0,11.28,1
8.512037736,597.8,2.1861,0.022246,839.0,117.11,1
5.93720557,371.4,4.882,0.0237,894.0,150.81,0
5.93719982,175.6,3.95,0.013146,1059.0,297.14,0
1.63345402,359.0,3.817,0.208715,1750.0,2211.18,0
3.247548814,209.7,2.5146,0.013203,1181.0,460.67,1
14.022451457,20083.0,8.08619,0.130221,810.0,101.92,0
2.442945167,677.9,4.0145,0.245548,1587.0,1499.89,0
1.312459403,36.9,1.459,0.006013,2824.0,15018.33,0
2.99792926,45.4,4.398,0.006238,1616.0,1611.51,1
60.8660974,714.3,4.397,0.024307,244.0,0.84,1
2.11547854,222.9,3.665,0.014846,1521.0,1264.56,0
5.54867998,68.9,4.665,0.007428,882.0,143.26,0
1.22174063,32.2,7.443,0.005074,1461.0,1081.5,0
3.48412874,161.6,1.422,0.011556,1132.0,389.41,1
13.74883059,425.9,6.0968,0.019908,975.0,213.84,1
4.603575293,440.4,2.3499,0.018677,810.0,101.65,1
24.30784323,677.1,2.6054,0.023893,532.0,18.87,1
19.67409703,204.9,3.7535,0.01578,711.0,60.37,1
3.487688776,1298.8,3.83661,0.032422,1445.0,1033.07,1
81.737872,628.8,6.6923,0.022652,385.0,5.2,1
31.578651216,2125.4,2.12791,0.041835,570.0,24.94,1
110.32167272,7296.6,13.3624,0.084131,761.0,79.11,0
5.88527364,112.7,1.9531,0.010194,1253.0,583.47,1
1.086486129,66.0,0.8383,0.007758,2539.0,9816.28,0
86.1160885,875.2,6.058,0.027076,441.0,8.93,1
3.61460332,43.9,3.227,0.006019,1397.0,900.38,1
8.45744892,77.4,3.2893,0.008247,982.0,220.05,1
3.82223397,362.7,1.924,0.018736,601.0,30.84,1
17.067644,262.4,6.026,0.01494,769.0,82.56,1
5.78542702,256.2,2.271,0.014818,1212.0,510.79,0
29.6099055,120.1,7.433,0.014184,629.0,37.12,1
3.42390809,153.1,1.773,0.011291,1212.0,508.75,1
5.21104597,102.7,3.3447,0.010461,1107.0,354.82,1
35.5969684,684.5,6.691,0.028165,646.0,41.06,1
1.633107509,60.8,1.491,0.007042,1083.0,324.97,0
66.1544958,1972.0,6.945,0.047429,315.0,2.33,0
11.57890926,243.4,2.7207,0.014458,951.0,193.48,1
10.10463142,114.6,2.369,0.010177,1046.0,283.38,1
42.88247951,408.9,9.7471,0.018777,709.0,59.6,1
9.43414171,3977.0,2.8112,0.059248,791.0,92.39,1
22.95062278,129.8,4.4814,0.011297,873.0,137.23,1
498.391282,1590.0,6.135,0.05053,339.0,3.11,0
125.6291479,7841.6,9.108,0.082594,388.0,5.35,1
45.1178526,389.2,3.737,0.02453,517.0,16.87,0
4.17939037,172.8,2.647,0.012013,1194.0,478.98,1
0.803835923,52.6,1.397,0.006814,2129.0,4863.18,0
2.76263737,185.0,1.821,0.012679,1231.0,544.05,1
11.9216035,43.2,5.009,0.007395,851.0,123.89,1
6.80257947,32.7,4.608,0.006153,1026.0,262.26,1
8.70312154,32.0,4.807,0.006066,945.0,188.7,1
1.332557603,225.3,6.043,0.188288,1703.0,1983.27,0
11.32029599,4303.5,4.5866,0.073488,811.0,102.12,0
26.723169,195.0,8.501,0.012689,781.0,88.1,1
16.39926461,220.8,3.4108,0.013613,847.0,121.53,1
18.73577127,567.2,3.0356,0.024162,568.0,24.66,1
8.43639829,345.5,3.2451,0.017275,742.0,71.51,1
13.78109471,756.0,2.3188,0.025926,402.0,6.17,1
23.08902241,598.3,1.7012,0.022578,338.0,3.1,1
6.02977241,54.6,3.961,0.006767,1204.0,496.46,1
135.1879934,663.4,8.8191,0.023453,345.0,3.33,1
172.7046083,659.1,11.347,0.023415,355.0,3.77,1
988.8811177,5060.0,5.9504,0.063925,223.0,0.58,1
44.14599042,4467.8,3.4015,0.965649,624.0,35.87,0
1.411627439,515.2,1.0814,0.023742,1966.0,3523.63,0
19.270825843,6660.5,4.1281,0.074186,661.0,45.05,1
5.05368985,171.5,2.514,0.012312,1007.0,243.06,1
4.39049637,113.5,3.0112,0.009952,1637.0,1701.16,0
13.1829329,518.0,3.594,0.020402,661.0,45.19,1
3.51575492,237.4,1.381,0.013745,1033.0,269.57,1
87.5177787,136.5,2.55,0.014911,451.0,9.76,1
14.0498182,472.0,2.907,0.020326,480.0,12.56,0
14.2563272,206.1,4.796,0.015463,797.0,95.22,1
0.968980781,118.5,1.517,0.009916,1844.0,2730.51,1
8.589562,245.4,9.885,0.154567,891.0,148.61,0
10.31282204,137.6,2.0138,0.010729,443.0,9.07,1
35.58349688,937.6,3.9885,0.027158,408.0,6.54,1
15.77111067,547.1,5.0574,0.021029,752.0,75.61,1
157.0659976,551.4,8.1289,0.021105,350.0,3.53,1
7.305706326,264.9,1.4228,0.016939,972.0,210.72,1
38.90787517,6159.1,4.5271,0.076413,523.0,17.66,1
1.59295975,248.3,1.9313,0.014209,1517.0,1251.43,1
4.94402197,363.3,4.062,0.177335,1419.0,958.29,0
6.71725648,272.7,2.5207,0.015135,1264.0,603.71,0
6.07032548,311.6,1.341,0.016287,789.0,91.45,1
1.33256952,163.5,2.915,0.011871,1461.0,1076.99,0
7.19552624,214.6,4.095,0.013972,1037.0,273.05,0
7.36272124,429.3,1.3287,0.019093,901.0,155.72,1
10.6761592,151.0,4.594,0.011449,1049.0,285.79,1
4.48494315,134.9,2.752,0.010746,1199.0,488.22,1
49.3567907,130.2,10.954,0.010449,637.0,38.86,1
22.20809549,463.2,7.3327,0.019714,803.0,98.36,1
38.5833679,1388.2,12.391,0.040669,761.0,79.08,1
46.15119482,1817.3,6.3427,0.046727,703.0,57.8,1
4.79179893,123.9,2.9283,0.218031,1249.0,575.43,0
2.426304127,185.4,2.6624,0.013272,1302.0,679.12,1
3.741231778,419.0,2.469,0.018463,951.0,193.55,0
1.168310132,283.3,1.31,0.015302,1577.0,1469.16,0
25.9525478,478.4,21.328,0.251377,865.0,132.4,0
33.4160553,275.8,8.605,0.019214,689.0,53.18,1
12.6119685,76.5,6.372,0.008559,953.0,194.9,1
0.636424848,217.9,0.947,0.013529,1846.0,2754.93,1
8.55935323,148.8,4.303,0.01208,921.0,169.77,0
2.46050095,276.8,1.861,0.014909,969.0,208.54,1
5.8660127,183.0,3.985,0.012764,1064.0,302.77,1
23.9107056,294.0,4.996,0.015991,709.0,59.76,1
23.836808884,29685.0,6.02854,0.279942,919.0,168.28,0
4.62334491,62.0,3.0189,0.007238,1050.0,287.25,1
5.888835386,19466.0,3.7988,5.354151,1008.0,243.87,0
5.83599485,553.3,2.062,0.021244,884.0,144.5,1
1.089077863,133.6,2.4676,0.011599,2359.0,7312.11,0
7.86335883,467.3,3.4303,0.037513,1195.0,482.18,0
8.0970583,680.7,5.699,0.030415,1203.0,495.31,0
6.337614357,1807.4,1.742,0.057085,1351.0,787.89,0
3.900140077,543.1,3.77,0.228072,1253.0,582.32,0
5.0800579,222.8,5.207,0.014349,1673.0,1851.94,1
13.14496741,300.8,3.6399,0.016418,698.0,56.15,1
16.09196369,415.8,2.8943,0.019184,718.0,62.74,1
161.239891,1075.4,24.472,0.038628,294.0,1.77,0
1.4951513,52.0,3.43,0.009063,1870.0,2880.38,1
20.3504704,101.8,7.225,0.009254,695.0,55.07,1
4.13592927,156.2,2.377,0.011401,1226.0,535.42,1
8.05337912,38.3,5.382,0.005669,1320.0,717.7,1
23.6272223,154.6,7.9,0.012206,1358.0,804.44,0
8.97349999,935.1,3.1408,0.02858,2262.0,6178.9,0
108.546946,711.3,7.567,0.023554,985.0,222.7,0
3.254277742,159.9,2.9903,0.011619,1301.0,675.56,1
91.3514816,210.0,8.707,0.013179,428.0,7.93,1
2.250826647,534.4,1.536,0.24579,1489.0,1161.8,0
31.1588249,959.0,5.1803,0.02825,639.0,39.46,1
0.436282594,536.4,1.3988,0.290761,5187.0,170399.16,0
76.7324556,685.7,6.243,0.024437,473.0,11.86,1
13.89963233,1121.7,3.5791,0.034031,521.0,17.37,1
6.14955931,333.7,5.5694,0.016797,1287.0,649.26,1
44.8702042,636.1,4.199,0.023536,536.0,19.5,1
4.8807805,79.0,9.4,0.008437,706.0,58.98,0
4.45342418,46.6,3.654,0.00649,1331.0,740.51,1
2.21396685,81.6,4.374,0.008276,1418.0,952.61,0
9.705693,140.8,7.702,0.013675,1001.0,237.46,1
8.31377304,837.4,2.964,0.026357,886.0,145.51,1
8.58969597,245.1,8.471,0.211637,882.0,143.02,0
7.97420583,293.1,5.3503,0.015639,974.0,212.75,1
1.88899036,59.0,3.486,0.007007,1574.0,1449.92,1
18.68405716,381.5,6.9329,0.020651,832.0,113.34,1
21.41624083,314.5,7.081,0.01625,748.0,74.2,1
12.28351275,597.8,3.634,0.24815,1342.0,765.56,0
4.72674037,273.1,2.9267,0.015943,1028.0,264.08,1
6.77449545,481.9,2.5416,0.200695,1219.0,521.03,0
27.677680103,11545.0,2.1704,0.136199,618.0,34.55,0
0.605223042,232.3,0.8986,0.013804,1728.0,2099.47,0
25.5172744,66.8,4.735,0.007472,615.0,33.91,1
4.73292061,151.6,1.746,0.011209,957.0,198.57,1
22.4765952,481.4,3.437,0.019619,419.0,7.27,1
25.503628,204.4,3.913,0.016771,586.0,27.85,0
14.8638496,220.6,2.705,0.033152,620.0,35.04,1
5.65245733,121.0,2.062,0.012065,856.0,127.1,1
10.9294815,196.9,5.893,0.012816,770.0,83.14,1
5.45849914,255.9,4.0448,0.015387,1099.0,344.32,1
13.28536452,377.6,6.283,0.019435,1157.0,423.65,1
8.4879444,119.3,3.224,0.010853,969.0,208.99,0
46.56675437,801.1,7.831,0.029707,708.0,59.34,0
19.5148412,102.7,3.096,0.010027,1200.0,489.75,0
15.4130812,264.3,6.6358,0.015072,944.0,187.39,1
4.82051088,40.9,3.588,0.00709,1328.0,735.25,1
5.76556718,213.3,3.138,0.014194,1120.0,371.86,0
15.6112238,113.5,3.873,0.009854,637.0,38.99,1
42.5217006,685.6,5.723,0.024534,510.0,15.97,1
0.566805887,1.7,5.2317,0.001289,1554.0,1368.32,0
6.69958851,253.7,2.831,0.01426,806.0,99.83,1
14.170972781,13496.0,3.7316,0.111515,1288.0,650.07,0
1.332562831,297.9,6.24,0.257706,1532.0,1301.29,0
2.39161966,189.2,1.906,0.012434,1031.0,266.01,1
5.68879083,241.5,2.55,0.014153,645.0,40.88,1
2.31941571,96.4,1.591,0.009078,1490.0,1164.84,1
19.7830259,373.2,5.4898,0.017519,708.0,59.39,1
10.431146765,29376.0,3.8853,0.461939,833.0,114.02,0
7.0106324,327.3,3.0688,0.017555,738.0,70.32,1
3.10762684,77.2,2.361,0.008591,968.0,207.72,1
1.980356674,271.9,2.4743,0.016185,1662.0,1808.41,1
12.8344771,281.0,3.846,0.019618,891.0,149.42,1
175.329014,1059.1,6.269,0.266206,327.0,2.69,0
2.7881793,55.8,3.397,0.006774,1510.0,1228.07,1
4.13827684,63.8,3.449,0.007466,1324.0,725.53,1
2.61846258,275.3,3.505,0.014685,843.0,119.68,0
29.72722,1010.2,3.45,0.031506,557.0,22.7,1
18.01019956,177.7,3.516,0.01602,758.0,77.99,1
10.61368712,559.8,3.498,0.021552,785.0,89.65,1
7.53887442,342.1,3.147,0.018224,751.0,75.14,0
0.53633519,444.1,1.0547,0.019776,1974.0,3603.58,0
8.07394097,1056.0,2.455,0.03663,420.0,7.33,1
4.53702121,504.4,1.813,0.022053,798.0,95.61,1
39.859505,155.5,7.987,0.011483,597.0,29.97,1
23.6731242,23113.0,14.3948,0.138011,676.0,49.42,0
7.170710381,863.3,2.9225,0.026573,890.0,148.09,1
4.699652821,351.4,2.553,0.016925,1024.0,260.54,1
4.761705895,497.1,3.3061,0.020577,1201.0,491.37,1
2.024143568,239.4,2.5273,0.014511,1597.0,1535.09,1
1.371288853,66.2,1.4528,0.009465,1837.0,2695.6,0
11.87290814,332.7,2.5342,0.019838,863.0,131.55,1
1.638652525,166.9,1.952,0.012008,1610.0,1585.07,1
9.06687613,367.2,3.381,0.022102,725.0,65.52,1
4.0223109,227.8,0.853,0.015181,1017.0,253.28,1
6.9131732,39.1,4.73,0.005778,1209.0,505.0,1
7.32851947,277.8,1.211,0.024449,807.0,100.13,1
18.6052046,242.5,6.829,0.014369,833.0,113.88,1
1.332562787,1111.9,6.28,0.275597,1703.0,1983.27,0
39.4420781,172.4,7.029,0.012063,682.0,51.14,1
10.27532513,209.7,6.3093,0.013362,1211.0,508.21,1
11.50528603,260.2,2.098,0.015153,912.0,163.79,0
26.62941953,492.8,7.8709,0.020245,742.0,71.75,1
296.6375817,2763.1,16.425,0.048876,332.0,2.88,1
41.8085031,190.4,7.797,0.01252,582.0,27.15,1
2.98786272,42789.0,2.5814,0.198719,1064.0,303.15,0
39.30944096,1132.1,5.77,0.030434,488.0,13.46,1
29.88487723,1275.7,4.5612,0.034344,453.0,9.95,1
12.92489803,959.0,2.6811,0.031196,620.0,34.95,1
0.575884418,272.2,2.0734,0.273374,2397.0,7790.32,0
0.562555067,198.3,1.7402,0.013287,2046.0,4128.4,0
0.993703494,67.4,0.7645,0.007818,3257.0,26588.4,0
6.33125228,306.6,2.688,0.015805,822.0,108.04,1
24.2204192,806.3,3.271,0.025317,505.0,15.43,1
30.9597053,410.7,5.42,0.213233,438.0,8.67,0
6.41491277,121.0,3.3629,0.011625,1069.0,309.12,1
93.881556,188.7,20.644,0.01242,479.0,12.42,0
2.683395376,234.7,1.8592,0.015281,1860.0,2833.83,0
31.51779463,357.6,7.634,0.017813,663.0,45.68,1
8.12999858,148.0,2.1492,0.013332,1041.0,277.89,1
66.46746217,12644.0,19.6638,0.102171,466.0,11.18,0
2.586639524,217.7,2.253,0.013613,1328.0,735.48,1
2.671942657,15942.0,1.9119,0.194086,1458.0,1069.47,0
28.51117639,1844.6,4.5941,0.04343,423.0,7.55,1
14.38682567,569.6,2.1417,0.021663,776.0,85.46,1
331.5972732,8322.1,14.404,0.083115,294.0,1.76,1
11.20058855,219.9,4.562,0.017306,808.0,100.91,1
1.50179931,100.1,3.275,0.008965,1229.0,540.71,0
17.83367834,326.9,4.5112,0.016638,866.0,132.94,1
19.55662003,298.9,8.087,0.01649,797.0,95.35,1
2.03387483,73.6,3.097,0.007727,1789.0,2422.92,1
5.07538255,163.1,1.7,0.014213,1154.0,419.23,0
23.9553986,228.7,3.204,0.014603,741.0,71.16,1
1.02425556,1631.7,2.6439,0.357521,1503.0,1211.99,0
4.63958598,83.4,2.768,0.008451,1587.0,1496.31,0
34.4359387,424.5,5.82,0.018691,652.0,42.68,1
5.317440164,292.5,2.9331,0.016817,1105.0,351.52,1
10.10575764,116.8,2.0138,0.011144,892.0,149.4,1
28.86236571,449.2,5.4033,0.021303,623.0,35.56,1
210.6013843,4159.3,11.9922,0.058748,342.0,3.22,1
59.7371443,566.4,8.0006,0.021678,520.0,17.26,1
3.388887193,11268.0,2.4475,0.098136,1212.0,511.3,0
27.08239734,423.2,5.0119,0.022782,703.0,57.77,1
30.6528935,269.7,4.99,0.015968,780.0,87.69,1
0.512869432,2313.0,4.015,0.318442,2185.0,5384.53,0
5.19492747,272.9,3.167,0.015196,1238.0,554.37,1
15.9314412,556.7,2.435,0.022469,596.0,29.83,1
1.33251589,140.5,4.216,0.011156,1747.0,2207.85,0
28.227413,1113.4,5.782,0.030469,565.0,24.03,1
0.545544979,92.6,1.954,0.009218,2240.0,5913.74,0
419.97507836,275.1,12.1687,0.016067,215.0,0.51,0
4.76559056,67.5,2.2,0.007495,1167.0,439.42,1
2.98618134,122.9,2.969,0.010222,1356.0,798.35,1
25.9200092,331.4,5.609,0.016641,515.0,16.59,0
6.17817366,101.9,3.2601,0.010125,1082.0,324.69,1
2.04516705,154.8,3.625,0.01232,2945.0,17791.98,0
5.65178922,134.1,3.0933,0.012704,1248.0,574.71,1
19.96367208,270.9,2.6403,0.017335,564.0,23.88,1
1.541676547,296.5,1.9118,0.015785,1592.0,1517.84,1
6.397185875,18887.0,5.8638,0.137546,981.0,218.59,0
2.976020742,114.9,3.73,0.010535,1740.0,2169.16,0
15.95995611,523.2,4.3149,0.02152,721.0,63.95,1
7.37867551,125.1,3.349,0.010507,933.0,178.68,1
4.903321801,334.5,2.8887,0.016695,1247.0,570.65,1
1.82708193,1164.7,1.96401,0.030822,1877.0,2925.17,1
22.845241036,45676.0,5.3007,0.205707,762.0,79.78,0
18.3980827,145.0,4.438,0.011411,686.0,52.31,0
11.62904159,88.0,2.97,0.010571,854.0,125.89,1
13.6550963,196.3,4.117,0.01289,780.0,87.46,0
27.50871575,639.2,5.9291,0.023998,663.0,45.66,1
20.0708757,405.7,6.354,0.019355,826.0,110.19,1
98.353149,423.0,24.708,0.022291,552.0,21.96,1
1.540411479,107.1,1.703,0.010427,1446.0,1029.25,0
3.74785358,98.2,3.713,0.009218,1093.0,337.14,0
25.75274977,738.9,2.7678,0.02519,501.0,14.88,1
10.161023528,1653.9,3.1627,0.039948,904.0,157.97,1
49.41121127,3184.0,5.278,0.061052,497.0,14.48,1
36.8567758,714.1,7.495,0.024202,549.0,21.4,1
35.080928,100.7,6.92,0.009834,610.0,32.63,0
10.39986173,275.3,3.377,0.016629,678.0,49.86,1
0.828206212,132.3,1.737,0.011024,3274.0,27125.5,0
24.31574009,643.3,4.1344,0.024496,683.0,51.53,1
199.443024,4036.0,7.409,0.073829,332.0,2.86,0
39.6766071,611.2,5.04,0.023657,473.0,11.85,1
358.66044,133.8,16.732,0.010526,304.0,2.02,0
4.454194254,16042.0,2.3061,0.117743,1017.0,252.22,1
21.0871953,8894.7,5.92691,0.086833,873.0,137.06,1
1.575631524,25627.0,2.59202,0.3059,1577.0,1464.43,0
6.09855603,84.4,2.9815,0.008309,927.0,174.3,1
203.250506,238.9,9.81,0.014194,292.0,1.71,0
16.54295261,726.0,3.8516,0.024368,611.0,32.94,1
11.023474798,1795.5,1.4814,0.041967,429.0,8.04,1
34.18884323,1063.2,5.3278,0.029377,526.0,18.05,1
4.30165843,739.4,2.1055,0.025589,1009.0,244.48,1
7.650243513,981.4,2.752,0.028274,772.0,83.86,1
4.592393816,1027.7,2.2748,0.028819,924.0,172.6,1
5.859935955,322.8,4.0185,0.016453,1246.0,569.5,1
2.104721971,905.5,1.7547,0.027167,1365.0,821.44,1
10.63624422,231.7,5.055,0.01875,756.0,77.02,0
6.412512953,1156.4,5.2677,0.032166,1069.0,308.76,1
2.019997006,332.8,1.8073,0.016938,1166.0,437.85,1
3.763041531,354.5,1.6011,0.018946,948.0,190.67,1
6.521209629,760.4,2.7975,0.025899,932.0,178.27,1
6.996926239,1317.4,2.7374,0.032904,888.0,147.07,1
5.428344915,13756.0,1.8931,0.141222,1033.0,269.19,0
24.61480613,1798.0,2.6602,0.038975,586.0,27.93,1
42.949522,959.1,5.4154,0.027673,487.0,13.29,1
117.033521,770.4,6.822,0.024911,349.0,3.49,1
386.39833,748.0,8.519,0.024773,214.0,0.49,0
1.55400389,465.8,1.7664,0.019515,1313.0,704.5,1
34.25951418,1072.5,4.7743,0.029532,468.0,11.36,1
23.8761144,1611.7,9.3113,0.037786,1481.0,1135.6,0
4.99270186,557.4,3.1008,0.256173,1051.0,288.29,0
4.79860021,817.4,3.0384,0.027166,978.0,216.54,1
7.7333361,126.9,2.807,0.010262,479.0,12.41,0
9.57665962,746.8,3.3603,0.024495,846.0,121.26,1
96.6781852,951.3,5.6957,0.028035,392.0,5.55,1
20.55280311,727.3,2.2013,0.025416,656.0,43.8,1
2.023123903,1288.9,1.1829,0.032684,1266.0,608.26,0
10.94026745,538.6,2.3494,0.022096,764.0,80.52,1
19.5352551,1732.0,1.013,0.041128,161.0,0.16,1
151.863949,747.0,8.577,0.024748,318.0,2.43,1
5.945043548,800.2,2.7004,0.028421,857.0,127.64,1
65.7045275,636.1,3.3104,0.024389,472.0,11.72,1
17.73842886,605.5,3.0049,0.026036,596.0,29.74,1
9.93962361,300.1,3.432,0.020312,722.0,64.29,1
6.8731664,3753.8,6.8569,0.056473,1482.0,1140.56,1
8.600099313,2791.6,4.0077,0.047441,760.0,78.72,1
12.37646897,1709.0,2.7075,0.0382,483.0,12.87,1
330.071558,616.7,4.295,0.024125,286.0,1.58,1
18.87022157,1096.6,3.1404,0.029843,621.0,35.13,1
19.5776073,98.1,3.382,0.008912,628.0,36.82,1
17.20522898,1080.6,3.6688,0.02954,553.0,22.05,1
17.90766147,1089.3,5.396,0.045085,731.0,67.59,0
22.18332255,748.1,5.1364,0.024673,646.0,41.24,1
354.78194,193.0,6.46,0.183356,325.0,2.62,0
7.65880048,668.2,3.0427,0.023499,858.0,128.18,1
9.3789167,563.5,3.3427,0.023007,803.0,98.22,1
4.221626193,658.0,3.0619,0.02667,1176.0,453.2,1
16.54967098,744.5,4.3808,0.029514,656.0,43.72,1
2.154911236,99.7,3.1341,0.009153,1740.0,2162.35,1
3.52467888,129.7,2.484,0.014627,1098.0,344.61,1
6.400157105,743.2,2.0004,0.030148,810.0,101.72,1
2.437029217,244.0,3.2005,0.014084,1513.0,1237.66,1
9.9267215,725.5,3.8428,0.025697,803.0,98.34,1
21.22349325,582.9,4.9416,0.024557,623.0,35.69,1
6.47027706,116.9,3.343,0.010682,926.0,173.79,1
3.722158895,757.4,1.9941,0.026508,1046.0,283.28,1
46.9026431,821.3,3.9264,0.027519,458.0,10.44,1
5.263415218,1030.7,2.1446,0.033596,1103.0,349.4,1
4.030466786,2908.3,2.7734,0.048052,970.0,209.11,1
9.27989,164.3,3.33,0.012195,897.0,152.86,0
328.240201,13889.0,12.2726,0.117884,224.0,0.59,1
22.264806569,19373.0,8.7941,0.138957,585.0,27.79,0
2.217038096,543.7,1.8575,0.023203,1697.0,1956.29,0
8.874603,93.3,2.88,0.00892,1070.0,309.5,0
4.393157678,447.2,2.4455,0.01871,807.0,99.9,1
251.7512,114.3,4.314,0.01244,272.0,1.29,0
16.145671932,941.1,3.7236,0.030636,546.0,20.98,1
1071.232624,19046.0,16.1784,0.122698,129.0,0.07,1
2.735900074,428.9,1.9359,0.018704,1075.0,315.95,1
5.852968845,1146.5,4.5973,0.031249,1056.0,293.93,1
81.1701587,1183.2,8.358,0.037029,436.0,8.55,1
371.17573,133.7,8.2,0.011578,610.0,32.64,0
2.820190603,467.5,2.554,0.020656,1367.0,824.92,1
21.21712312,636.0,5.89,0.027013,706.0,58.63,1
15.77980122,541.4,4.0369,0.02126,713.0,60.96,1
14.03490255,851.8,3.638,0.028141,641.0,39.97,1
10.35586478,660.9,2.8431,0.022638,620.0,34.93,1
22.342964828,5612.8,6.66405,0.068705,785.0,89.61,1
11.38840217,438.0,3.6949,0.01914,979.0,216.55,1
20.5498184,1564.3,5.5484,0.038064,657.0,44.11,1
17.4217322,208.4,4.718,0.013447,727.0,65.92,0
5.931196562,1007.4,2.4999,0.03417,562.0,23.5,1
0.837491225,190.4,1.796,0.012545,1980.0,3630.32,1
7.40611676,417.9,2.8826,0.018065,678.0,49.89,1
21.803708,246.4,3.369,0.014698,473.0,11.82,1
4.66229074,345.4,3.73,0.215459,1166.0,437.35,0
29.9111886,942.0,6.6436,0.027392,541.0,20.31,1
2.908453928,427.5,2.5363,0.216097,1181.0,459.47,0
25.69581456,1130.8,4.0251,0.032548,314.0,2.3,1
25.70280003,5623.8,3.1644,0.363047,562.0,23.68,0
13.64617478,633.0,3.4098,0.022774,678.0,49.89,1
3.213668926,727.8,3.98235,0.02447,1515.0,1244.44,1
8.13121389,111.8,4.2386,0.010132,1117.0,368.36,1
41.8854433,687.4,6.763,0.02918,540.0,20.05,1
13.81733587,223.2,4.261,0.018176,781.0,88.04,1
52.8148051,553.7,7.309,0.0212,562.0,23.57,1
8.30783912,777.5,3.1516,0.025018,751.0,75.09,1
34.0963441,472.7,3.896,0.019891,469.0,11.42,1
6.45442931,586.1,2.6772,0.02404,999.0,234.98,1
3.595769013,383.7,3.1569,0.0183,1296.0,666.88,1
52.6615266,1078.1,3.1592,0.031827,271.0,1.28,1
1.902208647,2343.5,2.19877,0.043475,1346.0,778.26,1
15.90688891,924.7,3.9879,0.027043,588.0,28.32,1
4.973455252,741.6,1.6519,0.028304,867.0,133.55,1
30.5528972,865.2,5.269,0.247336,670.0,47.63,0
4.804469031,744.4,3.4587,0.037977,953.0,194.68,0
1.616883373,437.3,1.6325,0.022557,1774.0,2342.49,1
13.19322809,585.7,5.0036,0.022023,862.0,130.35,1
10.31174786,275.9,3.1818,0.016563,634.0,38.13,1
4.42535097,179.0,3.504,0.012217,1240.0,559.22,1
4.302139338,747.2,2.0289,0.026296,937.0,182.7,1
3.137845914,305.7,1.91,0.016057,1041.0,277.64,1
3.74782314,423.4,5.133,0.222587,1253.0,583.52,0
1.09173174,186.9,1.9719,0.012475,1488.0,1153.1,0
20.68420772,858.5,6.4415,0.027515,729.0,66.83,1
50.6985408,610.9,5.972,0.022503,595.0,29.58,1
2.9926465,105.9,1.81,0.009462,1170.0,443.12,0
39.7529915,549.3,4.9641,0.021483,568.0,24.54,1
9.99760285,638.7,3.4423,0.026397,860.0,129.18,1
90.4117992,1265.0,7.106,0.037092,413.0,6.86,1
13.54057461,461.0,4.4673,0.019582,779.0,87.1,1
1.732346403,182.4,2.2139,0.012335,1546.0,1345.92,1
7.0257409,190.7,2.245,0.014129,969.0,208.92,1
16.21774917,758.3,4.9274,0.025461,664.0,45.87,1
11.72291212,492.2,4.2064,0.020002,766.0,81.46,1
8.661374,160.1,2.972,0.012216,945.0,188.16,0
9.66857386,411.7,2.4656,0.020759,730.0,67.06,1
7.053527145,1480.1,2.3982,0.03487,547.0,21.17,1
9.521644639,1491.3,2.3569,0.034895,495.0,14.2,1
3.072146607,539.0,1.8732,0.020999,722.0,64.09,1
4.645382149,565.5,2.0271,0.021552,629.0,36.9,1
9.82578495,433.3,5.2498,0.022271,935.0,180.36,1
25.30291816,2105.7,4.4903,0.040771,535.0,19.39,1
21.30020491,659.8,4.0852,0.023429,725.0,65.37,1
289.864067,529.1,7.565,0.024234,257.0,1.03,1
10.29767658,655.5,6.649,0.222876,1022.0,258.09,0
51.0674355,597.5,4.374,0.022886,499.0,14.69,1
1.682695938,703.8,1.3867,0.0239,750.0,74.7,1
17.30795548,633.0,5.1126,0.022671,815.0,104.37,1
10.423677439,777.3,5.2257,0.025563,1012.0,247.48,1
2.09227115,207.6,2.4062,0.013112,1648.0,1746.66,1
45.29422297,477.1,6.83,0.019806,524.0,17.75,1
16.70920628,839.8,2.7052,0.031103,500.0,14.73,1
28.55158187,807.8,4.1502,0.027009,418.0,7.21,1
4.045057186,752.7,2.9954,0.319275,1126.0,381.17,0
10.13958818,1155.9,2.6446,0.030853,447.0,9.41,1
43.5859419,1708.7,4.6814,0.037463,275.0,1.35,1
0.986785834,450.0,1.1879,0.019263,1054.0,292.35,1
5.91037674,256.9,3.421,0.01454,937.0,182.47,0
27.4536146,136.4,3.747,0.011753,457.0,10.34,1
8.22241355,1468.6,2.71,0.033971,558.0,22.86,1
0.635587392,147.7,4.7,0.162777,2587.0,10637.41,0
13.02363236,607.0,3.9734,0.022266,743.0,71.85,1
11.6370303,604.3,3.3372,0.022173,857.0,127.46,1
5.68798675,476.4,2.2682,0.021092,1088.0,330.44,1
3.055171082,8665.3,1.6798,0.326974,1358.0,804.33,0
5.40426917,860.6,2.5315,0.027036,1073.0,312.93,1
11.67894236,1185.1,1.2641,0.039589,830.0,112.07,1
1.208462378,227.3,1.544,0.015571,1767.0,2307.65,1
2.85188338,114.9,2.666,0.010188,1398.0,903.77,1
12.91385906,487.9,5.3685,0.022845,849.0,122.66,1
54.31996151,1975.0,8.5858,0.041779,584.0,27.4,1
252.0792347,5582.6,3.9808,0.370862,318.0,2.42,0
27.04627886,900.8,2.666,0.035403,636.0,38.62,0
3.723560726,540.0,3.435,0.026865,1401.0,910.65,0
3.705991661,501.4,5.1658,0.021488,1281.0,637.42,1
5.188671659,548.9,5.0534,0.024519,2118.0,4750.81,0
2.236100588,27241.0,1.8643,0.640334,1255.0,586.38,0
40.606895,657.5,5.756,0.023844,521.0,17.4,1
13.76710058,684.8,2.9105,0.026957,595.0,29.55,1
6.1954595,296.4,2.952,0.016505,776.0,85.77,1
3.25058201,218.4,2.2537,0.014363,962.0,202.09,1
8.34819209,288.9,2.835,0.017427,702.0,57.48,1
2.399069173,286.6,3.2576,0.016289,1354.0,792.76,0
91.172033,368.5,6.676,0.017331,360.0,3.96,0
3.701765401,288.3,2.6061,0.016667,1050.0,286.23,1
86.4943704,995.2,7.471,0.031289,367.0,4.29,1
5.17968868,121.8,3.7256,0.212432,972.0,211.06,0
51.84688984,9636.3,4.7769,0.095348,413.0,6.9,1
4.180048081,1765.6,2.4479,0.037538,957.0,197.81,1
68.832195,678.1,3.31,0.024975,411.0,6.71,0
1.729367077,484.4,1.7442,0.019899,1284.0,643.54,1
5.26640614,59294.0,3.6163,0.296518,1163.0,431.87,0
44.18938922,4293.5,6.8151,0.132398,537.0,19.73,0
29.00789166,906.3,5.0274,0.03013,498.0,14.59,1
47.878243,910.0,4.066,0.119641,317.0,2.38,0
13.69942266,1292.9,4.3409,0.032372,771.0,83.6,1
4.309381978,310.7,2.8977,0.015879,1134.0,390.76,1
4.9213639,761.3,1.8806,0.024565,868.0,134.02,1
87.0912594,1129.1,7.0,0.035555,321.0,2.52,1
1.583160478,732.6,1.1935,0.029555,1619.0,1625.93,0
18.49234792,1655.5,3.4744,0.036503,603.0,31.27,1
7.930583519,826.1,3.6083,0.027039,899.0,154.36,1
7.07136119,65.7,2.757,0.007798,719.0,63.11,1
9.50150926,509.5,6.852,0.259878,843.0,119.55,0
15.65563866,955.9,3.9305,0.027942,623.0,35.62,1
9.17858526,796.5,2.1945,0.026756,753.0,76.14,1
4.33144839,216.4,2.58,0.013434,939.0,183.62,0
23.67513153,980.4,4.647,0.032391,528.0,18.38,1
29.19899219,2047.2,5.1227,0.040459,540.0,20.05,1
160.0191598,1552.8,5.472,0.041725,306.0,2.08,1
10.854095934,1034.4,3.7768,0.029604,765.0,80.88,1
55.3291399,325.7,6.918,0.016221,436.0,8.55,1
17.177328207,24419.0,7.6702,0.143884,720.0,63.7,0
7.064252021,728.9,1.3867,0.027117,769.0,82.76,1
43.501748,167.1,10.755,0.01487,996.0,232.53,0
19.44639139,926.0,3.6227,0.031094,681.0,50.73,1
6.91986988,170.1,3.4253,0.013367,961.0,201.41,1
16.6658994,754.2,4.1934,0.025297,702.0,57.31,1
4.16696628,877.7,2.7535,0.026616,1053.0,291.34,1
0.535224793,228.7,3.3402,0.013487,1783.0,2385.75,0
11.46347165,1048.6,2.599,0.029133,752.0,75.57,1
39.6034,572.7,6.487,0.021546,497.0,14.47,1
2.940304817,472.4,2.7226,0.022515,1256.0,588.66,1
5.378868001,483.4,2.7222,0.022038,833.0,113.59,1
15.28467725,321.3,6.0768,0.017992,852.0,124.4,1
73.506021,485.6,5.734,0.020665,471.0,11.66,0
21.05349939,496.6,7.1605,0.02018,731.0,67.48,1
127.905412,4020.6,14.475,0.058973,401.0,6.09,1
6.21716039,211.2,4.4289,0.013325,1098.0,343.21,1
21.05647572,1293.6,1.238,0.041349,732.0,67.74,0
31.80514278,4675.3,7.6213,0.369469,553.0,22.05,0
37.60936976,27591.0,6.8615,0.161447,508.0,15.8,0
49.26678528,8494.0,5.5692,7.445899,538.0,19.79,0
3.613757526,4872.2,5.9128,0.071239,1182.0,461.67,0
7.381980206,1433.8,3.1152,0.034222,876.0,138.88,1
17.58751692,1377.8,4.3773,0.033351,706.0,58.6,1
11.34436822,586.3,5.558,0.2096,703.0,57.67,0
1.576341127,335.1,3.1232,0.016263,1797.0,2460.7,0
18.47762694,2604.6,1.94,0.050013,267.0,1.21,1
58.36205791,5374.7,6.3363,0.06741,446.0,9.33,1
5.350156114,764.8,2.2647,0.024953,989.0,226.02,1
6.38899658,543.3,3.5032,0.025119,970.0,209.17,1
14.62709685,396.4,4.097,0.023474,736.0,69.31,1
35.1184432,542.4,4.59,0.028309,550.0,21.57,1
8.00579096,629.7,3.0549,0.023088,956.0,197.06,1
4.26374378,182.0,2.2725,0.012564,1179.0,457.15,1
84.6877524,347.7,10.0248,0.017238,611.0,32.96,1
2.340523247,175.4,3.156,0.013043,1456.0,1063.8,0
25.85499978,610.5,3.8737,0.022792,637.0,38.81,1
10.68758211,777.7,3.3812,0.028544,780.0,87.41,1
20.30303506,533.4,4.5038,0.023337,630.0,37.12,1
39.0930875,476.3,5.687,0.022964,602.0,31.11,0
12.56096618,923.1,3.7647,0.027423,734.0,68.49,1
30.8261043,742.2,5.914,0.031848,544.0,20.68,1
3.696121272,383.4,2.463,0.017627,1095.0,340.33,1
3.42806306,178.4,2.417,0.012074,1131.0,386.14,1
13.24931848,647.6,4.4859,0.024323,806.0,99.54,1
22.4098677,69.8,2.271,0.009062,489.0,13.55,0
363.706662,1624.6,8.553,0.045248,283.0,1.51,0
18.00932214,3004.4,4.9611,0.05176,658.0,44.29,1
22.18431824,1593.0,3.0397,0.035648,546.0,21.06,1
276.32360146,81.3,9.8964,0.008829,352.0,3.63,0
5.28691996,41.5,2.579,0.006312,792.0,92.97,1
6.51003001,602.8,3.3095,0.022098,1017.0,253.24,1
35.18105723,987.7,7.545,0.031415,664.0,45.89,1
11.75560012,648.8,4.7,0.254375,716.0,62.19,0
17.79421914,1549.4,4.1918,0.287451,606.0,31.94,0
6.12601169,40.2,1.733,0.005889,1141.0,400.49,0
29.02235217,637.6,4.0263,0.027485,559.0,23.06,1
3.383540239,255.7,1.403,0.015341,1133.0,389.19,1
2.358952404,94.1,1.593,0.008881,1278.0,630.43,1
20.72904234,561.7,2.8066,0.022176,530.0,18.68,1
1.632916419,209.2,1.5599,0.012892,1237.0,554.07,1
7.216951388,4284.5,1.89082,0.360527,1055.0,292.7,0
15.85238672,928.5,5.179,0.293454,775.0,85.35,0
4.147021189,3680.7,2.8997,0.055579,1258.0,590.84,1
15.22895514,1124.8,2.5967,0.033813,639.0,39.4,1
24.67458244,650.6,3.2648,0.026266,544.0,20.71,1
3.750832927,2397.9,1.9457,0.044422,1129.0,383.77,1
21.34736612,630.5,4.184,0.027345,648.0,41.65,1
7.81100952,126.7,3.231,0.0116,906.0,159.24,1
4.243748097,1409.7,3.3603,0.034313,1063.0,301.46,1
2.404483552,0.8,0.2961,0.001881,2078.0,4402.44,0
13.54204116,338.7,3.334,0.018099,794.0,93.98,0
2.752359689,791.9,2.0722,0.025966,1178.0,455.43,1
13.98177862,1018.4,2.958,0.029383,553.0,22.1,1
44.0003975,599.6,5.1115,0.02192,377.0,4.79,1
247.354914,1291.8,8.677,0.032169,212.0,0.48,1
462.12069,633.7,10.42,0.023097,249.0,0.91,0
12.39894005,702.9,4.262,0.033535,890.0,148.37,0
207.5829306,505.1,7.0686,0.023144,453.0,9.97,1
7.26731094,659.1,2.2691,0.023657,464.0,10.93,1
13.3430025,799.7,2.7399,0.026639,379.0,4.87,1
3.886795001,471.3,1.7574,0.020036,571.0,25.26,1
22.40777833,661.3,3.2881,0.023714,319.0,2.44,1
20.35509657,25080.0,5.33265,0.149056,720.0,63.6,0
5.92240377,413.4,3.691,0.023559,1087.0,329.86,0
77.6114427,814.5,7.1786,0.02568,397.0,5.87,1
18.20795835,1596.9,3.7965,0.038279,551.0,21.86,1
12.70636123,871.7,2.395,0.029987,697.0,55.86,1
10.94577783,532.8,3.0937,0.023673,881.0,142.23,1
28.9869016,471.6,3.6233,0.022565,637.0,38.82,1
94.886902,641.7,6.923,0.035401,429.0,7.99,1
5.03505665,151.5,1.804,0.013596,1141.0,401.23,1
24.7222403,290.1,4.53,0.015413,536.0,19.53,0
11.90352088,633.0,4.297,0.023415,827.0,110.54,1
9.286964466,691.7,3.3649,0.023784,762.0,79.68,1
34.0350605,727.8,6.695,0.025247,583.0,27.24,1
12.75934489,882.1,3.5889,0.028553,633.0,37.95,1
5.433132902,328.2,2.4012,0.017857,841.0,118.56,1
0.967427812,9127.8,5.8883,0.374634,1419.0,956.61,0
10.64021008,455.3,5.4381,0.02134,963.0,203.48,1
4.93883135,123.5,4.388,0.01068,1244.0,566.38,1
5.996533443,711.4,3.3129,0.024912,1025.0,260.49,1
2.06190864,214.0,1.9743,0.013746,1463.0,1082.28,1
20.13490007,1035.2,3.7962,0.032994,544.0,20.66,1
88.2553729,1132.2,4.539,0.036768,326.0,2.67,1
22.418319842,11929.0,5.349,0.111908,563.0,23.8,0
20.131477716,8243.2,3.2806,0.391955,670.0,47.49,0
6.010383339,2652.1,2.1939,0.047131,768.0,82.31,1
1.334101467,120.8,2.1033,0.010106,2169.0,5207.55,0
8.1808949,723.5,2.7546,0.024994,716.0,62.21,1
15.31296388,864.9,3.0935,0.027875,581.0,26.98,1
18.42794957,706.6,2.9264,0.026288,526.0,18.05,1
8.8249556,121.1,2.976,0.010131,928.0,175.17,0
7.30497811,10930.0,4.5414,0.133626,760.0,78.87,0
5.115750935,1055.8,2.5378,0.505225,1202.0,493.38,0
1.213745575,2012.2,5.5835,0.300534,1246.0,572.53,0
1.423799421,2008.4,1.4866,0.042151,1659.0,1791.61,0
14.78767172,781.8,6.1191,0.025359,827.0,110.42,1
4.16536757,120.0,3.2935,0.010027,1048.0,284.49,1
14.48584765,457.1,3.1365,0.024271,784.0,89.16,1
40.6992062,429.9,7.074,0.021549,685.0,52.05,1
4.532402495,339.1,3.12,0.028823,1160.0,426.69,0
25.273355,496.1,34.48,0.232114,579.0,26.57,0
15.458056682,4253.2,8.79536,0.059289,871.0,136.4,1
3.173914037,303.0,3.6069,0.017772,1655.0,1769.83,1
379.11996,1107.7,7.22,0.030977,221.0,0.57,0
9.84824649,436.7,5.7471,0.019691,947.0,189.82,1
19.7243672,577.9,7.202,0.026226,751.0,75.23,1
51.75530504,609.2,7.4355,0.023742,515.0,16.6,1
7.38443269,349.8,5.7351,0.017768,1042.0,278.67,1
7.06115081,1526.9,3.547,1.855784,886.0,145.61,0
7.23858162,268.2,3.1199,0.014748,816.0,104.51,1
161.4746786,828.2,10.572,0.028533,343.0,3.27,1
6.277827312,1856.8,8.6841,0.050019,985.0,222.45,0
16.71987303,523.1,3.317,0.021311,767.0,81.63,1
12.011661094,14294.0,3.77516,0.210985,1317.0,710.87,0
3.275821982,274.9,3.0427,0.016437,1730.0,2121.23,1
15.87360981,415.6,3.5246,0.018967,632.0,37.68,1
12.3860474,151.3,2.604,0.011472,679.0,50.23,1
1.360834768,1570.5,1.4886,0.076031,1660.0,1792.47,0
7.256962446,463.2,4.9402,0.020856,1163.0,432.1,1
29.66631669,668.0,8.412,0.023633,644.0,40.68,1
16.2254975,120.4,6.471,0.010102,788.0,90.93,1
1.260258822,1130.7,1.8594,0.034238,1569.0,1435.82,1
0.542122617,88.3,1.283,0.008585,2238.0,5914.13,0
5.25449393,169.0,3.078,0.013572,975.0,213.25,1
5.924993927,1608.1,2.8874,0.042444,758.0,77.91,1
11.34934848,1249.8,3.1101,0.03229,610.0,32.75,1
26.94927489,19964.0,10.6977,0.131873,395.0,5.78,0
23.6421965,1102.2,5.018,0.03015,595.0,29.65,1
67.0930642,1254.2,7.334,0.036415,420.0,7.38,1
17.97979816,459.1,5.5828,0.019546,828.0,111.12,1
30.99664113,655.3,2.9182,0.026055,500.0,14.72,1
2.462344253,180.1,1.8113,0.012128,1326.0,730.86,1
4.822969318,332.1,0.8752,0.020176,1060.0,297.73,1
28.7796446,253.2,8.349,0.01708,619.0,34.65,1
15.66057688,384.1,7.012,0.017953,758.0,78.01,1
17.42115972,928.1,4.9974,0.029277,674.0,48.91,1
3.13295351,435.2,2.2207,0.018691,937.0,181.84,1
18.64349986,813.4,1.8491,0.028845,517.0,16.91,1
93.803766,460.1,2.946,0.020536,375.0,4.69,0
24.5434566,1151.3,7.2518,0.031008,616.0,34.07,1
51.07926451,736.8,6.3729,0.024683,503.0,15.17,1
4.350413063,192.5,1.7694,0.013161,1088.0,331.98,0
1.376384817,365.9,1.745,0.018035,1343.0,770.31,0
45.977861823,23886.0,7.4493,0.142767,541.0,20.32,0
29.90721859,588.0,4.8475,0.022053,564.0,23.92,1
7.03380109,138.5,6.4185,0.012372,1320.0,718.45,0
3.032147946,488.6,3.8627,0.022926,1507.0,1218.88,1
15.96532718,482.2,4.5837,0.021282,872.0,136.42,1
12.718711489,8378.9,2.48998,0.688677,1042.0,279.33,0
18.79418506,1529.0,3.2906,0.035431,412.0,6.79,1
6.73893544,601.3,2.813,0.021833,579.0,26.64,1
14.49839316,3271.1,3.7343,0.06429,607.0,32.22,0
10.3392408,1184.6,3.075,0.031329,777.0,86.46,1
8.50339249,188.9,2.9569,0.014143,1021.0,257.22,1
23.7832097,256.5,7.939,0.014585,725.0,65.26,1
3.041547148,20691.0,3.22798,0.424637,1544.0,1344.31,0
5.16949729,210.6,4.5122,0.01336,1309.0,694.32,1
5.41460536,4080.1,33.787,0.363842,1737.0,2150.63,0
30.86436512,551.3,2.9557,0.024615,527.0,18.22,1
9.36059705,236.5,3.2069,0.015651,784.0,89.47,1
14.6672293,198.1,3.742,0.013386,675.0,49.12,1
68.1609897,295.6,5.662,0.015986,405.0,6.34,1
13.28689997,1039.6,3.2825,0.029278,715.0,61.8,1
1.287076693,729.4,1.4942,0.024255,871.0,135.97,1
17.6717714,918.6,3.4202,0.032562,513.0,16.38,1
23.355341391,38524.0,4.60672,0.218013,601.0,30.96,0
23.44970494,315.6,8.6567,0.016268,802.0,97.94,1
1.73513619,952.6,2.2741,0.027957,1554.0,1372.87,1
11.95474513,903.4,2.1433,0.028458,906.0,159.04,1
42.55930625,2303.5,3.0148,0.053978,527.0,18.24,0
16.080657264,3076.0,2.8701,0.049706,614.0,33.64,1
18.16407304,943.2,2.9355,0.027346,508.0,15.72,1
7.334073405,326.9,2.7308,0.01718,870.0,135.81,0
5.71489692,425.9,2.3572,0.018387,747.0,73.38,1
122.3858681,711.1,7.123,0.023749,269.0,1.24,1
1.274840187,229.2,14.833,0.21287,2498.0,9187.9,0
179.609803,1273.0,13.755,0.034951,389.0,5.41,1
1.368617188,126.9,1.6235,0.010622,2255.0,6108.26,0
1.125963085,146.0,1.5034,0.011581,1988.0,3689.22,0
8.59481851,336.5,3.254,0.017524,854.0,125.48,1
10.22215697,238.2,1.1939,0.017212,806.0,99.68,1
25.6721559,387.1,5.9629,0.020797,683.0,51.47,1
151.8851881,360.6,12.091,0.019153,378.0,4.81,1
1.065731229,3639.6,1.7499,0.348229,5118.0,161806.81,0
18.39629744,680.2,2.7838,0.02808,582.0,27.09,1
1.012672041,1197.6,3.0512,0.040293,2337.0,7026.31,0
28.714216138,43702.0,6.0624,0.272653,794.0,93.74,0
21.77568158,797.9,7.9588,0.025733,853.0,125.14,1
41.0283424,541.4,9.8052,0.021195,691.0,53.8,1
0.83442282,50.9,1.873,0.006522,1854.0,2794.84,0
1.906633332,268.0,3.0825,0.020059,1847.0,2745.66,0
4.069425638,549.1,2.0396,0.020652,802.0,97.72,1
4.06844957,79.8,2.8349,0.008409,1170.0,442.08,1
16.28247625,792.6,2.9227,0.025366,505.0,15.37,1
3.162692075,503.7,1.9529,0.022069,1308.0,692.32,1
31.7848157,444.5,8.8077,0.019205,752.0,75.59,1
13.17555999,280.0,6.6677,0.015243,1009.0,244.58,1
5.66815821,119.7,4.9064,0.009996,1336.0,752.7,1
17.40665216,586.9,6.864,0.022193,814.0,104.04,1
6.41496453,201.2,3.9015,0.19961,1153.0,417.97,0
5.370639542,491.3,2.1121,0.021479,1096.0,341.68,1
11.32977062,162.4,3.845,0.011589,855.0,126.21,1
23.20579353,342.5,4.3243,0.016596,1002.0,238.21,1
6.07972016,290.8,7.1228,0.015794,1111.0,360.77,1
14.40090414,379.6,4.1682,0.02071,828.0,111.24,1
7.69363627,295.1,5.0324,0.015935,1069.0,308.61,1
21.3851584,663.9,4.0819,0.02406,574.0,25.63,1
5.37493289,155.8,3.9567,0.011506,1413.0,942.35,1
8.58600968,102.1,3.3443,0.009957,1208.0,503.98,1
3.88688862,58.3,3.683,0.007007,1574.0,1448.04,1
2.192009479,1475.6,2.9453,0.292251,1446.0,1030.69,0
8.254912972,19242.0,6.8822,0.130017,793.0,93.46,0
2.628117322,936.8,1.8289,0.029172,737.0,69.56,1
3.170626881,14610.0,2.7189,0.127297,1314.0,704.88,0
25.6613816,166.5,4.459,0.013624,683.0,51.48,1
10.21418792,303.8,5.8201,0.015775,957.0,198.34,1
2.755637216,536.7,1.8559,0.022754,757.0,77.57,1
36.2671673,627.1,2.065,0.022172,347.0,3.44,0
14.91095177,864.5,3.325,0.026641,694.0,54.87,1
20.30652862,715.4,2.8014,0.026202,389.0,5.4,1
44.6996563,837.7,6.2289,0.02674,500.0,14.81,1
3.619309734,206.6,3.0504,0.012902,1156.0,422.53,1
124.5245224,689.9,9.654,0.023514,356.0,3.78,1
2.178150857,162.5,1.931,0.012106,1282.0,636.74,0
2.178150567,511.3,3.5065,0.249688,1796.0,2457.28,0
25.33709016,2279.4,9.664,0.050052,414.0,6.93,0
4.396999852,4576.8,1.875,0.107517,1231.0,543.48,0
14.28228147,983.2,2.6588,0.027965,446.0,9.38,1
1.16015259,170.2,1.3433,0.013013,1751.0,2229.29,0
3.743166733,126.3,3.6888,0.010306,1423.0,971.76,1
13.13747785,212.8,4.8655,0.014821,825.0,109.68,1
7.78199862,106.9,3.947,0.010595,983.0,220.8,1
2.2227289,279.1,2.617,0.014994,4454.0,93172.12,0
23.4433748,85.0,5.768,0.010373,681.0,50.72,1
5.868066282,436.5,4.1246,0.021224,1254.0,584.32,1
1.61189046,101.1,3.0792,0.010126,1930.0,3267.98,1
9.940666412,520.2,3.9092,0.020908,996.0,233.04,1
4.182001885,847.4,2.2209,0.02602,974.0,213.29,1
1.621668852,7662.0,1.7517,0.310564,1598.0,1546.28,0
14.70749512,262.0,3.1506,0.014617,819.0,106.22,1
20.73989406,616.1,3.1505,0.025087,536.0,19.47,1
47.4277116,820.4,5.2679,0.02774,407.0,6.46,1
5.07442951,250.2,4.064,0.014777,929.0,175.75,0
12.874712426,3860.7,2.2491,0.072414,926.0,173.5,1
176.2432946,4981.4,5.0423,0.358206,353.0,3.68,0
3.07155284,86.0,4.0935,0.009729,1556.0,1389.97,1
22.24814617,613.7,4.1483,0.026424,609.0,32.58,1
4.305219002,9738.6,2.6845,0.094666,1119.0,370.84,0
13.779711352,25479.0,7.63871,0.147857,1376.0,848.24,0
2.508057497,1507.6,1.1134,0.039108,997.0,234.06,1
5.07437786,605.7,5.942,0.236223,1008.0,244.04,0
0.900375925,41.4,1.257,0.005833,2078.0,4399.18,1
4.585466941,383.5,3.4437,0.020175,1307.0,688.54,1
22.71443351,575.1,6.0875,0.024589,766.0,81.57,1
47.903427,379.3,6.191,0.02177,598.0,30.17,1
9.034190783,577.6,1.5501,0.025742,586.0,27.87,1
1.433339604,305.2,1.3665,0.019089,1677.0,1873.33,0
37.86511904,6941.7,2.9799,0.383769,535.0,19.31,0
9.07098164,1026.2,2.6903,0.028977,825.0,109.61,1
2.879243323,48050.0,2.6273,0.217491,1244.0,565.39,0
45.15535633,6208.7,5.7845,0.072072,523.0,17.68,1
9.48965527,262.2,3.587,0.016446,926.0,173.79,1
4.22865217,150.0,3.3275,0.011156,1379.0,854.59,1
2.85889907,55.7,1.465,0.008848,989.0,226.09,0
7.46662068,120.9,3.87,0.010079,1141.0,401.08,1
16.25951967,129.5,3.854,0.010516,880.0,142.1,1
11.1317901,95.5,4.051,0.009009,999.0,235.55,1
28.1224393,194.3,4.174,0.012866,401.0,6.13,1
11.427550984,500.9,4.6074,0.021404,852.0,124.31,1
0.983304511,79.9,1.78,0.008406,2121.0,4774.53,0
45.9029768,361.8,5.0041,0.016968,341.0,3.19,1
4.159816554,160.3,1.6261,0.012296,759.0,78.4,1
5.69059163,1384.3,2.557,0.035077,860.0,129.31,1
4.885488596,7458.4,5.16165,0.079898,1496.0,1182.79,1
130.17802962,11571.0,8.4534,0.098365,367.0,4.31,1
85.3162004,1902.6,2.7441,0.059763,423.0,7.57,1
10.34973276,119.0,4.4859,0.011865,930.0,177.25,1
16.08786246,612.5,3.095,0.025603,668.0,47.17,1
41.74938613,1055.4,5.6098,0.029414,486.0,13.22,1
0.56680081,127.7,3.6116,0.010174,2038.0,4065.92,0
4.41746257,291.0,2.965,0.015765,1810.0,2536.07,1
8.981014925,1059.3,1.8478,0.029697,880.0,141.77,1
16.33888067,1718.4,9.3599,0.036942,963.0,203.31,1
39.1307086,201.0,2.295,0.01305,600.0,30.75,0
10.04157214,1114.0,2.6577,0.033566,712.0,60.74,1
18.36974658,1143.3,2.939,0.040429,582.0,27.14,1
2.79590004,383.7,2.056,0.018787,1090.0,333.31,1
13.72462702,281.8,6.9758,0.016659,831.0,112.82,1
46.40626,469.1,7.0281,0.019827,588.0,28.23,1
15.67750191,115.5,5.5082,0.011755,810.0,101.79,1
5.59931543,84.8,3.8944,0.010106,1142.0,402.39,1
25.2100146,62.1,6.553,0.007878,691.0,54.06,1
17.79001678,871.4,4.4116,0.026716,655.0,43.5,1
49.5674085,730.0,4.002,0.028762,465.0,11.09,1
6.790120801,2302.3,6.0437,0.045139,1434.0,998.97,1
1.655467295,1059.4,3.2424,0.028628,1080.0,322.97,0
7.972510087,3139.0,2.9754,0.055326,497.0,14.45,1
2.453236139,1723.2,1.6691,0.038903,737.0,69.36,1
11.9710626,421.8,2.7607,0.036507,1044.0,280.97,0
6.0404622,241.0,1.98,0.014443,841.0,118.56,1
4.13852825,256.5,2.281,0.014382,954.0,196.51,1
3.936993144,1266.0,1.887,0.036449,1004.0,240.16,1
28.08185982,1840.3,4.5288,0.039445,522.0,17.52,1
23.66834635,449.4,5.8297,0.021099,668.0,47.11,1
10.08881066,1995.9,1.7726,0.05115,734.0,68.62,1
6.97106919,452.8,3.9125,0.019306,946.0,189.16,0
1.311842968,245.1,1.7876,0.014172,1562.0,1410.6,1
38.13853099,1230.2,3.8617,0.268707,873.0,137.15,0
14.58649856,378.7,4.0249,0.018838,852.0,124.89,1
1.05569286,37.5,1.289,0.005479,1395.0,898.72,0
7.75192755,407.3,3.5413,0.018961,852.0,124.47,1
31.80475991,360.6,8.699,0.020187,664.0,45.9,1
16.2580276,47.0,6.375,0.00623,830.0,112.41,1
8.600153929,4510.2,9.0015,0.062067,1703.0,1986.75,1
3.719809197,2958.2,3.5317,0.340144,1873.0,2912.21,0
0.73975345,481.8,4.2,0.020433,1818.0,2580.0,0
1.612249049,154.0,4.235,0.18171,2713.0,12788.25,0
44.258173075,20542.0,7.58264,0.147179,845.0,120.38,0
3.05933906,1169.2,1.7332,0.29539,1434.0,999.16,0
0.624677585,37.3,2.411,0.005852,4391.0,87591.59,0
0.759763198,202.5,3.083,0.013444,1752.0,2227.19,0
372.37369,666.1,12.33,0.023812,267.0,1.2,0
126.55719,366.4,8.079,0.022691,524.0,17.85,1
12.435190544,71.9,3.8305,0.007614,545.0,20.93,0
20.0983676,157.8,5.207,0.011476,775.0,85.34,1
85.112898,513.8,2.503,0.020725,422.0,7.48,0
0.504426087,614.5,1.6276,0.34519,2339.0,7077.76,0
9.6887216,655.5,2.0,0.023646,1014.0,250.25,1
19.597317,1014.1,4.508,0.033991,671.0,47.9,1
13.06243545,464.3,3.244,0.019052,527.0,18.25,1
0.793663156,186.2,0.8244,0.012638,1614.0,1600.85,0
2.81401302,55.7,5.801,0.007047,1723.0,2081.51,0
3.74031708,165.6,2.394,0.011906,1287.0,646.81,1
0.851678507,67.9,2.028,0.007564,1840.0,2698.28,0
205.30627,671.0,7.86,0.023765,314.0,2.29,0
0.978046982,838.8,2.6137,0.259884,3146.0,23083.37,0
1.332566763,384.9,4.001,0.018097,1318.0,713.45,0
1.89131005,155.6,5.687,0.052345,1590.0,1507.16,0
0.692978457,61.0,1.1366,0.008898,3186.0,24240.83,1
185.53285,877.0,31.46,0.298838,302.0,1.96,0
0.885131111,93.2,3.377,0.009475,1818.0,2579.83,0
1.85447373,306.8,2.665,0.016357,1221.0,527.79,0
0.502622858,146.0,3.085,0.011782,2478.0,8838.66,0
31.8055128,141.7,3.979,0.011023,378.0,4.84,1
3.50472344,90.7,1.9464,0.008606,1019.0,254.49,1
124.827797,647.5,6.479,0.022786,350.0,3.56,1
0.786260569,877.1,4.556,0.258433,1192.0,477.45,0
0.597934463,515.0,3.1225,0.246208,2126.0,4834.45,0
360.76458,383.7,21.22,0.762734,216.0,0.52,0
2.15292788,41.4,3.043,0.006014,1841.0,2708.61,0
2.61585431,169.8,6.519,0.012392,1358.0,803.03,0
31.3351094,264.9,6.071,0.015928,666.0,46.53,1
1.061002863,142.4,1.962,0.010995,1679.0,1883.03,0
363.35755,395.3,19.85,0.017702,305.0,2.05,0
0.924821319,122.4,2.594,0.010312,1963.0,3514.31,0
4.4697452,241.5,5.33,0.019742,1248.0,574.11,0
214.881456,759.2,9.581,0.024625,286.0,1.59,1
122.906853,819.7,15.97,0.03757,338.0,3.08,0
12.422216754,54.5,6.5533,0.006773,864.0,131.73,0
4.85018974,64.5,5.676,0.01031,1098.0,344.04,1
383.43595,1228.0,11.059,0.031843,214.0,0.5,0
3.82315697,47.2,2.388,0.006294,1282.0,638.38,1
0.842336445,80.1,1.519,0.008213,1941.0,3367.24,0
0.914468919,3426.3,2.695,0.341086,1884.0,2978.16,0
1.54039744,127.6,1.787,0.01114,1520.0,1267.95,0
8.45805119,258.7,2.998,0.015703,1117.0,367.05,1
101.1107014,878.1,8.029,0.026318,229.0,0.65,1
0.907943645,1028.9,1.9144,0.387729,2219.0,5715.61,0
94.446856,436.4,7.502,0.02636,611.0,32.93,0
0.92565941,30.0,1.488,0.005009,2383.0,7600.86,0
0.537110149,92.0,1.7976,0.116204,3195.0,24545.75,0
9.84262076,626.4,1.6018,0.022683,801.0,97.62,1
2.99194823,99.6,4.39,0.009778,1019.0,255.16,0
62.3026877,859.3,7.509,0.028719,454.0,10.05,1
72.3826983,366.4,8.279,0.019396,575.0,25.83,1
360.33012,1022.0,15.16,0.028979,200.0,0.38,0
0.566803149,246.0,1.643,0.016134,2380.0,7612.11,0
15.3466028,238.5,4.966,0.01477,1194.0,480.12,0
0.531106622,5133.6,3.0293,0.090648,1781.0,2371.49,0
1.332547503,130.3,4.521,0.01131,1719.0,2062.92,0
225.585245,754.9,11.166,0.024932,348.0,3.48,1
24.4972683,449.1,5.43,0.021608,722.0,64.25,1
4.20253859,31.5,5.389,0.006446,1136.0,394.08,0
0.535578808,193.6,1.7973,0.236948,2870.0,16161.27,0
0.89486317,172.0,2.657,0.012638,1764.0,2296.25,0
4.62602867,346.9,0.643,0.018932,1012.0,247.34,1
8.93484887,135.9,2.579,0.012415,1124.0,377.25,1
7.04716175,150.8,2.693,0.012952,817.0,105.1,0
368.71479,1210.0,16.46,0.956304,236.0,0.73,0
119.0192648,1977.0,8.1,0.044969,350.0,3.53,0
8.40693068,167.1,1.866,0.011643,1048.0,285.67,1
0.974479091,221.2,1.866,0.013336,1513.0,1239.32,0
3.57017774,79.6,4.473,0.007613,6119.0,331478.01,0
1.10601182,52.9,2.577,0.00688,1903.0,3093.39,0
6.873655305,181.3,3.5415,0.012189,906.0,159.51,0
0.626281766,433.1,1.1812,0.019583,1711.0,2011.27,1
2.790643481,202.0,0.6871,0.014965,816.0,104.74,1
0.971915957,73.7,1.6023,0.008139,1609.0,1591.27,1
3.03196812,81.5,1.723,0.008297,1269.0,614.2,1
1.2940561,51.2,0.97,0.006749,4465.0,93976.84,0
0.53936593,145.0,5.434,0.015878,5016.0,149399.93,0
0.643703667,172.0,0.801,0.012176,2358.0,7305.66,0
0.735146413,275.4,5.053,0.207343,5366.0,195250.9,0
0.827351796,44.7,2.1885,0.006298,2208.0,5583.73,0
0.618952198,8324.1,2.8244,0.391534,497.0,14.29,0
1.31723412,422.7,7.284,0.095187,5471.0,211468.1,0
4.95060632,309.5,1.719,0.016376,885.0,145.23,1
379.08202,1609.1,33.87,0.228834,253.0,0.97,0
366.31509,336.0,12.41,0.017222,353.0,3.65,0
0.536544193,159.5,2.918,0.01136,1745.0,2199.75,0
1.005205893,97.5,1.63,0.009003,1682.0,1893.23,1
43.796785,256.3,18.84,0.202282,542.0,20.4,0
0.952371227,352.5,3.926,0.218302,1870.0,2885.01,0
1.089088292,141.7,1.8599,0.010985,1914.0,3167.63,0
7.7553808,839.6,22.321,0.265403,822.0,107.76,0
0.730949487,87.3,2.367,0.0098,2311.0,6730.38,0
3.95116635,60.9,2.566,0.007162,1160.0,427.07,1
2.89223998,44.3,2.521,0.006001,1287.0,647.55,1
0.991552822,607.2,1.135,0.186561,2558.0,10148.8,0
1.89124187,105.8,4.415,0.009199,1312.0,698.9,0
184.77271,951.4,9.568,0.027576,268.0,1.21,1
392.49728,1062.0,10.53,0.029651,232.0,0.68,0
59.284064,424.4,5.42,0.0193,401.0,6.14,1
6.96704926,213.7,3.73,0.015917,1774.0,2341.58,1
8.8109721,24048.0,4.822,0.439006,881.0,142.58,0
168.81133,614.4,6.582,0.021852,241.0,0.8,1
67.968656,321.8,7.948,0.016483,443.0,9.09,1
2.15681538,106.5,5.115,0.009883,1473.0,1114.9,0
0.708563091,414.5,6.347,0.217374,1587.0,1501.41,0
366.24282,733.7,15.76,0.024655,237.0,0.75,0
1.33256418,162.3,4.701,0.012001,1262.0,602.26,0
12.4258833,93.6,24.83,0.01231,1006.0,242.04,0
1.387838134,136.8,2.252,0.010903,1783.0,2378.53,0
0.678349364,486.0,3.092,0.210526,1844.0,2737.73,0
1.022028468,1344.5,8.866,0.288227,1649.0,1755.39,0
0.72359699,495.6,1.326,0.02155,4699.0,114645.28,0
1.6156052,1582.0,14.55,0.19574,2202.0,5539.33,0
1.8913182,202.3,4.374,0.013008,983.0,221.36,0
494.165759,1440.0,2.239,0.03547,265.0,1.17,0
2.43585046,60.5,2.088,0.007333,2544.0,9880.82,0
1.33255441,106.7,3.828,0.00996,1743.0,2180.2,0
359.1015,496.5,11.461,0.020691,285.0,1.56,0
0.941840589,388.3,5.06,0.216872,2200.0,5547.35,0
1.728521892,92.2,3.361,0.009435,1678.0,1869.82,0
1.89125855,67.9,5.415,0.008015,1671.0,1839.74,0
8.65312868,508.6,3.376,0.209028,857.0,127.5,0
30.0899459,242.6,6.654,0.017063,660.0,44.79,1
1.39862757,45.5,9.625,0.006491,3562.0,38048.23,0
9.91937693,186.7,4.326,0.012428,838.0,116.43,1
0.918510251,52.6,2.587,0.006949,2795.0,14485.22,0
9.47850818,184.6,6.154,0.012482,946.0,189.14,1
0.783258387,328.5,2.2926,0.016344,1559.0,1395.69,0
4.24263096,187.6,2.582,0.012243,926.0,174.24,1
1.231363214,4774.7,5.8101,0.098455,1699.0,1973.12,0
0.755101928,119.8,3.044,0.010157,1763.0,2287.46,0
4.56447463,208.4,6.415,0.013419,902.0,156.74,0
1.027904857,2381.2,1.6381,0.320118,1653.0,1769.2,0
367.95566,1414.1,21.877,0.047688,183.0,0.27,0
163.692336,1138.0,6.853,0.029844,274.0,1.34,1
1.106529843,319.5,6.258,0.021895,1649.0,1746.73,0
111.741576,238.8,3.83,0.013918,676.0,49.4,0
198.088873,1027.7,7.955,0.03061,288.0,1.63,1
1.08193721,115.3,4.788,0.009584,1385.0,870.17,0
2.43142974,146.6,2.713,0.011101,1378.0,852.0,0
1.41975831,60.9,1.429,0.007542,1700.0,1968.38,1
169.135056,640.7,8.931,0.025256,273.0,1.31,1
0.73095491,29.6,2.206,0.005089,2711.0,12770.31,0
3.951383138,405.7,1.0582,0.23944,1083.0,324.78,1
6.84978728,139.2,4.919,0.013842,1081.0,322.19,1
1.111362442,133.9,6.24,0.011357,2820.0,14894.75,0
28.9060526,99.0,3.099,0.010783,414.0,6.94,1
8.10503551,209.9,4.459,0.013451,959.0,199.74,1
8.82715783,368.6,2.019,0.017452,797.0,95.25,1
143.196381,618.1,10.424,0.057329,380.0,4.95,0
9.089151782,110.1,3.1886,0.009711,1848.0,2754.19,0
1.87886973,181.9,3.876,0.013001,1236.0,553.59,0
0.979161676,160.2,2.942,0.012122,1548.0,1357.43,0
0.855922327,130.9,1.514,0.01048,1658.0,1782.11,0
25.9528725,164.1,12.434,0.012663,697.0,55.82,0
0.952374508,204.8,3.006,0.012572,1435.0,1006.13,0
0.936751792,26.4,5.658,0.006508,3814.0,50168.18,0
393.34331,1750.0,9.481,0.03754,140.0,0.09,0
0.621361411,45.0,1.0628,0.0062,2913.0,17004.65,0
0.594310785,112.5,0.9994,0.009817,2068.0,4338.76,0
27.2106807,99.4,10.515,0.012111,725.0,65.27,1
4.31978105,65.8,7.204,0.00811,2111.0,4693.13,0
14.2651545,66.3,3.601,0.00749,853.0,125.45,1
11.17931581,90.6,3.103,0.008869,1159.0,426.61,1
1.284991846,29.1,2.274,0.005074,2491.0,9065.72,0
324.18028,87.9,18.15,0.009248,382.0,5.01,0
0.530959357,84.4,2.417,0.008401,1852.0,2764.64,0
0.996864568,86.7,1.098,0.009016,1588.0,1505.33,0
0.673684895,51.1,1.161,0.006769,2001.0,3803.56,0
56.644452,104.6,16.551,0.009727,733.0,68.37,1
1.710319812,43.6,2.983,0.006258,1426.0,978.84,0
5.62978034,379.2,5.847,0.017539,899.0,154.59,0
1.050852976,41694.0,1.6788,0.420227,1791.0,2423.97,0
1.540398683,73.0,1.5676,0.007891,4689.0,114263.25,0
3.0570982,144.0,3.571,0.011032,1202.0,493.09,1
365.25921,529.0,13.74,0.020993,268.0,1.23,0
372.72688,331.7,12.751,0.019959,326.0,2.67,0
9.9398272,478.6,4.1198,0.989789,819.0,106.5,0
0.866346,116.4,2.011,0.010075,2165.0,5186.18,0
0.885129679,177.3,3.156,0.012834,1780.0,2373.06,0
56.898749,514.0,3.522,0.021547,1107.0,355.22,0
0.438153876,164.8,1.3885,0.138008,2407.0,8008.07,0
398.40957,880.3,11.486,0.027263,279.0,1.44,0
0.696286519,120.8,3.194,0.014139,1969.0,3537.89,0
5.79179934,118.5,3.474,0.011738,1222.0,528.14,1
129.945392,500.1,5.786,0.024432,177.0,0.23,1
1.39772545,181.3,4.129,0.012957,1763.0,2275.72,0
12.4246697,424.0,44.07,0.972824,1099.0,344.8,0
383.00806,632.1,9.71,0.022812,235.0,0.72,0
0.847588864,67.1,2.246,0.007737,2144.0,5000.82,0
331.81534,370.3,10.56,0.01763,267.0,1.2,0
1.75649346,27.5,3.429,0.004865,2745.0,13425.76,0
1.8912501,731.0,7.648,0.270995,1159.0,427.26,0
0.996023763,98.3,5.412,0.156122,1991.0,3727.96,0
36.616669,237.4,8.62,0.015407,548.0,21.35,0
0.566795467,38.2,4.712,0.00578,2254.0,6076.99,0
3.67515329,56.0,7.083,0.007374,1150.0,414.64,0
0.715825886,40.6,1.212,0.005801,1920.0,3196.46,0
26.5487294,142.0,7.968,0.010812,836.0,115.61,1
0.492291661,1107.6,0.894,0.043614,1788.0,2415.37,0
1.6911935,2801.0,9.479,0.058199,1528.0,1292.5,0
2.42803503,73.8,3.045,0.007946,1516.0,1249.87,0
372.94844,253.5,13.879,0.014785,233.0,0.7,0
0.787120016,265.5,3.1648,0.276999,1972.0,3579.78,0
6.28384079,35.7,4.291,0.005442,1108.0,356.49,1
21.131609,73.5,13.66,0.008573,659.0,44.45,0
81.675841,143.4,11.53,0.011975,420.0,7.33,0
28.5463574,153.3,9.29,0.012382,596.0,29.76,0
72.563291,332.3,3.088,0.018229,436.0,8.58,0
174.510276,1530.0,6.689,0.035188,186.0,0.28,1
15.705388,283.7,4.871,0.016299,1181.0,459.41,0
7.65270746,641.1,79.8969,0.030516,989.0,226.81,0
2.27164952,82.4,4.054,0.008338,1522.0,1269.46,1
3.84835742,84.2,10.18,0.008886,1051.0,288.62,0
1.0388961,600.8,4.755,0.720625,2494.0,9145.54,0
293.76887,462.0,4.68,0.021349,271.0,1.28,0
1.87885327,120.9,3.302,0.010341,1406.0,922.49,0
0.785473311,339.6,1.3911,0.016954,1769.0,2325.64,0
5.2438982,162.2,7.881,0.012243,1026.0,262.14,0
441.877824,1300.0,6.647,0.570375,158.0,0.15,0
2.9761504,259.5,6.079,0.014077,811.0,102.54,0
64.0019669,1112.5,4.724,0.032595,322.0,2.55,1
4.83809469,1544.0,1.096,0.036066,354.0,3.7,1
361.91436,228.2,8.68,0.014722,297.0,1.84,0
9.3281912,45.2,3.991,0.006063,788.0,91.02,1
0.629001455,14.7,1.263,0.003604,3375.0,30567.67,0
2.71603664,98.5,1.744,0.009258,1360.0,807.43,1
374.59003,267.9,15.19,0.014807,227.0,0.62,0
319.30633,155.2,6.74,0.011406,279.0,1.44,0
1.75254087,42.5,4.098,0.00621,2423.0,8141.84,0
0.646745436,115.6,1.188,0.012277,2373.0,7468.24,0
3.38557445,121.9,1.879,0.010068,1476.0,1122.9,1
2.754024,172.2,4.15,0.012927,1553.0,1374.41,0
1.975208831,76.3,1.513,0.008328,2064.0,4299.89,0
0.960843605,141.7,3.22,0.155362,1904.0,3120.32,0
4.206109,120.0,5.16,0.010435,999.0,235.01,0
0.962590772,1021.6,1.2569,0.271721,2026.0,3989.37,0
13.3997555,167.3,3.534,0.012052,886.0,145.65,1
0.776950288,396.0,1.288,0.01823,1882.0,2974.07,0
5.93725628,115.6,3.639,0.009854,891.0,148.97,0
4.56383697,201.8,2.271,0.013,980.0,218.18,1
55.119831,114.5,4.703,0.010237,622.0,35.48,0
25.6416117,126.4,5.5,0.010701,803.0,98.5,0
1.33258455,152.7,5.77,0.15299,1680.0,1884.66,0
350.81029,538.3,11.29,0.021345,282.0,1.51,0
0.341842017,285.6,1.1554,0.021058,2023.0,3991.16,1
0.570953851,76.1,0.998,0.008053,2464.0,8688.17,0
4.29258258,369.6,3.069,0.017821,1161.0,428.77,0
0.960842633,2022.9,2.6441,0.387208,2808.0,14655.53,0
5.49548533,85.8,2.461,0.008542,1293.0,661.04,1
0.980505042,426.6,1.4068,0.227897,1904.0,3100.61,0
20.4853893,89.5,10.229,0.009922,1015.0,251.16,1
3.58273837,360.5,1.523,0.017176,1064.0,302.74,1
15.604841,73.4,4.543,0.008408,1013.0,248.62,1
75.681309,107.7,11.62,0.009952,560.0,23.25,0
62.060783,472.9,28.203,0.024658,400.0,6.07,0
12.4252735,84.7,20.756,0.008491,1299.0,673.53,0
39.2820405,157.5,3.344,0.251528,823.0,108.22,0
355.79978,172.3,5.972,0.012292,324.0,2.6,0
410.99389,550.0,12.01,0.021318,220.0,0.55,0
2.17823752,44.0,2.259,0.006094,1473.0,1114.8,0
1.404674486,155.5,5.056,0.01288,1126.0,379.5,0
24.9097436,150.2,3.856,0.011694,912.0,163.58,0
12.3101351,263.7,3.797,0.016487,651.0,42.42,1
2.61576515,120.4,2.777,0.010133,1379.0,851.6,1
409.2452,531.2,13.06,0.021076,244.0,0.84,0
6.94245216,160.8,3.491,0.011886,1003.0,239.39,1
9.4061364,79.5,4.882,0.008249,981.0,219.36,1
0.935086665,71.2,1.12,0.008,2431.0,8250.8,0
1.489457454,56.3,3.028,0.006921,2415.0,8026.6,0
1.181165291,370.4,1.013,0.018593,1398.0,905.88,0
66.373298,415.0,8.559,0.018689,471.0,11.59,1
13.61165024,95.5,7.617,0.008943,958.0,198.73,1
6.24564633,212.0,2.459,0.013744,731.0,67.62,1
0.945829261,98.2,1.715,0.009199,1790.0,2433.01,0
0.973160836,138.3,0.864,0.01087,1932.0,3303.84,0
4.05943749,105.4,3.245,0.011692,1295.0,664.54,0
6.39903778,186.6,3.15,0.012334,1780.0,2376.4,0
0.739761008,292.1,7.589,0.253101,839.0,117.05,0
0.950735805,175.1,1.1434,0.01263,1908.0,3129.59,0
369.819993,1599.0,20.232,0.046393,201.0,0.38,0
2.17815935,116.3,1.839,0.010175,1561.0,1398.42,0
0.720460644,2111.5,1.7846,0.323073,2240.0,5954.82,0
3.7948721,305.1,1.713,0.185948,1083.0,325.63,0
122.0804953,799.9,4.054,0.034713,297.0,1.83,1
0.638437699,286.8,0.3028,0.027548,1709.0,2024.34,0
1.8912851,1223.4,6.182,0.258518,1061.0,299.44,0
343.42046,482.7,11.11,0.020371,270.0,1.27,0
3.47148164,122.7,4.679,0.010883,970.0,209.73,0
5.94373492,301.0,1.847,0.015359,674.0,48.82,1
244.60373,769.8,10.87,0.024937,235.0,0.72,0
85.7567919,159.1,5.695,0.012371,528.0,18.44,1
2.18660188,122.3,1.585,0.011617,1099.0,345.07,1
3.1339356,203.7,4.477,0.014258,1315.0,704.95,0
2.55315031,185.3,1.849,0.012589,1312.0,699.7,1
2.936587946,279.6,1.8952,0.017796,1190.0,473.18,1
1.33254212,37.4,3.848,0.005929,2694.0,12477.61,0
10.7769944,185.6,2.616,0.012328,752.0,75.83,1
0.918921494,321.0,0.9425,0.016414,1697.0,1960.12,0
7.84931877,68.2,3.747,0.007513,925.0,172.98,1
67.7125988,542.4,1.538,0.893389,460.0,10.63,0
12.4285576,620.1,13.98,0.026996,669.0,47.26,0
1.275511306,69.3,1.889,0.007605,1739.0,2160.97,0
5.78159956,72.8,2.222,0.008268,1475.0,1117.19,0
8.4805019,164.9,8.345,0.015658,781.0,87.82,0
2.94648935,57.0,3.155,0.006963,1497.0,1187.5,1
1.227986164,150.5,1.551,0.011491,1673.0,1846.47,0
2.11548883,169.5,4.008,0.012211,1426.0,978.38,0
358.96247,670.8,23.49,0.023964,242.0,0.81,0
2.17815196,245.0,2.445,0.014314,1139.0,395.98,0
342.315407,719.7,12.476,0.024761,304.0,2.03,0
1.089077224,152.7,2.705,0.011046,1458.0,1068.22,0
1.288066288,10083.0,6.4616,0.499342,1310.0,692.0,0
2.31894284,66.5,5.321,0.00801,1375.0,844.12,0
6.98472143,90.7,2.724,0.008855,1059.0,297.15,1
0.562563871,34.6,1.591,0.005506,2626.0,11201.45,0
0.93373458,127.7,4.364,0.010647,1573.0,1446.48,0
1.33251948,233.7,3.733,0.01418,1751.0,2218.21,0
168.84663,215.1,9.75,0.013345,329.0,2.78,0
160.4122022,2538.0,4.92,0.056029,270.0,1.26,0
4.34195312,73.3,2.598,0.007868,1236.0,552.7,1
122.358116,352.8,10.768,0.017273,407.0,6.46,1
7.298142,370.5,3.024,0.017565,786.0,90.04,1
18.5010898,421.1,3.179,0.020176,555.0,22.4,1
0.569961046,44.2,1.446,0.006148,2743.0,13463.04,0
1.121634781,71.5,1.155,0.007688,1225.0,529.9,0
1.33256979,104.2,3.293,0.009388,1692.0,1943.76,0
0.536650896,273.2,4.702,0.191796,2163.0,5179.76,0
397.73699,1131.5,11.76,0.03635,211.0,0.47,0
2.17818699,115.8,2.686,0.010141,1347.0,776.45,0
3.60082855,296.3,1.938,0.015617,927.0,174.45,1
15.5714121,173.5,2.294,0.011886,399.0,5.98,1
3.59645081,149.6,2.661,0.012319,1327.0,732.82,1
20.6579443,98.2,8.798,0.008937,728.0,66.27,1
0.760941405,186.6,1.773,0.012468,1817.0,2591.44,0
137.665706,536.9,3.732,0.020465,720.0,63.38,0
370.90237,545.8,10.558,0.021312,238.0,0.76,0
321.55087,397.0,5.863,0.018217,250.0,0.92,0
1.54038914,71.8,1.683,0.007768,1638.0,1701.3,0
71.76236302,8591.9,29.435,0.083736,665.0,46.35,0
110.978266,150.2,11.312,0.011132,463.0,10.84,1
0.952378454,43.8,3.892,0.009744,2528.0,9651.76,0
6.08003714,184.0,1.308,0.012218,808.0,100.72,1
3.035206175,696.9,0.6182,0.037643,1143.0,403.53,1
358.96844,807.8,21.71,0.026105,263.0,1.13,0
2.21316437,116.1,3.874,0.010455,1374.0,841.98,0
0.530967987,26.9,1.812,0.004833,4196.0,73103.16,0
6.30558387,193.1,2.619,0.013131,1125.0,378.9,1
4.2058608,182.0,7.39,0.012481,1012.0,248.04,0
8.4803326,35.6,5.918,0.005666,1390.0,882.07,0
0.750744255,170.6,1.7921,0.166834,2074.0,4387.1,0
0.991659646,77.3,2.215,0.008786,2102.0,4614.18,1
118.609553,380.9,22.74,0.033092,299.0,1.88,0
0.616386349,79.4,0.8136,0.008252,3552.0,37463.63,0
7.07162308,123.0,2.587,0.010321,1162.0,431.05,0
6.96352699,68.1,3.192,0.007579,1298.0,669.78,1
64.2729088,1213.9,12.136,0.03795,554.0,22.31,1
3.4327371,63.2,4.001,0.007773,1134.0,390.57,1
13.8452726,93.2,2.555,0.009217,1276.0,626.93,0
0.687506554,130.3,1.441,0.010109,4748.0,120304.4,0
0.566801617,24.9,2.75,0.004748,3018.0,19598.53,0
371.63327,107.0,14.92,0.010556,316.0,2.36,0
1.450889836,135.7,1.753,0.010797,1700.0,1970.75,1
5.72716067,310.9,2.23,0.016114,794.0,93.96,1
407.59415,462.4,7.3,0.019805,266.0,1.18,0
358.101884,114.0,6.393,0.010135,242.0,0.81,0
0.447861451,265.4,0.8541,0.015358,2263.0,6221.08,0
3.036208739,1820.5,0.9324,0.039143,520.0,17.31,1
18.0541469,283.1,4.587,0.015187,635.0,38.57,1
1.01530474,16445.0,8.7622,0.411901,2324.0,6918.45,0
94.180473,1104.4,7.345,0.038195,478.0,12.34,0
1.538185321,277.2,1.683,0.016308,1234.0,547.92,1
1.332567643,56.7,4.284,0.007244,1482.0,1143.87,0
1.089076495,43.7,2.274,0.006327,2016.0,3923.24,0
1.662710314,85.9,1.83,0.008824,2307.0,6700.6,0
472.071079,252.6,5.759,0.014666,268.0,1.22,0
2.18242002,69.7,4.103,0.008207,1283.0,638.12,0
0.503999678,975.6,0.5421,0.047859,1605.0,1566.41,0
2.66588544,167.0,5.004,0.011586,1041.0,278.03,0
7.61758198,85.4,3.545,0.008523,1020.0,255.32,1
41.477908,29.9,10.45,0.005186,849.0,122.73,0
2.20923119,59.8,2.392,0.007076,1507.0,1217.79,1
260.54832,161.6,15.52,0.011863,318.0,2.43,0
370.47678,656.2,15.69,0.024216,252.0,0.96,0
5.88350251,217.7,2.556,0.013655,949.0,192.09,1
0.662457501,64.1,1.527,0.035206,3295.0,27795.08,0
1.33258458,127.0,3.222,0.010548,1868.0,2873.72,0
0.539915033,97.0,1.1466,0.008937,1871.0,2901.68,1
372.54353,1106.0,21.83,0.812072,226.0,0.62,0
2.20829637,87.9,2.841,0.008594,1709.0,2016.25,1
0.849906734,124.3,1.141,0.010761,1139.0,396.64,1
26.6565737,163.4,4.954,0.012413,903.0,157.45,1
373.72257,470.9,14.21,0.609829,262.0,1.11,0
8.18504859,97.6,4.673,0.00943,892.0,149.41,1
10.78438513,233.6,1.408,0.195495,1397.0,900.7,0
10.42317343,71.2,2.341,0.008625,901.0,155.7,1
0.566804221,166.0,4.639,0.012113,1737.0,2149.42,0
2.022658,135.7,3.343,0.010856,1482.0,1139.1,0
316.57747,269.1,14.64,0.015014,255.0,1.01,0
0.519437968,226.2,2.129,0.186382,2402.0,7822.62,0
1.105095798,141.7,2.624,0.010809,1445.0,1025.9,0
245.01902,375.9,8.56,0.017977,310.0,2.17,0
153.979362,792.5,9.028,0.025664,330.0,2.82,1
10.2239787,213.5,1.814,0.013298,2364.0,7383.41,0
56.4148314,480.1,8.075,0.023849,535.0,19.37,1
2.18079098,83.2,12.13,0.009013,2767.0,13876.96,0
20.9254083,109.0,6.783,0.00951,729.0,66.95,1
13.0600399,106.8,2.851,0.009582,630.0,37.3,1
0.641069613,78.6,1.033,0.008191,2196.0,5512.38,0
2.2430415,101.1,3.63,0.009195,1344.0,770.18,0
1.21475168,266.1,6.93,0.015361,3302.0,28091.85,0
27.4784659,83.2,7.5,0.008174,736.0,69.3,1
244.86662,289.5,10.56,0.01575,273.0,1.31,0
1.30627214,95.4,5.144,0.009214,1490.0,1161.23,0
62.366706,95.4,4.32,0.009059,698.0,56.09,0
0.933732791,96.9,3.056,0.008899,1773.0,2344.56,0
53.106597,82.4,2.914,0.008618,860.0,129.19,0
360.15417,790.6,12.806,0.025828,270.0,1.25,0
1.42856815,59.5,2.132,0.007178,1547.0,1352.91,0
381.850599,1702.0,4.772,0.037911,222.0,0.58,0
10.81315417,80.3,1.275,0.009134,1045.0,281.84,0
359.08368,618.7,15.67,0.286377,268.0,1.23,0
3.74784374,116.5,3.658,0.009894,1226.0,534.57,0
1.71028117,111.6,2.61,0.009798,1454.0,1055.42,0
140.251943,567.7,6.576,0.021342,271.0,1.28,1
0.570828503,174.4,0.915,0.012689,986.0,222.55,0
134.4665,1032.0,5.27,0.028713,280.0,1.45,0
0.909314811,40.5,2.2053,0.006266,2503.0,9311.68,0
207.24785,809.2,6.159,0.025839,189.0,0.3,1
186.55347,334.5,13.57,0.016896,341.0,3.18,0
5.99078221,69.9,1.699,0.009741,987.0,223.93,1
14.0801852,90.7,3.402,0.008751,798.0,95.62,0
2.440839436,509.5,0.968,0.279368,986.0,223.8,1
23.6223571,57.0,6.852,0.007017,797.0,95.35,1
3.28931936,166.0,1.921,0.431441,1364.0,818.01,0
1.08195208,33.6,4.807,0.005235,1526.0,1275.68,0
0.512583041,114.3,1.498,0.009823,2363.0,7320.09,0
2.29794819,83.2,2.84,0.008411,1547.0,1352.14,1
368.11581,476.2,13.52,0.02001,263.0,1.12,0
368.52466,680.3,11.9,0.024556,288.0,1.62,0
4.54586982,76.5,1.756,0.008238,868.0,134.21,1
0.542498653,54.9,4.257,0.006974,5157.0,167191.11,0
21.5819776,47.6,13.734,0.006239,746.0,73.01,0
3.08723626,101.9,2.615,0.00935,1451.0,1046.77,0
0.592562969,1546.4,3.0869,0.295765,1967.0,3520.7,0
31.97181,117.4,12.277,0.010165,521.0,17.43,0
5.81289843,76.3,3.979,0.008221,1102.0,348.61,0
6.44173995,107.7,1.635,0.009609,1175.0,451.14,0
0.631106722,49.2,0.9942,0.006393,1945.0,3367.19,0
176.17377,349.9,14.58,0.01717,323.0,2.57,0
114.336052,239.8,14.077,0.014536,429.0,8.02,1
0.63938062,308.0,1.2067,0.391944,2566.0,10289.98,0
0.566801045,188.3,1.7499,0.013226,2348.0,7209.06,0
0.992799002,1653.0,3.4878,0.371507,1933.0,3302.31,0
1.5184181,196.8,2.842,0.013338,1926.0,3261.65,1
0.96807117,104.8,1.677,0.009652,1487.0,1157.58,0
3.55661906,23.3,5.396,0.004492,1518.0,1254.47,0
0.56256804,4.5,1.686,0.002073,5127.0,164220.08,0
8.79991878,869.1,41.564,0.629442,1979.0,3624.62,0
349.03703,777.0,4.76,0.025262,231.0,0.67,0
177.8135,417.7,9.76,0.018663,310.0,2.17,0
101.952048,152.5,5.991,0.011344,428.0,7.92,1
2.41795911,100.5,2.727,0.009077,878.0,140.54,0
183.854867,520.6,14.996,0.021294,345.0,3.36,0
12.4418003,78.4,3.572,0.007881,576.0,26.03,1
293.60581,165.3,11.07,0.011798,295.0,1.79,0
2.78801663,14.0,17.354,0.003766,2287.0,6451.74,0
3.94660745,309.4,2.705,0.015963,981.0,218.91,1
4.99473798,99.5,3.05,0.009222,917.0,167.06,0
368.48518,301.8,11.26,0.016523,283.0,1.52,0
169.894419,178.7,2.525,0.01243,492.0,13.85,0
26.190289,51.8,2.148,0.006643,793.0,93.35,0
203.511886,167.1,3.671,0.012134,442.0,9.02,0
6.18943952,83.2,2.3316,0.00829,783.0,88.79,1
8.70179611,304.1,3.048,0.015641,750.0,74.58,1
0.933747395,30.9,4.798,0.005223,2596.0,10738.05,0
58.873429,226470.0,17.487,0.444913,679.0,50.35,0
14.1166583,449.3,9.12,0.976575,1205.0,497.8,0
47.3128645,217.4,11.444,0.01813,658.0,44.26,1
29.6990126,93.3,1.849,0.009013,880.0,141.6,0
6.1082945,61.1,3.493,0.007529,1267.0,608.39,1
119.72007,115.6,9.48,0.009797,410.0,6.67,0
1.27839331,19.5,6.343,0.004117,2853.0,15656.19,0
7.545922037,22.2,4.0329,0.004505,1084.0,326.67,1
0.58675746,143.8,1.508,0.194394,2157.0,5080.59,0
373.74856,797.8,28.18,0.035859,287.0,1.59,0
20.8822079,1107.0,4.556,0.033276,661.0,45.17,0
7.28171395,111.6,1.723,0.013154,1086.0,329.68,1
8.0386699,142.0,3.549,0.011063,926.0,173.92,0
44.9851885,617.8,4.164,0.023975,433.0,8.34,1
6.67410577,160.9,3.645,0.014216,1022.0,257.38,0
374.92478,610.0,18.05,0.022168,171.0,0.2,0
4.60690612,137.5,4.176,0.01066,950.0,192.38,0
1.50178705,86.7,2.936,0.008605,1617.0,1619.24,0
0.499664962,34.3,1.6123,0.005351,2056.0,4230.98,0
17.4453935,501.7,6.39,0.27579,770.0,83.11,0
1.4725859,84.4,2.953,0.008525,1662.0,1801.98,0
2.97607935,130.4,4.606,0.0116,1144.0,404.28,0
1.44438449,75.4,2.704,0.008182,1980.0,3622.28,0
7.74347801,77.8,2.7878,0.00789,727.0,65.88,1
5.60473115,210.0,2.885,0.013128,866.0,132.98,1
132.778041,9036.0,5.624,0.095058,357.0,3.83,0
184.568,409.9,13.09,0.018639,282.0,1.5,0
2.48882685,80.2,3.487,0.008777,1477.0,1124.85,0
367.19796,146.1,15.92,0.011111,253.0,0.96,0
17.6604653,309.2,2.837,0.017131,690.0,53.57,0
1.69999106,95.6,3.289,0.009013,934.0,180.38,0
4.2059745,41.2,8.006,0.005874,1263.0,601.3,0
0.566803216,20.2,3.325,0.004218,2642.0,11526.75,0
365.13981,531.0,4.46,0.02091,228.0,0.64,0
37.809539,487.4,7.547,0.019982,483.0,12.89,0
381.18654,985.0,9.73,0.028557,193.0,0.33,0
5.17624997,78.7,5.261,0.008007,1243.0,565.42,1
370.62071,344.3,12.58,0.017123,295.0,1.78,0
0.589458602,158.4,0.8278,0.011524,1848.0,2736.51,0
3.91794676,116.5,2.549,0.009856,1030.0,266.81,1
0.614701901,131.6,0.947,0.010403,1656.0,1779.79,0
0.934181579,12.1,3.943,0.003357,3268.0,26937.31,0
379.65261,82.3,19.04,0.00841,330.0,2.8,0
1.215181097,39.7,1.295,0.005853,2230.0,5844.41,0
21.5324915,100.5,4.156,0.00952,876.0,139.32,0
3.74779583,88.5,3.157,0.008772,1324.0,725.94,0
0.91842238,162.9,5.664,0.19889,1525.0,1280.4,0
373.43233,166.7,16.5,0.011871,290.0,1.66,0
9.74048508,121.4,1.6993,0.01212,673.0,48.52,1
397.73781,460.8,13.08,0.019753,264.0,1.16,0
5.35745121,78.2,2.592,0.008114,1457.0,1065.83,0
2.16132662,112.2,4.487,0.010582,687.0,52.58,0
6.76289308,50.9,6.204,0.00678,1337.0,754.37,1
1.09844642,45.0,1.528,0.006626,2921.0,17139.77,0
25.94947,238.3,15.7,0.014952,508.0,15.74,0
1.8789138,30.2,4.279,0.005224,3330.0,29112.69,0
41.8681996,150.7,5.783,0.013675,492.0,13.89,1
0.514771509,43.4,1.256,0.006045,2113.0,4749.21,0
8.61742738,154.9,2.713,0.011032,733.0,68.28,1
35.945188,72.6,8.23,0.007877,789.0,91.51,0
5.00749378,56.6,2.898,0.006848,1499.0,1192.26,0
196.436796,631.9,8.556,0.022558,292.0,1.72,1
0.566810643,45.6,3.471,0.00626,1976.0,3605.07,0
262.477098,1016.0,5.816,0.028333,178.0,0.24,0
2.21030572,92.0,2.492,0.008874,1572.0,1440.34,0
5.99321872,203.2,3.92,0.012997,952.0,194.41,0
0.70544189,133.5,1.772,0.010659,1960.0,3481.65,0
0.981399749,158.3,0.5051,0.012319,1820.0,2602.14,0
0.933728755,13.5,4.363,0.00355,2777.0,14057.75,0
12.607591424,79.5,29.1267,0.014678,809.0,101.31,0
0.734573766,68.4,1.295,0.007524,2061.0,4270.04,0
289.86046,234.5,11.103,0.014163,279.0,1.43,0
357.13089,330.5,13.04,0.016564,246.0,0.87,0
370.50684,418.6,12.132,0.01886,277.0,1.39,0
1.332580225,46.3,2.057,0.006457,3111.0,22103.67,0
7.99144696,145.0,3.639,0.01394,901.0,155.95,1
2.9039446,13.1,10.542,0.003526,2637.0,11446.75,0
68.538296,1087.0,3.627,0.029056,1031.0,267.17,0
369.7985,1106.4,12.564,0.030558,225.0,0.61,0
6.5588346,41.2,3.034,0.006416,973.0,211.64,0
0.643007769,68.1,0.69,0.007706,1070.0,311.13,0
1.061937837,52.0,2.31,0.006582,1757.0,2252.16,0
15.07277287,345.0,0.7794,0.020577,635.0,38.57,0
1.71659304,138.0,1.154,0.010881,1607.0,1577.89,0
358.818895,666.1,2.503,0.026495,262.0,1.11,0
181.3537,455.0,16.19,0.020295,317.0,2.39,0
3.74786694,80.9,3.632,0.008421,1176.0,451.72,0
0.913244995,47.8,0.4931,0.006722,1967.0,3541.46,0
2.97599368,55.0,4.023,0.006846,1395.0,894.1,0
0.584148495,66.2,1.6192,0.007715,2130.0,4882.9,0
0.824180121,208.1,2.839,0.184616,1912.0,3155.32,0
0.579770948,467.9,1.0377,0.025773,1953.0,3425.06,0
0.92225589,33.0,4.227,0.007939,2206.0,5614.19,0
0.75499096,215.8,2.485,0.01349,1949.0,3403.34,0
353.40191,948.0,6.681,0.028255,202.0,0.39,0
1.428596987,50.0,2.1401,0.006925,2637.0,11425.1,0
2.21701025,29.4,2.148,0.005058,2371.0,7467.21,0
43.0759115,3452.0,90.95,0.330482,1032.0,268.5,0
372.62637,542.0,18.52,0.021943,258.0,1.05,0
1.02087831,33.4,2.429,0.005259,1903.0,3115.14,0
1.26132769,109.7,1.244,0.009772,447.0,9.46,0
6.09406648,3027.0,2.085,0.299764,1417.0,953.63,0
1.1578141,54.8,3.253,0.006983,2133.0,4895.77,0
0.566800926,264.5,4.407,0.020096,2200.0,5563.01,0
24.1876477,194.8,2.654,0.830494,782.0,88.31,0
2.44926655,108.2,2.988,0.009284,1033.0,269.06,0
2.17812826,100.8,2.601,0.009175,1206.0,500.27,0
1.33259494,92.7,2.783,0.008846,1665.0,1814.46,0
2.05048377,60.5,3.67,0.007054,1339.0,761.65,0
1.19550618,26.9,3.337,0.004868,2152.0,5062.04,0
0.683082998,143.3,4.409,0.011709,6757.0,492690.35,0
0.791771167,509.2,2.4463,0.246702,3419.0,32163.04,0
0.894172544,86.2,0.8302,0.00842,1461.0,1070.89,0
1.68207624,54.7,1.519,0.007065,1980.0,3646.1,0
9.8480917,141.9,3.079,0.01076,711.0,60.47,0
0.566800593,12.3,3.909,0.003239,2783.0,14091.55,0
0.969602551,111.0,1.728,0.009636,1334.0,750.09,0
9.25801294,88.1,2.854,0.00865,1229.0,539.51,0
25.9554044,122.7,8.491,0.012861,656.0,43.9,0
3.74788208,153.4,4.183,0.011137,979.0,216.97,0
0.93479255,247.5,4.5838,0.215214,2040.0,4108.03,0
361.43653,271.9,9.08,0.015211,268.0,1.22,0
0.89628253,86.4,1.397,0.008471,1670.0,1848.85,0
1.67495622,35.9,2.994,0.005588,1843.0,2732.19,0
8.2344072,59.2,2.808,0.007838,1263.0,601.05,0
2.15052332,115.5,3.447,0.010746,1410.0,934.17,0
32.6122381,1321.4,2.886,0.292665,570.0,24.92,0
0.967073359,773.5,2.4875,0.252275,1867.0,2870.56,0
3.5564279,131.4,6.998,0.010518,972.0,211.41,0
0.942997994,539.2,1.1658,0.020573,1283.0,639.03,0
0.566796775,144.1,5.471,0.015523,931.0,176.94,0
13.6471211,75.0,8.331,0.008279,913.0,164.06,1
16.473474,470.5,4.201,0.019767,612.0,33.22,1
3.74788322,242.6,3.45,0.014631,1031.0,266.76,0
0.705455349,74.9,2.469,0.008025,1693.0,1936.09,0
488.67353,691.0,12.35,0.02411,188.0,0.3,0
1.08906057,76.2,2.743,0.007843,1511.0,1235.96,0
1.48922187,613.6,1.882,0.022918,1594.0,1524.19,0
0.716709761,68.4,0.6969,0.011089,2394.0,7725.24,0
4.1083812,352.8,3.279,0.017093,1058.0,295.63,0
1.962282625,68.3,1.45,0.007549,1448.0,1038.36,1
0.523629052,122.0,3.443,0.009546,9801.0,2181689.59,0
1.04588635,102.7,2.833,0.009341,1972.0,3582.91,0
419.92898,233.5,14.55,0.013995,255.0,1.0,0
1.23521458,89.5,0.918,0.008924,1713.0,2032.78,0
1.085229874,238.1,0.652,0.014698,1632.0,1675.45,0
1.540379557,76.9,2.026,0.00812,1581.0,1481.09,0
3.60011712,50.2,2.396,0.00634,938.0,182.81,1
9.32867952,354.4,1.572,0.017152,806.0,99.6,1
6.38671206,223.7,1.201,0.01341,811.0,102.25,1
158.348345,899.0,10.55,2.675912,409.0,6.61,0
0.93376962,125.8,7.023,0.153052,1937.0,3343.62,0
322.48381,1023.4,22.99,0.036359,259.0,1.06,0
0.739404894,246.8,1.753,0.013845,1256.0,589.06,0
25.949641315,67.8,11.6411,0.009814,753.0,76.14,0
1.71051215,42.2,1.284,0.005978,2004.0,3820.16,0
62.869463,341.7,6.842,0.022926,349.0,3.51,1
84.8062818,9936.0,9.0006,0.391951,388.0,5.33,0
29.9632816,893.2,2.6,0.032143,391.0,5.55,1
17.99643716,36923.0,4.164,0.41359,468.0,11.31,0
11.63486009,292.3,5.466,0.015413,961.0,201.96,1
10.8118317,76.8,2.627,0.0095,922.0,170.74,1
1.208528832,180.8,1.336,0.012387,1725.0,2084.15,0
208.18711785,394.7,2.5404,0.018221,307.0,2.1,0
0.93198504,326.6,2.0472,0.208884,1647.0,1734.47,0
0.60818508,144.7,0.909,0.843141,2298.0,6637.9,0
1.65320144,132.1,1.525,0.010218,1059.0,296.8,0
3.37487541,53.8,3.085,0.006825,1287.0,649.96,0
0.962825082,118.1,2.8464,0.009628,3265.0,26811.24,0
309.494217,292.0,13.716,0.015842,399.0,6.01,0
24.2382519,465.5,2.703,0.022182,597.0,29.92,0
24.2416103,323.4,5.137,0.016319,596.0,29.92,0
69.3788597,530.4,3.807,0.021708,421.0,7.4,0
29.3493852,659.2,4.313,0.02561,451.0,9.81,1
449.57274,221.4,9.328,0.013581,333.0,2.89,0
245.059374,165.0,9.549,0.011831,356.0,3.81,0
11.49500229,51.4,7.602,0.007853,1105.0,351.79,1
0.708726708,313.6,0.753,0.016379,1302.0,684.35,0
283.72675,84.6,15.49,0.008566,341.0,3.2,0
373.60683,534.8,8.752,0.022031,271.0,1.28,0
4.29388808,110.6,3.618,0.009763,1532.0,1302.16,0
13.5437884,6608.7,5.7076,0.371471,658.0,44.22,0
65.6491001,983.9,7.298,0.028187,390.0,5.48,1
25.1593389,358.1,5.198,0.017285,619.0,34.7,1
31.7787564,262.0,8.093,0.014837,564.0,23.96,1
1.332568744,24.1,3.755,0.004874,1941.0,3346.25,0
9.0194714,191.6,5.92,0.012789,789.0,91.74,1
0.814278961,72.0,2.087,0.007855,1762.0,2284.94,0
2.1890751,94.8,2.365,0.008963,1399.0,906.2,0
2.42649862,29.2,2.014,0.005252,1638.0,1705.27,0
8.80854183,174.7,34.7564,0.02037,1000.0,236.05,0
219.74735,190.4,22.48,0.012462,427.0,7.82,0
19.7639874,51.3,12.319,0.006734,900.0,155.45,0
6.05919881,154.2,1.365,0.011561,976.0,214.55,1
7.5143967,36.3,4.865,0.005597,1199.0,488.52,1
33.1981761,336.7,4.709,0.018978,678.0,49.9,1
5.32784157,87.2,4.696,0.0085,1023.0,259.32,1
31.827649,520.0,1.639,0.023361,668.0,47.21,1
0.824000125,183.1,0.855,0.013728,746.0,73.09,1
0.772152075,43.6,1.78,0.019555,2966.0,18277.6,0
1.08469871,124.0,4.077,0.010794,1757.0,2247.25,0
5.660274452,414.1,0.9077,0.119898,950.0,192.77,0
1.23512429,15.2,4.22,0.003674,1642.0,1722.78,0
1.381257093,92.3,1.125,0.008874,1728.0,2110.47,0
2.41810158,46.8,2.144,0.00629,1602.0,1555.96,1
33.4203001,436.6,5.307,0.021125,581.0,27.02,1
58.3437362,1266.8,22.482,0.284985,779.0,87.03,0
1.070982122,43.4,1.255,0.00626,2122.0,4811.39,0
23.81578356,4856.7,3.7591,0.093998,560.0,23.2,0
31.1748311,200.2,3.79,0.012989,585.0,27.62,1
0.474811162,205.2,1.169,0.013399,2206.0,5603.32,0
47.0568476,1531.2,5.2232,0.03515,411.0,6.72,1
367.73299,503.9,10.158,0.020645,266.0,1.19,0
0.743495989,172.8,2.255,0.157758,1617.0,1612.65,0
1.405887031,216.0,1.184,0.01333,1086.0,329.99,0
1.45728997,71.3,3.582,0.008377,1665.0,1818.19,0
1.245331397,38.1,2.566,0.005958,2678.0,12115.45,0
1.52593737,159.1,1.958,0.012281,1697.0,1963.41,0
8.21429932,70.7,3.099,0.008153,1312.0,701.11,0
1.54945486,21.8,6.698,0.00436,3006.0,19304.93,0
8.42943991,89.1,2.441,0.009648,1029.0,265.39,0
10.60052083,60.9,4.509,0.00769,987.0,224.28,1
21.8634638,871.0,3.542,0.027476,551.0,21.77,1
86.4392931,1175.1,6.534,0.315734,442.0,8.99,0
63.3354719,983.0,3.651,0.028278,202.0,0.39,1
14.77820911,10774.0,5.395,0.389436,809.0,101.07,0
15.60862948,34356.0,6.6957,0.435461,648.0,41.71,0
389.14115,347.4,7.93,0.017136,250.0,0.92,0
365.78863,885.0,12.76,0.026964,215.0,0.5,0
2.4826619,37.0,2.115,0.006008,1619.0,1627.36,0
2.17811908,74.0,1.468,0.008001,1412.0,938.51,0
1.11205787,118.7,1.459,0.010031,1799.0,2484.64,0
224.447413,651.0,4.986,0.023516,260.0,1.08,0
21.8660922,301.6,2.03,0.015998,730.0,67.15,0
5.09506,23.6,5.73,0.004733,2247.0,6030.14,0
0.689967868,122.9,1.1688,0.009888,1539.0,1336.82,1
1.89132292,16.0,5.607,0.003928,2799.0,14532.55,0
0.918420801,56.7,3.533,0.007276,2374.0,7502.5,0
0.573709256,131.2,1.4932,0.011194,4415.0,90258.45,0
13.8353959,818.0,4.961,0.03272,809.0,101.05,1
46.9434911,100.7,1.368,0.009291,669.0,47.27,0
19.5906103,297.0,6.745,0.016179,819.0,106.48,1
8.23983041,251.0,5.619,0.014368,1093.0,338.17,1
427.65334,157.1,11.17,0.011533,284.0,1.53,0
412.041857,1959.0,5.572,0.039819,217.0,0.52,0
0.9628348,92.8,2.259,0.008812,1648.0,1734.83,0
1.57017249,158.4,2.257,0.011441,1232.0,543.06,0
0.566798364,38.6,3.172,0.005808,2272.0,6280.34,0
3.22452656,57.5,5.156,0.006465,4883.0,134353.84,0
1.89127438,32.3,4.491,0.00538,3342.0,29488.85,0
1.33256944,20.6,3.89,0.004206,1624.0,1636.72,0
66.6504521,536.9,5.744,0.020972,308.0,2.14,1
55.7002642,332.7,4.285,0.016079,309.0,2.14,0
3.54553077,119.2,4.143,0.009926,1448.0,1039.47,1
10.882416555,16630.0,5.4674,0.380234,632.0,37.81,0
25.19830439,73834.0,5.1942,0.478535,604.0,31.54,0
0.50727675,214.7,2.32,0.013588,2449.0,8524.12,0
1.316398648,182.5,1.169,0.012402,1374.0,842.93,0
419.4596,131.8,13.53,0.010271,303.0,2.0,0
14.2005007,80.6,5.232,0.114161,843.0,119.41,0
1.318347743,113.2,0.871,0.010037,1861.0,2827.4,0
5.5834987,87.4,2.484,0.009401,1317.0,711.41,0
1.12401084,43.6,3.052,0.006086,1719.0,2058.79,0
1.21374652,28.9,3.371,0.005118,1880.0,2945.61,0
5.24970432,61.9,2.746,0.007159,954.0,195.3,1
45.4333769,905.8,6.351,0.036504,315.0,2.34,0
56.6746666,883.1,5.516,0.028378,522.0,17.59,1
63.9005941,17097.0,8.2789,0.374251,353.0,3.68,0
16.2951259,197.9,3.678,0.012961,574.0,25.59,1
18.173045009,69911.0,10.9113,0.259673,650.0,42.19,0
14.12678065,7647.4,5.9303,0.363648,670.0,47.56,0
358.56462,170.2,11.64,0.012051,219.0,0.55,0
1.337561836,41.0,1.575,0.00591,2322.0,6870.94,0
2.23755641,101.1,2.089,0.009255,1397.0,897.8,0
1.035268597,112.2,0.5663,0.010183,2136.0,4922.79,0
359.3259,246.2,9.836,0.014538,410.0,6.69,0
0.566805268,35.7,3.721,0.005506,2492.0,9052.02,0
12.27057043,295.5,3.002,0.015746,811.0,102.25,1
13.2274753,229.8,6.356,0.015374,867.0,133.34,1
0.559517155,57.9,0.596,0.00726,2762.0,13839.66,0
29.47316279,12568.0,6.4327,0.500076,565.0,24.07,0
0.580725004,105.2,2.071,0.009278,1939.0,3355.68,0
1.94468659,455.5,18.22,0.180979,3334.0,29219.04,0
7.28116667,333.8,2.716,0.016223,744.0,72.16,1
383.10017,579.4,8.8,0.022087,248.0,0.9,0
0.605556082,101.7,1.2399,0.009338,2120.0,4796.94,0
4.36125889,189.2,2.174,0.012616,1000.0,236.01,1
1.19087362,67.5,1.785,0.007501,1489.0,1165.78,0
1.06484622,42.4,3.287,0.006036,2034.0,4059.63,0
0.969824139,23.1,0.783,0.004479,1839.0,2709.67,0
190.60563,153.6,14.33,0.011402,386.0,5.25,0
8.480305,304.2,6.19,0.017544,661.0,45.21,0
410.11676,216.9,13.97,0.013424,242.0,0.81,0
54.5091549,622.2,5.125,0.029482,308.0,2.13,1
14.1959621,196.2,3.605,0.014102,818.0,105.7,1
11.52482874,577.6,1.724,0.23157,756.0,77.15,0
46.84008579,6287.9,3.8198,3.720483,552.0,22.0,0
0.992798625,582.5,3.5065,0.244048,1967.0,3519.47,0
186.72243,326.4,13.35,0.016898,329.0,2.77,0
118.4039,426.0,5.593,0.019307,517.0,16.83,0
182.281992,509.3,8.828,0.020631,280.0,1.46,0
10.0102876,127.1,5.33,0.010497,522.0,17.56,0
1.366964704,59.7,2.3181,0.007242,1640.0,1705.64,0
0.77957913,70.4,2.457,0.007646,1819.0,2585.39,0
0.544561598,35.2,1.6053,0.005106,11804.0,4601339.96,0
17.4453133,327.7,5.14,0.016192,1066.0,305.55,0
1.97515457,66.1,2.633,0.007324,1504.0,1207.0,0
21.993112,1015.7,8.616,0.284532,523.0,17.75,0
19.5489666,523.8,1.78,0.023621,579.0,26.62,1
27.6853358,1660.7,4.661,0.04461,461.0,10.67,0
35.6225528,651.1,4.845,0.023364,523.0,17.67,1
7.1403113,112.1,5.891,0.010644,1036.0,272.78,0
2.69487041,62.1,2.553,0.007445,1440.0,1020.03,0
112.303136,502.1,5.869,0.020068,241.0,0.79,1
49.5387264,740.6,2.238,0.251507,436.0,8.52,0
3.39155966,28.4,3.87,0.004875,1183.0,462.47,0
1.33254897,591.7,3.083,0.02183,4664.0,111977.04,0
18.2260472,361.1,3.664,0.017325,648.0,41.67,0
0.630539713,239.6,1.7407,0.215782,1936.0,3333.18,0
1.018347376,47.8,4.386,0.006671,2832.0,15153.38,0
0.659299289,1118.5,0.6908,0.328292,1979.0,3623.47,0
37.32483952,4989.2,6.9676,0.351452,461.0,10.67,0
25.951984,2340.2,20.585,0.322212,626.0,36.39,0
42.9136635,160.6,5.227,0.011762,810.0,101.56,1
88.1804682,1138.6,5.033,0.030375,359.0,3.94,0
177.668663,901.4,9.298,0.030353,233.0,0.7,1
0.98041685,105.7,0.919,0.00954,1388.0,880.5,0
92.263742,296.9,8.605,0.015844,469.0,11.42,1
6.64754478,289.3,1.961,0.015634,999.0,235.89,1
1.23517588,232.9,5.476,0.014598,1697.0,1955.7,0
0.416995408,112.6,0.8928,0.009886,2433.0,8299.79,0
256.52387,126.1,9.07,0.010342,338.0,3.1,0
3.0001191,7.7,6.61,0.002691,2566.0,10247.93,0
81.4160138,762.3,14.175,0.030244,522.0,17.53,1
8.5900471,137.0,3.463,0.010404,677.0,49.76,0
357.82544,152.5,9.12,0.011865,306.0,2.08,0
30.8278245,641.3,4.214,0.023114,585.0,27.66,1
47.1607932,723.2,4.003,0.02451,503.0,15.07,1
49.2768448,1132.9,3.787,0.030272,271.0,1.28,1
35.2330694,352.8,3.674,0.016941,288.0,1.62,1
45.3965379,1001.6,3.826,0.028034,326.0,2.66,0
508.807642,2127.0,4.495,0.041147,595.0,29.54,0
362.69427,439.9,9.7,0.018881,315.0,2.32,0
370.35639,732.2,12.75,0.025195,268.0,1.21,0
0.729724346,23.0,2.699,0.004528,2151.0,5081.58,0
0.821472455,127.1,2.433,0.010051,1559.0,1395.92,0
1.29019586,86.5,3.741,0.008445,1530.0,1293.44,0
8.48032079,170.7,5.791,0.011917,759.0,78.45,0
227.6258,131.0,9.47,0.010563,394.0,5.7,0
18.1373788,310.8,3.844,0.021423,433.0,8.31,1
51.1104797,330.0,7.712,0.016631,478.0,12.38,1
47.9869119,859.3,5.342,0.031301,493.0,14.01,1
359.047933,5622.7,16.637,0.067781,260.0,1.08,0
29.8042694,1046.5,3.107,0.273807,505.0,15.34,0
1.003049079,219270.0,7.9657,0.461141,1714.0,2049.63,0
0.933157032,87.8,2.614,0.057092,2202.0,5565.35,0
37.1083458,366.5,4.112,0.018237,492.0,13.84,0
1.02104719,246.1,6.39,0.104426,2129.0,4852.49,0
12.083457,312.5,3.536,0.016291,932.0,178.53,0
401.5907,115.0,14.77,0.009877,256.0,1.02,0
53.912783631,216.7,44.0504,0.019261,697.0,55.85,0
1.23142395,19.6,2.186,0.004073,2317.0,6786.33,0
386.828262,1024.9,5.045,0.037095,340.0,3.15,0
15.8733803,4094.1,7.4672,0.070791,830.0,111.99,0
42.3991752,484.0,7.251,0.026381,580.0,26.75,0
25.95198823,5103.3,14.602,0.35336,680.0,50.51,0
25.9522401,2896.9,20.813,0.434667,572.0,25.35,0
14.12809896,263.1,2.326,0.014858,781.0,87.8,0
13.6917833,145.4,4.198,0.01105,770.0,83.37,0
25.95633,158.2,26.34,0.101345,618.0,34.42,0
0.572937573,80.8,2.576,0.009023,3271.0,27058.33,0
14.15849823,347.3,46.356,0.220225,1910.0,3145.0,0
207.471349,229.2,7.469,0.013888,316.0,2.37,0
12.3748247,390.9,90.01,0.206179,1253.0,583.24,0
14.541781166,143640.0,9.1151,21.720514,834.0,114.56,0
12.4261177,1230.4,28.5357,0.040899,724.0,64.95,0
21.1876185,71.7,3.69,0.008483,676.0,49.23,1
12.42560404,458.9,23.9402,0.025794,733.0,68.44,0
30.9604688,460.9,14.992,0.229528,1064.0,303.13,0
1.041619932,1840.5,8.1218,0.285924,1858.0,2828.16,0
2.544594443,348780.0,3.21373,0.62174,1608.0,1582.68,0
56.40651043,102290.0,18.4332,0.310418,358.0,3.87,0
7.964400574,190900.0,4.4761,0.788182,633.0,38.09,0
6.399101307,83326.0,4.7439,0.479811,1042.0,279.38,0
34.9168399,500.0,7.343,0.020479,602.0,31.13,1
0.56678228,146.8,4.725,0.010717,1661.0,1814.33,0
8.480303653,81428.0,7.48907,0.258948,762.0,79.65,0
22.1270885,418.2,4.472,0.024942,721.0,63.98,1
10.6784787,201.0,2.307,0.012911,712.0,60.7,0
42.559265547,207990.0,3.36626,0.550314,487.0,13.28,0
24.2157996,322.2,4.359,0.016361,596.0,29.84,0
44.2018402,235.6,4.949,0.013886,409.0,6.59,1
15.0330623,132.2,6.326,0.012497,928.0,175.74,1
12.62530918,39413.0,3.163,0.433038,1214.0,514.08,0
124.93576738,240900.0,7.5608,0.480155,362.0,4.06,0
12.720298433,283.6,2.4599,0.017319,589.0,28.37,0
119.67980316,299050.0,32.1928,0.546213,847.0,121.45,0
6.399107136,376770.0,5.21981,0.579279,1031.0,266.9,0
8.480304281,83115.0,7.46159,0.269348,1504.0,1210.22,0
117.6813778,45362.0,12.7591,0.20011,575.0,25.76,0
17.72722648,147140.0,4.1376,0.359916,692.0,54.32,0
1.71024931,98.6,2.833,0.00937,1766.0,2298.2,0
100.40132734,53782.0,9.7436,0.216421,420.0,7.37,0
11.320287875,243410.0,4.82219,0.481306,928.0,175.69,0
1.219034103,95697.0,2.4494,0.291493,1977.0,3621.09,0
5.94228603,250.0,2.169,0.014007,797.0,95.34,1
26.7575866,455.3,5.858,0.01988,660.0,44.86,1
57.0599992,66168.0,7.463,0.236723,455.0,10.11,0
14.5565618,103.8,4.554,0.009286,787.0,90.4,1
0.837898153,268.9,2.104,0.014435,1478.0,1128.57,0
0.603086711,1242.8,1.0869,0.290753,2459.0,8675.9,0
41.7084063,330.0,8.567,0.017621,608.0,32.24,1
33.0257179,507.1,6.032,0.020422,564.0,23.95,1
25.366990665,150580.0,5.9556,0.500955,665.0,46.09,0
428.32173928,317000.0,40.5992,0.565342,220.0,0.56,0
82.137609997,210770.0,6.11904,0.900513,640.0,39.55,0
3.06026014,59.9,2.545,0.007509,1284.0,642.06,0
24.0612744,440150.0,19.9438,0.674114,749.0,74.37,0
66.36099916,416740.0,20.0614,0.656265,420.0,7.33,0
8.939461148,357830.0,6.19136,0.631007,1407.0,926.24,0
135.58607679,363130.0,5.54241,0.632266,429.0,7.99,0
18.79862195,380200.0,7.4782,0.633582,575.0,25.91,0
6.30828538,113530.0,2.48633,0.344431,803.0,98.21,0
4.80912667,134090.0,7.9331,0.347886,1270.0,615.74,0
2.33211505,105950.0,2.96723,1.173726,1594.0,1530.05,0
0.53835407,190.2,1.5045,0.012638,2386.0,7609.22,1
249.36211832,35830.0,8.3559,0.437151,308.0,2.14,0
0.664727127,16.2,1.561,0.003748,2343.0,7149.67,0
9.5084871,97.9,4.372,0.009069,1131.0,386.61,1
47.0563327,762.0,4.807,0.025508,497.0,14.43,1
96.169569,894.5,7.496,0.026984,321.0,2.52,1
1.55090374,11.3,3.028,0.003415,3190.0,24453.38,0
82.303914,737.0,15.404,0.028716,485.0,13.05,1
131.97827736,345940.0,7.14981,0.620414,457.0,10.32,0
0.789171236,73.4,1.734,0.007785,1527.0,1291.41,0
17.9346606,142.7,6.25,0.014464,1002.0,238.78,1
241.07074582,70292.0,9.88863,0.252353,699.0,56.58,0
106.17593813,164740.0,10.4168,0.440724,441.0,8.94,0
184.6467208,410270.0,18.9869,0.651649,320.0,2.49,0
6.282033445,181790.0,8.3777,1.359118,1029.0,264.78,0
5.519188936,217070.0,7.1351,0.43965,932.0,178.7,0
4.818863794,65936.0,6.2625,0.242856,1595.0,1529.01,0
178.26802035,45754.0,5.86461,0.448226,256.0,1.02,0
2.181555909,85407.0,4.41739,0.671032,1730.0,2119.28,0
0.895276162,319080.0,3.0518,0.618592,2731.0,13121.22,0
244.83274973,40206.0,4.37001,0.353195,307.0,2.09,0
30.4544418,472.1,6.896,0.0242,624.0,35.92,1
10.26558924,254.6,3.879,0.015409,828.0,111.18,0
18.9257333,188.5,6.149,0.168616,639.0,39.47,0
37.8862977,672.2,5.218,0.023418,479.0,12.46,1
11.9615433,424.5,3.129,0.019583,847.0,121.71,0
62.127677128,37430.0,5.25005,0.438163,402.0,6.15,0
31.9730649,158.6,8.872,0.012353,530.0,18.59,0
143.1188694,255710.0,16.8109,0.573511,321.0,2.5,0
76.81985465,229160.0,5.16249,0.551423,379.0,4.88,0
165.40574995,66402.0,13.6363,0.472994,514.0,16.56,0
71.661915163,323610.0,6.33708,0.611676,365.0,4.18,0
9.44942685,489000.0,6.40303,0.691937,813.0,103.29,0
0.715802309,2208.6,1.5586,0.308722,1656.0,1787.96,0
70.58284717,150930.0,8.81169,0.515411,435.0,8.45,0
2.995357359,172400.0,6.57901,0.529249,1791.0,2437.81,0
3.840485025,31353.0,2.8592,0.438215,1077.0,318.66,0
10.443341795,145290.0,3.94077,0.404139,892.0,149.21,0
4.75307877,933.0,2.35,0.025738,7040.0,580415.2,0
19.515013291,256440.0,4.59379,0.570606,588.0,28.31,0
1.772451066,79.2,2.4592,0.008154,1685.0,1904.34,1
19.9158863,143.2,6.191,0.011866,728.0,66.31,1
54.061328105,79684.0,4.48223,0.727029,514.0,16.51,0
34.525990182,67161.0,4.47294,0.474437,607.0,32.12,0
14.2821417,224.9,2.068,0.013573,625.0,36.03,0
18.64532882,433820.0,3.63893,0.669838,656.0,43.71,0
20.882125422,233450.0,8.03365,0.566124,737.0,69.67,0
30.8609783,128.9,4.216,0.011914,525.0,17.96,1
3.652810043,119.4,1.5132,0.009764,1015.0,250.33,0
15.65134872,3104.0,4.1553,0.329463,1396.0,898.69,0
8.37159554,98.0,5.252,0.012311,1292.0,659.25,1
286.1755875,328540.0,16.1025,0.61205,276.0,1.38,0
152.15144795,151820.0,26.8612,0.498993,362.0,4.04,0
0.542636318,74.6,1.2536,0.0078,2659.0,11844.28,0
29.911334059,354380.0,7.26916,0.622126,471.0,11.68,0
5.877122485,362900.0,4.71655,0.632037,1402.0,913.57,0
10.636305846,216060.0,5.17212,0.441963,1110.0,358.62,0
2.1032389,24852.0,6.4774,0.426764,1238.0,555.0,0
46.698200933,54592.0,3.57049,0.469839,468.0,11.31,0
15.99560373,221.7,3.471,0.013216,550.0,21.54,1
4.39451798,223620.0,2.9527,1.246769,554.0,22.27,0
25.9518795,1312.3,21.569,0.298163,645.0,41.0,0
56.048096688,53726.0,4.04427,0.500413,400.0,6.06,0
2.25161215,23.9,2.1,0.004761,2934.0,17529.42,0
50.35545898,107140.0,5.51863,0.300401,492.0,13.81,0
14.0328775,210.9,6.684,0.013277,783.0,88.83,1
13.2226149,261.7,4.337,0.018529,740.0,71.11,1
3.54828691,70.9,3.281,0.007771,1795.0,2458.09,0
18.79852,487.4,4.795,0.026189,509.0,15.82,0
156.51657398,113340.0,12.2259,0.519054,367.0,4.31,0
1.366946478,158640.0,3.37701,0.525639,1403.0,910.99,0
313.09275066,445610.0,14.3447,0.646575,207.0,0.44,0
0.566813677,61.2,2.458,0.00732,2269.0,6276.41,0
157.32263943,153930.0,21.9232,0.524595,351.0,3.61,0
9.53040216,321540.0,5.95809,0.607369,805.0,99.43,0
4.218512654,23417.0,3.62939,0.154013,1189.0,472.03,0
8.529991199,20084.0,3.9954,0.414572,940.0,184.92,0
1.922862476,101270.0,3.4594,0.496555,1827.0,2631.95,0
16.00747237,277.6,1.267,0.020964,838.0,116.46,1
54.6493679,432.5,7.962,0.018829,538.0,19.86,1
100.8276725,1778.8,8.39,0.040808,364.0,4.16,1
0.905675699,73.2,1.701,0.007777,1780.0,2374.98,0
15.9750417,643.5,3.549,0.239459,1143.0,403.2,0
16.0505464,94.4,3.171,0.008729,630.0,37.12,1
0.805267592,146.6,0.887,0.011222,2165.0,5216.79,0
11.082622625,268720.0,6.62584,0.480493,793.0,93.67,0
421.42848194,96654.0,8.60447,0.290386,335.0,2.97,0
1.096587245,541.2,3.0287,1.639758,1726.0,2096.5,0
3.012476415,198400.0,3.31903,0.494689,1388.0,879.89,0
204.74104758,333800.0,20.5357,0.619359,404.0,6.3,0
0.759740194,42.5,3.252,0.006119,2059.0,4245.86,0
4.664186517,555380.0,4.0639,0.713388,1683.0,1896.44,0
1.092066399,401890.0,2.97608,0.64771,1164.0,432.44,0
3.053578643,52880.0,3.22884,0.453323,1035.0,271.46,0
2.992662857,113700.0,2.5258,0.300827,1476.0,1123.54,0
4.664188563,11360.0,3.773,0.392575,1221.0,525.46,0
0.954873008,33.0,1.0613,0.005473,2325.0,6913.47,0
0.56493412,252640.0,2.57621,0.57282,1458.0,1071.88,0
1.674984844,234580.0,4.92134,0.562236,3055.0,20561.29,0
7.31945294,166.8,4.881,0.011683,1682.0,1891.07,1
35.8007112,417.4,8.219,0.018458,991.0,227.68,1
0.790049989,70.8,2.794,0.00763,1724.0,2082.67,0
14.15402615,21653.0,4.115,0.410192,495.0,14.25,0
33.93754213,32990.0,11.1677,1.187681,618.0,34.42,0
20.7057153,115.9,9.678,0.012104,967.0,206.73,1
3.7228679,52.1,9.557,0.007308,1182.0,461.27,0
58.0198583,1286.6,5.348,0.044054,354.0,3.7,1
4.286103033,173360.0,2.6422,0.399778,686.0,52.42,0
290.7778719,225770.0,12.0525,0.564828,222.0,0.58,0
5.017239915,144640.0,4.36126,0.354356,1229.0,538.77,0
0.937923475,40.4,3.164,0.005928,1588.0,1503.05,0
204.0329342,411370.0,17.5623,0.65162,272.0,1.29,0
2.148219541,457840.0,2.94091,0.675881,1009.0,244.99,0
58.621578824,142950.0,8.52961,0.51068,385.0,5.19,0
3.125821128,5025.4,2.2163,0.355068,2087.0,4481.76,0
1.032068851,121990.0,2.1344,0.571264,1221.0,523.01,0
6.6751871,178.3,2.372,0.012257,890.0,148.28,0
1.450205839,25884.0,3.6373,0.448824,2675.0,12063.44,0
3.224486463,403730.0,4.61686,0.624301,1456.0,1060.42,0
44.14579777,224230.0,4.088,0.636114,504.0,15.25,0
33.3239576,2012.1,37.217,0.042066,416.0,7.06,0
0.94102954,34.5,4.415,0.00535,2761.0,13794.93,0
1.992812339,314.8,2.066,0.148573,675.0,48.82,1
36.514374043,111620.0,6.48255,0.304683,546.0,21.08,0
39.818832,199.1,10.757,0.013418,650.0,42.32,1
25.4337864,302.0,6.514,0.015845,667.0,46.8,1
67.451045,7062.8,8.9387,0.153381,562.0,23.61,0
52.6095103,203.7,8.202,0.012978,553.0,22.13,1
198.7106251,2094.8,8.638,0.040799,258.0,1.05,1
15.873380595,208360.0,8.0429,3.047001,962.0,202.23,0
65.583665567,242400.0,5.01216,0.566724,371.0,4.5,0
394.67816267,253380.0,6.05443,0.575438,235.0,0.72,0
111.31980522,62705.0,23.0078,0.226038,539.0,20.01,0
110.29512684,176340.0,16.5339,0.387633,362.0,4.06,0
95.178317934,128580.0,3.60125,0.403168,272.0,1.29,0
31.2543238,438.0,5.662,0.019192,635.0,38.54,1
61.4911479,58703.0,9.745,0.237907,438.0,8.7,0
110.2867031,145.3,4.427,0.011693,414.0,6.96,1
11.8061737,88.1,4.472,0.010108,1407.0,926.72,1
6.15828666,57.7,6.329,0.007218,1212.0,510.35,1
10.828825742,92.1,0.7275,0.008842,758.0,78.3,0
82.292865,371.1,7.048,0.017445,400.0,6.07,1
92.436978,955.2,6.432,0.035765,348.0,3.46,1
11.08260553,601.2,6.23,0.03062,1108.0,355.64,0
22.7832776,120.2,4.194,0.010545,759.0,78.41,0
23.737952838,95884.0,8.50818,0.487862,620.0,34.94,0
21.4618453,122.2,5.675,0.150178,722.0,64.17,0
75.13194883,122370.0,20.8729,0.32928,359.0,3.94,0
243.82122131,56799.0,10.9312,0.394089,365.0,4.18,0
16.227548674,192690.0,5.08666,0.535852,599.0,30.52,0
47.189437,370870.0,11.555,0.628464,484.0,13.01,0
1.501760172,387900.0,5.85519,0.645438,1905.0,3110.42,0
4.05325447,110920.0,4.0116,14.708329,1191.0,475.36,0
7.68433346,1175.0,1.4346,0.041382,583.0,27.35,1
1.549979213,370550.0,7.5945,0.608012,2141.0,4986.15,0
10.99381963,1685.8,3.7889,0.317936,978.0,216.57,0
10.9938087,1456.9,5.0403,0.042171,978.0,216.57,0
16.5860329,231.3,7.043,0.013767,821.0,107.25,1
16.7525077,338.3,3.174,0.018524,801.0,97.43,1
49.612757516,130460.0,7.07603,0.506988,536.0,19.46,0
15.3317719,179.2,5.467,0.013624,821.0,107.44,1
84.704139,655.7,10.393,0.02339,537.0,19.59,1
0.755105584,250030.0,5.02374,0.58683,2412.0,7996.1,0
101.26336282,72792.0,17.8951,0.37945,435.0,8.47,0
120.58167178,192900.0,8.2904,0.567504,291.0,1.7,0
1.558544209,225590.0,3.3727,0.454191,1182.0,460.09,0
2.63757408,169660.0,5.9626,0.730483,1242.0,563.22,0
8.64636188,218070.0,8.73607,0.438049,1033.0,268.95,0
125.288206,241.6,3.695,0.014142,363.0,4.1,0
112.46358893,242410.0,31.8273,0.479766,692.0,54.2,0
42.39930429,205990.0,18.3609,0.425527,542.0,20.46,0
11.6044881,267.6,3.409,0.014751,841.0,118.5,1
27.009807384,67898.0,1.96698,0.382756,330.0,2.82,0
15.0219784,96.9,5.068,0.011751,874.0,137.91,1
91.078624,738.6,10.304,0.029618,415.0,7.02,1
85.272459,767.8,13.31,0.033383,443.0,9.1,1
12.42592675,410.3,29.1701,0.025106,790.0,92.32,0
89.7398137,81096.0,3.26371,0.465939,363.0,4.1,0
90.08255562,43252.0,19.7301,0.192307,666.0,46.58,0
0.759768478,57.4,2.824,0.007174,1737.0,2149.06,0
42.2011587,178.1,8.479,0.23628,671.0,47.85,0
15.65129028,398640.0,6.7631,0.650096,792.0,93.1,0
9.014220178,34086.0,2.76441,0.194303,661.0,45.03,0
1.824653341,176740.0,4.25512,0.539549,1680.0,1880.22,0
3.185090259,423280.0,4.80188,0.662324,1564.0,1414.18,0
372.76888,1157.2,23.27,0.037443,242.0,0.81,0
5.70940795,586.7,1.622,0.024186,644.0,40.66,1
2.086076372,58858.0,2.4032,12.633445,1645.0,1728.2,0
3.63898953,209.6,2.252,0.013212,1238.0,555.71,1
38.1303324,180.4,6.53,0.012762,613.0,33.43,1
14.42735088,117.0,4.857,0.013498,783.0,88.9,1
12.90235874,354.4,2.446,0.017349,675.0,48.99,1
36.4337867,406.8,4.388,0.018302,561.0,23.35,1
58.5850357,75468.0,3.5939,0.688798,707.0,59.16,0
265.47847,1040.7,10.28,0.038304,291.0,1.7,1
1.546222068,49.4,7.998,0.00654,1578.0,1465.41,0
89.3313828,2177.6,11.919,0.050079,558.0,22.89,0
22.2941485,100.9,3.188,0.009837,760.0,78.93,0
46.7162336,345.5,7.259,0.016994,531.0,18.74,1
43.56225858,51325.0,3.6873,0.602613,624.0,35.83,0
198.443477,39943.0,9.9776,0.440177,279.0,1.44,0
17.907664726,265410.0,5.58652,2.488302,746.0,73.31,0
2.4044122,42.7,4.575,0.006215,1662.0,1805.11,0
22.77196484,325450.0,8.3476,0.612697,835.0,114.9,0
184.52015392,49269.0,15.3564,0.275861,275.0,1.36,0
82.175197,546.4,8.664,0.021508,441.0,8.92,1
29.015852933,71432.0,7.19844,11.513161,592.0,29.11,0
77.36241476,96586.0,12.1317,0.482947,362.0,4.08,0
495.71095,443.1,4.514,0.020671,330.0,2.8,0
10.35857039,273.7,2.577,0.015084,860.0,129.28,1
30.2541186,576.3,2.134,0.022052,660.0,44.87,1
17.081202417,134140.0,7.20617,0.507526,585.0,27.61,0
20.034708,124.4,6.49,0.010243,967.0,207.16,1
3.15722086,49.7,3.762,0.006453,1791.0,2436.47,1
23.2385587,161.2,8.432,0.011845,903.0,157.09,1
118.314913,216.3,4.79,0.013895,786.0,90.09,0
20.35971899,345.7,2.1521,0.021227,276.0,1.38,1
43.798566,290.4,6.401,0.199499,721.0,63.8,0
131.73630485,58381.0,5.28476,0.298387,413.0,6.89,0
4.301031137,204150.0,5.65214,0.550225,1454.0,1056.61,0
198.01379181,142500.0,9.72673,0.497851,260.0,1.09,0
10.9938268,419210.0,5.0746,0.649357,627.0,36.46,0
1.682934607,142.7,1.8846,0.011608,1270.0,615.67,1
114.90862419,196110.0,7.66397,0.531564,259.0,1.06,0
11.55532445,250.0,3.499,0.019441,674.0,48.88,1
26.0841212,259.7,6.141,0.014818,598.0,30.24,1
52.802767576,52110.0,5.6184,0.770634,472.0,11.73,0
39.206808648,186980.0,6.24701,0.53388,516.0,16.82,0
64.6589166,235.4,7.71,0.013934,535.0,19.39,1
27.6760342,266.8,4.234,0.014638,951.0,193.23,0
8.74192361,295.7,4.235,0.015506,924.0,172.38,1
26.936878,246.9,4.969,0.014418,617.0,34.24,0
12.4281308,131.4,6.79,0.010648,715.0,61.78,0
9.10969334,126.4,5.3181,0.011234,873.0,137.45,1
0.96283264,96.3,2.947,0.009249,1686.0,1908.55,0
73.7502765,233.1,13.309,0.013963,677.0,49.76,1
210.30644361,46455.0,6.68665,0.459132,525.0,17.94,0
8.268081087,71479.0,3.47103,0.499643,863.0,130.83,0
3.564614021,94342.0,3.44204,0.472251,1187.0,470.37,0
533.47707,210.6,23.71,0.013552,315.0,2.33,0
5.877122413,15647.0,3.7369,0.403463,1061.0,300.43,0
1.036592635,124500.0,2.40749,0.484781,4194.0,73013.77,0
91.4999978,65496.0,19.5818,0.258662,335.0,2.98,0
65.9407869,580.4,7.776,0.02222,454.0,10.04,1
406.45737,284.2,9.554,0.015734,278.0,1.42,0
30.47639859,130570.0,17.9728,0.500513,542.0,20.39,0
14.53260546,328.9,2.4212,0.016627,746.0,73.37,1
153.348739,388.0,12.205,0.018175,377.0,4.78,1
361.526458,525.1,6.947,0.027145,410.0,6.67,0
48.0506878,274.5,7.999,0.014886,564.0,23.9,1
9.44942628,1211.9,6.3064,0.258572,1192.0,476.13,0
0.933489066,14259.0,1.41864,0.405613,1979.0,3648.49,0
1.908525084,218.9,4.169,0.013861,3191.0,24558.81,0
0.798467681,120.7,0.86,0.010278,1718.0,2064.49,0
0.867721348,97653.0,4.8783,0.480869,2089.0,4487.7,0
161.252567,2911.5,23.626,0.056948,318.0,2.41,0
3.90863457,867.2,1.7704,0.026067,787.0,91.01,1
77.086191,942.8,4.77,0.259869,464.0,11.0,1
1.673662758,316.4,2.3135,0.203697,1729.0,2106.67,0
5.93717724,25450.0,5.355,5.442474,1005.0,241.6,0
3.89043062,195.4,6.596,0.012681,1106.0,354.22,0
16.8282542,655.3,39.098,0.025021,668.0,46.95,0
2.489549075,2829.7,2.4345,0.387996,1708.0,2007.56,0
1.644221032,47.8,2.9122,0.007869,1897.0,3071.95,1
4.469731089,3159.6,5.257,0.334344,1614.0,1604.34,0
1.731803197,44612.0,5.6803,0.203526,1526.0,1285.11,0
2.64830047,12668.0,2.6395,0.124892,3042.0,20225.84,0
17.2653659,67.9,5.02,0.007577,888.0,146.92,1
3.486318703,60135.0,2.7904,0.499394,1201.0,491.1,0
1.705780649,15498.0,1.6271,0.402121,1101.0,348.32,0
7.45306683,46552.0,4.7617,9.56302,932.0,178.53,0
2.929299629,83918.0,7.102,0.473198,1272.0,618.11,0
5.50811352,40380.0,2.9516,0.499432,778.0,86.57,0
0.569115097,585600.0,3.5028,0.838661,3357.0,29827.37,0
2.529073751,1572.9,1.8827,0.308466,1137.0,395.83,0
0.916326699,96384.0,3.1427,0.477648,1917.0,3196.67,0
33.0405509,577.4,3.3613,0.022276,561.0,23.4,1
1.306723495,12457.0,6.606,0.382215,1170.0,443.02,0
0.7967202,167720.0,4.25304,0.520964,1964.0,3497.4,0
359.102042,1102.9,16.949,0.237663,290.0,1.67,0
160.130899,1183.0,13.775,0.034707,450.0,9.68,1
2.69634575,185.2,3.785,0.012741,1287.0,650.06,0
2.553924603,1680.1,9.835,0.303455,1352.0,789.69,0
8.487871809,118810.0,4.19829,0.495239,798.0,96.0,0
5.50817321,226850.0,3.6845,0.557136,768.0,82.55,0
6.142812722,96593.0,6.0751,0.292113,994.0,230.71,0
175.06586091,45134.0,4.5181,0.454277,312.0,2.24,0
20.8392148,177510.0,2.3321,0.585349,584.0,27.45,0
9.50158045,443400.0,5.0701,0.669155,860.0,128.99,0
19.226055,3266.0,2.949,0.051932,513.0,16.32,0
2.050435466,7765.3,8.0122,0.386675,1278.0,629.98,0
1.507101452,15847.0,5.2005,0.411029,1573.0,1453.29,0
1.274841686,50253.0,3.5903,0.455222,2025.0,3957.46,0
4.02582434,265.3,2.8059,0.014658,1169.0,440.08,1
2.845746618,557740.0,13.0719,0.701174,1667.0,1822.75,0
2.30120705,1688.1,25.08,0.30854,1254.0,583.42,0
337.377514,6110.0,12.136,0.341647,271.0,1.28,0
8.58965725,1161.5,8.9793,0.286052,828.0,111.01,0
8.56751264,347.9,5.449,0.200293,972.0,210.83,0
1.061934313,607.0,3.194,0.244939,1104.0,352.77,0
2.406574511,738.0,3.4382,0.216878,1481.0,1140.2,0
28.64338839,624.3,1.2246,0.030138,871.0,136.32,0
96.231257,938.0,2.488,0.028118,965.0,204.8,0
30.5528701,63521.0,5.3367,0.499685,685.0,51.9,0
26.2347447,196.5,3.536,0.018433,754.0,76.31,1
160.88451966,7590.4,10.8771,0.079769,346.0,3.39,1
4.04506346,360180.0,3.22222,0.622151,1143.0,402.77,0
141.2415405,12990.0,6.7645,0.103416,352.0,3.62,1
217.83184293,9148.7,21.306,0.08768,343.0,3.29,1
1.433262145,1849.5,5.6316,0.048592,1769.0,2319.46,0
0.782046543,340460.0,1.9874,0.667358,1372.0,836.18,0
5.663604992,163380.0,1.4283,0.499523,1021.0,257.36,0
18.076610347,65280.0,3.1396,0.469442,533.0,19.14,0
6.47173281,6472.7,7.1964,0.07437,1338.0,757.69,0
1.031100362,129160.0,2.9759,0.333032,1584.0,1491.65,0
0.597933142,284380.0,3.47133,0.581098,2161.0,5169.99,0
5.36652724,3122.5,8.367,0.085983,982.0,219.72,0
1.540392098,1022.0,3.7271,0.223011,1210.0,506.98,0
47.1484324,1113.8,3.1347,0.032227,391.0,5.5,1
2.50475282,181.1,2.376,0.01214,1369.0,828.59,1
59.3627946,233.6,13.972,0.013889,566.0,24.33,1
2.199076661,777.4,6.11,0.25145,1179.0,457.33,0
1.79110997,167.5,2.0917,0.011842,1549.0,1356.76,1
7.77241144,286.9,5.272,0.015604,938.0,183.58,0
10.51421162,85.4,3.877,0.009808,943.0,187.06,1
11.344347453,258240.0,5.9738,0.572515,810.0,101.92,0
214.3120439,4523.4,16.2938,0.06189,380.0,4.93,1
0.876826336,138370.0,3.6097,0.354462,2042.0,4095.0,0
208.86909724,21307.0,4.5707,0.277879,316.0,2.34,0
7.2593226,247.5,6.1394,0.014557,967.0,206.88,1
1.98663794,63156.0,4.7585,0.470304,3234.0,25932.61,0
13.54208867,28869.0,4.9406,0.263217,727.0,66.01,0
7.549303633,10223.0,2.3665,0.387116,794.0,93.96,0
0.77544539,6791.4,1.8764,0.376097,1883.0,2974.07,0
308.255238,637.1,11.959,0.022287,576.0,26.05,0
3.46724809,1317.3,11.01,0.042435,841.0,118.15,0
7.4413445,2234.0,2.8754,0.336713,1136.0,393.59,0
4.618309224,1191.0,3.6752,0.285711,947.0,190.56,0
0.677761275,877.9,3.7085,0.237792,1906.0,3136.01,0
2.845739012,24392.0,11.9327,0.426372,1294.0,663.42,0
175.358905,215.0,5.34,0.013125,420.0,7.36,0
12.42618005,1522.8,28.1949,0.046627,551.0,21.8,0
2.189090653,1027.1,5.2094,0.274077,1185.0,466.32,0
5.33905606,755.5,1.6415,0.024662,817.0,105.25,1
1.99492332,77.7,5.898,0.008828,1451.0,1044.18,0
23.2218115,210.4,2.744,0.016108,746.0,73.08,1
3.351573993,54546.0,2.8758,0.21411,1282.0,638.3,0
8.097050622,65620.0,5.6736,0.245958,891.0,149.48,0
2.119107262,124650.0,7.5384,0.496971,1851.0,2775.75,0
0.887691177,37.3,1.644,0.00564,2709.0,12704.16,0
142.545,905.4,8.75,0.02727,318.0,2.42,1
240.7990472,5022.9,16.666,0.068165,342.0,3.22,1
0.888584158,412710.0,2.25012,0.649611,1211.0,507.14,0
0.865959015,291270.0,1.9058,2.821403,1162.0,434.65,0
0.594276199,220740.0,2.0188,3.665677,1564.0,1414.7,0
1.527491117,33546.0,7.9136,0.428584,988.0,224.31,0
0.566814046,42.1,4.049,0.006227,2039.0,4073.9,0
0.61496383,358050.0,1.93053,0.618606,1460.0,1074.84,0
161.253747,2598.4,25.322,0.056819,295.0,1.8,0
2.974163938,90282.0,1.7423,0.318122,1266.0,605.99,0
15.84131693,2617.7,1.8156,0.311548,2252.0,6085.07,0
9.2075634,1243.1,3.365,0.038689,972.0,211.08,1
2.5903958,330.9,2.088,0.017944,1484.0,1147.44,1
5.3235335,342.4,2.714,0.018891,1167.0,438.71,1
0.831741499,1231.1,2.297,0.334314,2198.0,5501.14,0
4.44737112,224.4,19.45,0.019271,1068.0,307.65,0
12.893018017,16033.0,3.30029,0.406644,1004.0,240.5,0
4.532416322,34953.0,3.2864,0.445018,1328.0,735.27,0
1.160153553,12302.0,2.16452,0.400707,2183.0,5363.78,0
4.032760214,10803.0,2.7194,0.367551,2582.0,10499.43,0
3.723552982,40143.0,3.5632,0.193728,1176.0,452.71,0
2.21396079,119.4,3.452,0.009681,1123.0,375.04,0
11.35501209,19675.0,14.557,0.129228,534.0,19.29,0
1.195515251,8054.4,5.0834,0.391084,1959.0,3469.7,0
5.80184753,22143.0,3.9551,0.139233,989.0,225.81,0
2.38404983,312730.0,3.2849,0.605641,1363.0,815.42,0
5.24078259,592.6,5.238,0.246927,1080.0,322.16,0
5.26641416,223.8,2.4404,0.014989,1421.0,964.18,0
1.847892736,323.3,1.8904,0.016387,1374.0,843.8,1
0.604358764,38731.0,1.0423,0.499189,997.0,235.63,0
11.3775281,1651.3,12.918,0.453807,1177.0,453.61,0
0.7981968,257620.0,2.22035,0.571257,1963.0,3497.4,0
0.695954898,318.1,1.469,0.016553,2740.0,13264.33,0
0.948951607,458460.0,4.3809,1.055912,1853.0,2796.38,0
19.37070781,653.2,2.2466,0.229288,1180.0,458.92,0
14.46993942,1235.3,7.455,0.086932,1713.0,2033.61,0
1.278555003,1478.0,1.4247,0.057422,1515.0,1241.92,0
1.226223959,56.1,2.1689,0.006849,2024.0,3973.86,1
2.244600029,8611.0,1.9204,0.313653,1190.0,475.37,0
181.8521773,27559.0,5.7725,0.419687,333.0,2.91,0
223.1127475,11539.0,8.9683,0.40175,332.0,2.87,0
15.64064161,273310.0,6.4524,0.51438,921.0,169.73,0
6.8873113,85.3,2.214,0.00857,788.0,90.91,1
43.8496474,452.3,2.217,0.01893,1286.0,645.68,0
0.752158047,37879.0,2.42733,0.439788,2869.0,15978.36,0
3.796488133,3007.6,11.0659,0.367269,1233.0,547.94,0
1.233076007,1392.4,12.506,0.351801,1513.0,1237.97,0
21.5135234,1583.8,77.983,1.475099,1006.0,242.54,0
19.4444573,182.3,5.509,0.012987,749.0,74.47,0
1.1910489,1391.1,1.3738,0.300822,1348.0,781.99,0
0.546248198,114530.0,2.1081,0.496587,2227.0,5820.72,0
1.811966339,408.1,3.792,0.260358,2573.0,10360.38,0
66.1539783,6951.0,5.896,0.088866,468.0,11.3,0
158.3226379,4863.0,2.1881,0.406775,211.0,0.47,0
3.93276627,234.9,2.9403,0.014124,1140.0,399.84,1
198.680859,645.4,8.282,0.025242,297.0,1.83,1
1.592634161,155160.0,8.9488,0.519012,2255.0,6128.09,0
3.31577795,94567.0,4.2349,0.299531,1104.0,349.78,0
2.990252395,216440.0,7.8462,0.822802,1264.0,603.02,0
2.08043378,6861.2,7.708,4.177551,1629.0,1661.27,0
4.944046127,112500.0,4.50334,0.49712,1069.0,308.53,0
4.464565251,74112.0,4.0221,0.463874,1024.0,259.97,0
1.523298835,195070.0,5.9083,0.411842,1404.0,919.42,0
3.539631353,1229.7,1.5372,0.137045,2214.0,5689.3,0
6.195861785,3509.8,2.6078,2.43178,883.0,143.74,0
0.566805514,85.3,4.367,0.008194,1920.0,3193.9,0
27.961084,6268.2,3.8741,0.144652,796.0,94.86,0
186.5168116,5752.4,3.1968,0.114852,452.0,9.83,0
197.1455327,5664.0,2.1145,0.341513,498.0,14.53,0
0.532087933,510370.0,3.45028,0.685266,2247.0,6002.61,0
3.204222652,898.4,2.7952,0.291035,979.0,217.46,0
0.687898282,293500.0,3.96401,0.509016,2062.0,4267.13,0
2.178154774,662.6,3.5302,0.250308,1180.0,457.16,0
0.99466172,1370.5,1.576,0.285559,1898.0,3078.85,0
359.00688,2015.8,32.16,0.313721,237.0,0.74,0
1.138548215,66.2,2.1482,0.007741,2537.0,9805.45,1
121.0598037,1563.0,3.112,0.253653,1792.0,2437.81,0
0.721335207,31.8,1.509,0.005213,2162.0,5166.26,0
3.28274272,292.8,8.9,0.020689,1136.0,392.7,0
1.231361934,471.0,5.433,0.026429,1839.0,2707.51,0
89.7224125,263.7,10.963,0.016065,508.0,15.69,1
7.12766417,229.2,2.491,0.013519,784.0,89.24,1
2.080431782,894200.0,7.4997,1.496806,2719.0,12956.98,0
1.157804607,605710.0,4.66082,0.759009,2255.0,6116.99,0
19.979098,38418.0,10.5638,0.186854,739.0,70.59,0
1.433262401,428560.0,6.2205,0.637923,2691.0,12427.14,0
23.8706941,6386.3,3.4812,0.389546,711.0,60.38,0
0.566769068,40.0,3.011,0.006355,2661.0,11897.94,0
6.2820426,1413.0,7.941,0.057292,2021.0,3938.81,0
0.97430309,34976.0,2.1088,0.438332,1643.0,1728.18,0
119.686505,842.7,29.33,0.25255,341.0,3.21,0
53.556625,3963.0,16.18,0.066604,1076.0,317.03,0
1.210693626,159.1,1.434,0.01198,1351.0,784.51,1
1.090011003,174.8,1.5,0.012356,1402.0,911.28,1
34.2115022,273.8,4.947,0.014665,427.0,7.82,1
7.061149921,131260.0,3.33515,0.501653,842.0,118.87,0
2.682767439,394410.0,4.58143,0.647193,1310.0,695.41,0
3.711012492,7559.8,3.3394,0.379062,1310.0,695.05,0
1.780982447,357700.0,3.4297,0.55359,1502.0,1204.3,0
1.815632406,61574.0,3.35773,0.413671,3429.0,32652.55,0
205.5833309,24872.0,6.0353,0.427207,323.0,2.58,0
4.309067482,23647.0,2.21,1.176969,882.0,142.6,0
36.4721523,52.6,2.673,0.007177,527.0,18.29,0
111.0396205,9356.2,25.751,0.101402,335.0,2.97,0
3.187087241,129090.0,7.2897,0.359353,4037.0,62743.06,0
1.023470248,129530.0,2.3804,0.919362,1807.0,2522.39,0
0.875267982,11701.0,1.6038,0.399678,1910.0,3157.34,0
5.55260695,727.6,4.1178,0.209409,6436.0,404932.04,0
2.347479696,81996.0,26.25,0.486841,1502.0,1207.51,0
1.13353095,18.5,3.17,0.003967,2006.0,3840.87,0
0.890745373,120030.0,1.9215,0.338117,1892.0,3015.62,0
440.7843755,2579.0,21.693,0.047554,308.0,2.14,1
2.723858181,5497.0,1.4313,0.089031,900.0,154.53,0
0.635441862,147610.0,1.9827,0.515605,2118.0,4750.98,0
3.255189932,119.2,2.7117,0.010158,1390.0,880.52,0
2.531140101,11786.0,20.399,0.392165,1100.0,346.06,0
0.938750221,280.7,1.3568,0.01514,1676.0,1874.28,1
2.992704682,361.1,1.2585,0.018393,2328.0,6932.19,0
6.12810722,2336.0,2.824,0.217095,1513.0,1237.9,0
2.115511511,25805.0,8.5116,0.500992,897.0,152.34,0
2.446736567,415860.0,5.0201,0.654961,1351.0,788.17,0
21.3779536,255240.0,24.872,0.455185,1062.0,300.32,0
4.350460215,50424.0,2.5276,3.447527,1472.0,1107.34,0
22.77194512,30246.0,10.1995,0.500445,1254.0,584.54,0
67.844689,211.2,11.757,0.013389,592.0,29.08,1
27.3214242,279.6,4.836,0.022773,705.0,58.35,1
9.84883968,22012.0,5.7425,0.443343,1134.0,390.19,0
227.6625222,13895.0,5.5072,0.402352,319.0,2.46,0
1.06100873,6367.1,2.6715,0.088429,1568.0,1434.99,0
0.623393802,30192.0,1.40392,0.404339,1379.0,849.08,0
0.65355361,4595.9,1.63,0.318427,1437.0,1004.07,1
2.3702932,224.8,1.666,0.013622,1256.0,588.1,1
0.566793534,92.4,4.714,0.008135,14667.0,10947554.55,0
1.873380717,538720.0,10.1083,0.702166,1669.0,1830.27,0
1.87337894,5444.0,9.1328,0.081812,2925.0,17342.01,0
7.50023955,273.2,2.916,0.209878,901.0,155.6,0
23.6270348,8433.0,11.481,0.231978,560.0,23.17,0
0.716709897,932.5,0.7466,0.222864,3124.0,22605.13,0
2.248063246,631.7,5.1297,0.250172,1566.0,1421.38,0
63.3278636,11515.0,47.0744,0.095439,896.0,152.49,0
219.3215562,3628.7,12.4124,0.055313,313.0,2.27,1
245.4382021,11312.0,14.502,0.177328,289.0,1.66,0
178.4129899,37510.0,2.9298,0.265158,361.0,4.0,0
2.192004364,99583.0,3.075,0.500675,1118.0,369.54,0
3.900109346,126190.0,3.9037,0.381514,1160.0,427.83,0
1.471060209,148440.0,4.3708,0.519524,3693.0,43941.18,0
213.3990406,13930.0,6.5043,0.176124,468.0,11.32,0
6.40802979,7784.1,2.9288,0.394488,1157.0,424.01,0
0.962835804,14328.0,4.9844,0.130081,7100.0,602806.92,0
4.639602084,25079.0,3.4636,0.153067,1285.0,643.95,0
2.991885335,1356.9,7.4319,0.042959,1209.0,505.77,0
1.327471395,5673.8,5.2334,0.083455,1395.0,892.4,0
0.566792595,19.9,2.637,0.004114,2548.0,10020.28,0
1.247156944,134760.0,2.6779,24.662711,4120.0,68223.38,0
2.119100054,1651.1,8.2163,0.291718,1571.0,1435.29,0
1.466535757,1346.4,0.8222,0.038383,1671.0,1849.31,0
8.870415578,873.1,1.2864,0.238656,1151.0,414.26,0
1.49131759,25.8,4.721,0.004751,2475.0,8873.77,0
19.57783279,432.6,1.9857,0.020303,621.0,35.14,1
3.04476607,272.6,9.568,0.175754,1126.0,379.01,0
70.9672087,784.7,6.9623,0.026365,438.0,8.66,1
4.45543346,245680.0,5.116,0.473378,1106.0,354.27,0
14.323889947,69072.0,4.83729,0.469972,720.0,63.62,0
20.427232317,121810.0,3.46429,4.912193,749.0,74.27,0
105.6552651,1366.9,9.39,0.033986,407.0,6.51,1
4.029803201,191070.0,4.4301,0.404176,1233.0,545.64,0
1.303858554,126640.0,4.36797,0.499714,2080.0,4438.11,0
3.18899015,66.2,2.722,0.007617,1309.0,693.65,1
1.570518376,2213.2,3.2035,0.349222,4106.0,67267.85,0
115.9943364,37571.0,2.4136,0.170135,265.0,1.16,0
0.623441636,19340.0,1.46001,0.408688,1711.0,2025.22,0
14.5417471,1088.6,5.6067,0.252447,1494.0,1176.23,0
2.81753381,3836.0,2.1551,0.441301,1494.0,1180.61,0
0.762132307,63.7,1.22,0.007382,1872.0,2913.14,1
56.6993107,5824.7,7.0706,0.364464,1261.0,598.36,0
161.252247,2185.9,23.467,0.050688,303.0,2.0,0
0.867719291,2651.8,6.323,0.327751,2106.0,4662.2,0
0.84112187,75070.0,2.0431,0.509595,1514.0,1240.91,0
0.828326025,10718.0,1.42721,0.465053,1845.0,2739.59,0
1.219324537,379060.0,4.7501,0.618896,1569.0,1432.21,0
2.401751509,25044.0,2.0835,4.418495,888.0,146.91,0
36.97709537,217140.0,5.2063,0.546343,546.0,21.08,0
16.371883638,65927.0,3.44467,0.457732,840.0,117.9,0
2.617284592,231450.0,9.5545,0.562361,2013.0,3885.11,0
10.14873521,116120.0,5.603,0.502467,1045.0,281.19,0
2.897436854,289810.0,3.2833,0.592374,1277.0,627.44,0
5.546083089,2211.0,2.717,0.050506,2336.0,7027.09,1
6.87366398,9766.9,7.0845,0.136634,859.0,128.52,0
0.668483494,722770.0,2.4129,1.270693,2082.0,4439.53,0
1.070272827,9886.5,4.2844,0.402965,1224.0,528.52,0
0.977170246,151.1,3.4842,0.011819,3226.0,25506.22,0
1.135930136,27247.0,4.5036,0.49963,1836.0,2683.57,0
1.801863222,262580.0,7.2492,0.572771,2721.0,12930.1,0
54.77145968,7224.8,37.1871,0.081293,777.0,86.12,0
1.674690886,527.4,2.0179,0.235701,1813.0,2558.96,0
161.515617,2215.3,6.548,0.041208,211.0,0.47,1
2.112405306,489.0,2.5845,0.230297,1225.0,533.2,0
1.870990236,642.6,1.8432,0.220077,1668.0,1824.38,0
5.56648691,694.9,10.931,0.031487,2618.0,11089.75,0
1.33253834,62.4,3.737,0.007151,1453.0,1051.03,0
1.241483276,141.0,2.195,0.236943,1847.0,2761.35,0
3.01551943,159580.0,3.1713,0.516792,1837.0,2692.16,0
2.112395777,262600.0,2.7714,1.05549,1419.0,957.45,0
14.8444836,177.9,6.091,0.012341,1092.0,336.06,1
2.252417903,32296.0,1.9767,0.45607,782.0,88.43,0
2.900613144,165480.0,3.7357,0.379996,1289.0,650.9,0
174.7697122,68139.0,2.3569,0.441845,294.0,1.77,0
31.43284649,178870.0,5.3541,0.523932,577.0,26.19,0
9.72675447,6641.6,19.6214,3.745903,1363.0,815.99,0
8.096939227,142890.0,2.8833,0.442225,1194.0,481.48,0
0.64234865,39597.0,2.1184,0.29825,1829.0,2653.37,0
130.4194187,2290.9,4.165,0.312575,473.0,11.79,0
1.78526527,1733.1,6.2233,0.307162,1815.0,2563.99,0
4.8591441,2183.6,3.8588,0.052321,1303.0,681.41,0
5.95077813,761.8,5.6,0.030058,2366.0,7394.55,0
99.673478,2496.0,0.968,10.723516,262.0,1.11,0
0.955297055,846.1,1.7405,0.22654,1550.0,1367.42,0
280.476576,651.2,32.24,0.032397,268.0,1.22,0
152.8255989,2173.5,22.688,0.042512,734.0,68.47,0
2.41660149,83.6,1.9699,0.008255,1343.0,770.05,1
4.252082243,8290.5,2.7543,0.382184,1064.0,303.48,0
14.180228311,172740.0,4.5344,0.500435,873.0,137.11,0
282.5253558,9746.4,10.7965,0.090074,264.0,1.15,1
1.87887673,824390.0,6.60887,1.0993,1846.0,2750.37,0
17.79391159,93395.0,4.3194,0.304958,697.0,55.88,0
7.942583252,88327.0,7.0612,0.920896,1285.0,644.35,0
15.85231085,437860.0,4.8707,6.221997,725.0,65.17,0
2.415925551,560970.0,9.7769,0.840385,3329.0,29070.1,0
0.656201038,174860.0,4.17901,1.033681,2157.0,5094.25,0
2.617280959,3089.9,9.661,2.695783,1689.0,1918.98,0
1.412524016,175780.0,5.74859,0.537589,1978.0,3627.17,0
5.77676732,5794.8,6.822,0.372037,670.0,47.55,0
88.40678718,1724.4,12.3079,0.03884,410.0,6.65,1
3.635723653,80.0,2.1862,0.008702,1478.0,1126.72,0
369.181947,913.0,3.239,0.027739,245.0,0.85,0
45.3968385,1355.2,4.477,0.275783,437.0,8.62,0
15.160166,307.9,5.856,0.01607,821.0,107.59,0
2.63009438,388.9,11.226,0.21442,1480.0,1135.97,0
9.40527028,470.9,2.076,0.233462,938.0,182.72,0
4.15713766,77.0,1.808,0.008098,1401.0,908.82,0
3.2136904,55.8,2.205,0.007099,1591.0,1515.7,0
2.87066026,450.8,1.541,0.019741,1196.0,484.17,0
0.991105114,286390.0,2.2137,0.584104,1257.0,589.31,0
12.425580393,1131.0,57.2012,0.263021,563.0,23.83,0
138.944022,530.2,10.611,0.021092,384.0,5.13,1
12.4260454,582.1,27.7691,0.029607,706.0,58.88,0
12.4260002,468.6,30.1966,0.026842,706.0,58.88,0
1.50650136,66.9,3.1126,0.007725,1562.0,1403.44,0
1.179969562,1109.3,1.9745,0.281884,2960.0,18136.88,0
10.10176739,601.7,2.1267,0.275518,829.0,111.86,0
1.480283464,60.5,2.486,0.007091,1822.0,2597.27,1
15.420409367,14759.0,2.3707,0.172989,661.0,45.03,0
9.97682072,966.8,3.4873,0.028075,802.0,97.85,1
61.4913415,3692.4,9.627,0.069936,323.0,2.58,0
16.00351679,668.3,4.001,0.237257,586.0,27.83,0
1.86390886,176.1,4.414,0.211237,2902.0,16718.87,0
2.03743942,112.5,3.103,0.009757,1299.0,673.94,0
332.74984,518.1,14.77,0.02098,302.0,1.97,0
2.4681015,172.8,2.83,0.012797,1244.0,564.74,0
215.15218,264.2,19.97,0.014999,287.0,1.61,0
3.17275711,313.2,5.404,0.015736,966.0,206.07,0
0.73619448,247.3,1.1148,0.015429,2268.0,6218.56,0
10.18670759,261.2,7.498,0.015613,477.0,12.29,0
365.994154,698.5,13.071,0.02726,263.0,1.14,0
0.54028956,293.5,3.619,0.197793,2279.0,6356.72,0
2.49047468,222.2,2.2003,0.014075,1413.0,940.43,0
2.17257963,335.5,1.5794,0.127814,1518.0,1254.52,0
3.307669761,243.1,1.672,0.014895,1840.0,2710.89,0
3.183961388,39268.0,3.7875,0.193669,1615.0,1608.01,0
48.507991,288.9,8.984,0.019503,511.0,16.08,0
0.759766456,480.5,5.323,0.258989,2128.0,4850.1,0
1.219034472,6923.8,2.151,0.075454,1845.0,2734.97,0
7.37339245,125.0,2.883,0.115063,1098.0,344.18,0
4.70847097,32622.0,6.0503,0.168982,1202.0,493.0,0
2.404556949,408.7,7.4918,0.024182,1958.0,3474.41,0
2.972047661,5945.0,1.198,0.318687,881.0,142.01,0
2.237180102,493.8,1.4734,0.020266,1134.0,390.02,0
0.93374232,351.4,6.552,0.207803,1638.0,1706.25,0
0.495434094,287.9,1.2496,0.015358,2151.0,5088.43,0
8.48031302,107.0,5.988,0.010313,1510.0,1229.56,0
0.882131829,3620.9,6.8106,0.081695,1963.0,3510.31,0
0.489682339,431670.0,1.7495,0.647409,1251.0,580.4,0
364.751562,1481.5,13.057,0.041985,166.0,0.18,1
2.189098506,2533.7,5.1498,0.316577,1288.0,651.22,0
0.7088055,17575.0,3.6789,0.414325,2035.0,4055.22,0
88.821421,393.7,9.35,0.639503,634.0,38.13,0
1.507761203,2773.7,3.096,0.35566,1301.0,675.11,0
1.506019633,136.9,2.408,0.011071,1628.0,1660.03,0
0.572513875,49.3,2.353,0.006287,1779.0,2365.45,0
35.14578122,6789.4,2.253,0.380065,480.0,12.6,0
3.690317047,465.5,1.3784,0.175786,1280.0,634.09,0
105.9566815,2286.4,6.9988,0.043403,324.0,2.59,1
2.95600563,76.1,2.6717,0.008059,1211.0,509.55,0
11.805707539,2052.1,2.0494,0.089511,1153.0,417.85,0
25.3710555,78.6,3.739,0.008777,779.0,87.17,0
8.58966893,429.6,6.962,0.017695,4900.0,136317.25,0
4.468456599,906.7,1.4195,0.241233,1081.0,321.94,0
0.933754669,89.3,4.048,0.00931,2475.0,8881.31,0
1.71030803,216.0,2.718,0.01348,1449.0,1039.18,0
79.9201319,1326.8,4.482,0.03473,217.0,0.53,0
199.3113,383.6,6.43,0.019056,278.0,1.42,0
157.82131,192.3,12.42,0.012707,377.0,4.75,0
2.28612573,301.6,12.408,0.20482,1433.0,993.96,0
199.66876,251.9,8.996,0.014438,305.0,2.06,1
1.33254971,158.3,4.69,0.012447,1782.0,2377.19,0
0.469334634,340.4,0.8864,0.021817,2432.0,8264.27,0
0.849277809,690.8,3.137,0.21591,1781.0,2366.84,0
71.4523167,216.9,6.276,0.013504,561.0,23.44,1
1.752564549,116.6,3.503,0.010683,1741.0,2174.09,0
0.566816802,94.0,1.981,0.008803,1585.0,1483.43,0
1.752553762,414.7,3.877,0.018419,933.0,178.74,0
2.065351521,173.2,2.661,0.012596,1196.0,485.51,0
2.253551793,119.6,3.66,0.010887,1812.0,2547.01,0
1.06378861,251.5,1.072,0.014732,1650.0,1761.19,1
1.854493861,1287.3,4.2367,0.319255,1291.0,657.94,0
1.020713389,102.3,0.873,0.009512,1724.0,2079.36,0
2.1990638,344.8,3.197,0.017186,1087.0,330.97,0
132.1331011,7956.2,26.715,0.084662,809.0,101.41,0
1.120646438,322.5,1.7664,0.202822,2783.0,14127.22,0
1.710279417,228.8,2.252,0.014075,1524.0,1272.5,0
65.238281,197.2,5.756,0.012604,734.0,68.49,0
0.56679641,26.7,2.324,0.004693,1940.0,3349.38,0
9.88736642,68.0,4.23,0.007617,768.0,82.32,1
42.3520039,512.6,7.773,0.021934,938.0,182.91,1
0.789160884,215.1,0.9268,0.013424,1244.0,564.46,1
2.399081606,6071.6,4.384,0.371808,1360.0,810.78,0
5.14072621,145.6,27.24,0.170568,1076.0,317.19,0
0.566798545,36.9,5.224,0.005557,2004.0,3787.58,0
1.44445234,200.7,0.9753,0.012845,1800.0,2479.44,1
3.55653637,202.5,8.7,0.013938,1272.0,619.57,0
9.60853601,584.4,3.672,0.253008,984.0,221.77,0
0.933747751,76.6,3.9236,0.008655,3112.0,22250.69,0
3.17463577,405.9,10.988,0.085673,1296.0,667.65,0
0.902222843,29.7,2.0516,0.004918,10340.0,2710661.9,0
22.4685309,242.3,3.034,0.055617,1040.0,276.85,0
10.16104834,908.9,3.0448,0.027327,800.0,96.98,0
2.743978797,39994.0,6.442,0.430899,1136.0,392.49,0
1.332561398,150.6,4.103,0.012322,2276.0,6330.12,0
364.14397,513.5,15.37,0.021216,259.0,1.06,0
21.78769087,507.7,4.498,0.216028,1042.0,278.24,0
5.90741476,5569.0,1.016,0.06763,769.0,82.73,1
2.368173896,10143.0,2.346,0.100933,1428.0,983.51,0
5.73865933,688.6,4.051,0.033126,535.0,19.33,0
91.05641908,57608.0,6.7282,0.464918,431.0,8.13,0
4.49686066,1932.5,1.7306,0.039901,535.0,19.34,1
24.7543849,593.3,3.39,0.023886,491.0,13.7,1
0.475068516,110.1,0.8552,0.009881,2372.0,7444.39,0
1.79683793,223.3,7.911,0.018018,2397.0,7783.32,0
12.425484,117.2,28.0218,0.013975,773.0,84.37,0
17.7838298,247.1,3.997,0.014378,729.0,66.87,1
1.204529346,86.9,1.62,0.008551,1968.0,3561.16,0
2.15839583,352.2,8.09,0.197578,1103.0,350.53,0
371.1495,597.3,15.855,0.022637,245.0,0.85,0
3.374684854,80917.0,4.48335,0.478261,1163.0,432.73,0
2.61841046,180.2,3.304,0.012462,1245.0,567.24,0
4.593594819,1455.2,2.6391,0.083644,1125.0,378.37,0
125.0426,104.3,8.99,0.009638,416.0,7.06,0
6.17039154,502.9,2.116,0.020648,1029.0,264.63,0
0.364860478,112.6,1.4736,0.009721,1993.0,3703.08,0
6.90522317,420.3,3.533,0.024175,1343.0,768.55,0
1.5259105,83.9,3.114,0.011494,2545.0,9917.8,0
4.27121961,966.7,2.9283,0.029689,802.0,97.84,0
0.769358923,44.8,1.5364,0.006026,2928.0,17335.4,0
0.755109106,106.0,2.967,0.009553,1733.0,2130.82,0
25.3239215,1379.7,70.405,0.26075,484.0,12.94,0
4.61225043,29.1,2.695,0.004852,1032.0,268.27,1
7.99022379,165.9,3.273,0.011686,1113.0,361.73,1
4.1749166,40.7,4.828,0.005965,1116.0,366.59,0
0.56678694,61.2,1.959,0.007096,1920.0,3194.49,0
0.73094701,227.7,4.223,0.173153,1870.0,2886.66,0
0.686994057,2797.1,3.5252,0.323275,2063.0,4267.13,0
1.324247867,83.3,1.4759,0.008499,2140.0,4951.46,0
0.780632043,736.5,1.4109,0.334674,2714.0,12837.08,0
0.730947169,248.0,4.396,0.160013,1777.0,2349.48,0
41.16676097,5386.3,2.2133,0.202708,446.0,9.35,0
1.083736642,8930.8,1.57912,0.387688,3641.0,41465.78,0
2.45570369,273.8,3.1,0.221422,1891.0,3017.14,0
0.64234875,103.7,1.3699,0.009846,3813.0,49846.45,0
5.204286663,35221.0,6.2598,0.170338,934.0,180.12,0
6.352090869,75142.0,3.88771,0.249791,772.0,83.66,0
1.877350712,185.6,1.7478,0.012667,1650.0,1755.2,0
2.11552348,359.2,6.712,0.206384,1398.0,900.64,0
2.84573962,211.7,7.28,0.014011,1829.0,2645.94,0
7.01476115,122.1,3.945,0.01076,928.0,175.85,0
0.941603153,462.1,1.1886,0.025036,1608.0,1575.78,0
1.13357304,33.1,2.849,0.005691,1836.0,2688.01,0
0.643468999,108.0,1.1108,0.009608,2001.0,3772.66,0
112.645961,1957.9,7.037,0.326725,377.0,4.76,0
0.526887517,119.9,0.8971,0.01021,1238.0,550.37,0
4.14244748,69.9,2.203,0.007838,1907.0,3128.33,0
0.777663575,134.3,1.1741,0.010684,1816.0,2553.18,0
0.552834211,145.7,1.2887,0.06255,3107.0,21895.36,0
0.758354475,581780.0,4.56811,0.747799,3123.0,22401.95,0
76.5369531,652.2,5.574,0.023329,503.0,15.15,1
3.43525124,152.2,4.509,0.133675,1579.0,1468.73,0
0.962828092,63.0,4.411,0.108677,3553.0,37544.87,0
1.878156188,787.5,2.058,0.034268,1141.0,400.37,0
7.81153999,912.8,5.984,0.303875,718.0,62.96,0
0.993488979,24327.0,1.9694,0.164217,1914.0,3172.24,0
1.334104585,61691.0,3.14624,0.379633,1880.0,2954.64,0
2.115498574,444.2,6.738,0.23666,1432.0,995.26,0
3.40076682,21.1,4.7,0.004232,1540.0,1328.5,0
6.49676881,135.0,2.527,0.011218,1761.0,2273.36,0
2.057499811,325.6,2.569,0.01583,1037.0,273.84,0
10.5856758,178.7,4.911,0.012533,912.0,163.41,0
2.69633621,238.6,5.238,0.156523,1334.0,749.66,0
11.2580745,713.3,23.516,0.033455,497.0,14.44,0
0.566795586,39.4,4.124,0.006105,2296.0,6597.1,0
1.099291188,282.6,1.765,0.014873,1414.0,947.02,0
0.47462889,331.3,1.0194,0.016665,1840.0,2691.55,0
103.4269873,950.1,5.03,0.028295,416.0,7.08,1
0.299697755,346.9,0.8473,0.0238,2246.0,6005.79,0
0.56681727,35.9,1.779,0.005444,1832.0,2676.11,0
1.081935491,202.9,5.136,0.012649,1364.0,819.14,0
0.524175803,236.8,0.7648,0.014228,1891.0,3049.23,1
1.89129881,82.0,5.294,0.008836,1414.0,944.68,0
4.94330596,126.2,2.9334,0.012786,1058.0,296.74,1
178.139072,678.8,9.654,0.023396,291.0,1.7,1
4.067371428,63447.0,5.8962,0.840138,978.0,215.71,0
1.540395781,173.4,1.6305,0.011726,1211.0,510.22,0
32.9045733,662.3,4.402,0.259526,568.0,24.63,0
2.46353343,830.0,2.954,0.253317,1171.0,445.83,0
22.91339043,5407.0,3.94,0.36804,510.0,15.94,0
1.541350116,378.0,3.29,0.017486,1273.0,619.14,0
1.205412526,109.2,1.537,0.102818,1988.0,3681.8,0
1.710316235,409.4,3.614,0.19531,1647.0,1740.08,0
23.9210408,158.3,5.174,0.013956,1020.0,255.65,1
9.03326435,610.7,2.857,0.022819,729.0,66.89,1
356.535835,3113.0,5.467,0.345194,220.0,0.55,0
3.490785878,336.8,1.4513,0.016727,1010.0,245.65,1
1.92149487,1006.0,1.891,0.322515,2382.0,7634.18,0
1.093665854,218.4,1.4399,0.013555,1681.0,1880.33,1
12.4247333,40.5,16.828,0.006159,1284.0,642.95,0
70.7511986,858.1,6.198,0.271356,441.0,8.97,0
116.583183,819.0,5.8,0.027148,371.0,4.47,1
175.13892,634.5,10.767,0.022585,346.0,3.39,1
1.302061421,1046.1,1.8238,0.305569,3345.0,29636.26,0
55.25178622,39874.0,6.094,0.300696,444.0,9.15,0
5.548250634,42873.0,6.06772,0.191456,1088.0,331.99,0
4.442520831,531.5,2.4779,0.027421,1392.0,889.36,0
1.339670241,28.6,1.895,0.005163,3448.0,33385.02,0
2.685223546,5494.6,4.0632,0.369077,1111.0,360.92,0
1.99042642,133.8,3.083,0.010627,1539.0,1327.48,0
67.230028,379.1,25.01,0.02202,482.0,12.79,0
0.805259637,341.8,0.9779,0.017291,2115.0,4732.34,0
75.3787816,387.7,5.268,0.017463,360.0,3.97,0
2.464160779,116.7,2.427,0.179594,1709.0,2018.62,0
0.566781152,133.4,3.995,0.010672,1090.0,337.1,0
13.0267964,356.6,0.785,0.022538,643.0,40.51,1
4.93129874,676.1,1.8626,0.251798,944.0,187.36,0
5.59187448,236.4,1.6782,0.016357,4793.0,124810.93,0
1.88665445,2098.0,1.343,0.321214,1794.0,2453.86,0
14.53682228,1032.3,3.195,0.114404,1596.0,1534.06,0
1.72853003,99.1,3.819,0.00996,2492.0,9100.75,0
2.19068738,66.3,4.41,0.00777,2017.0,3913.33,0
372.16478,2074.0,11.288,0.046078,279.0,1.44,0
0.947730124,152.5,1.1171,0.011822,3914.0,55681.21,0
234.240739,464.1,12.925,0.025002,329.0,2.77,1
341.01495,386.0,5.12,0.017606,234.0,0.71,0
6.14631207,891.1,3.803,0.033508,1260.0,594.72,0
27.36432337,2282.5,3.545,0.326675,659.0,44.5,0
10.26231992,813.9,3.568,0.033623,509.0,15.89,0
1.519529227,8372.5,5.1675,0.097397,1653.0,1766.31,0
6.487525901,20209.0,2.4536,0.400824,593.0,29.11,0
0.56676437,76.5,2.326,0.008342,2267.0,6222.58,0
2.35197616,268.0,5.304,0.193452,1444.0,1025.78,0
0.861643331,232.5,2.4318,0.025042,1613.0,1599.85,0
12.1097626,113.9,10.174,0.013495,681.0,50.68,0
63.909601,143.0,11.85,0.010801,351.0,3.57,0
19.7352868,319.4,5.097,0.431539,743.0,72.08,0
0.566799125,30.7,3.072,0.005094,2299.0,6590.95,0
1.061935973,337.9,3.3177,0.208381,1961.0,3479.87,0
1.485898163,224.6,2.446,0.18845,1272.0,620.65,0
38.5763483,282.1,19.861,0.015366,619.0,34.77,1
1.845610523,374.1,2.337,0.239346,2502.0,9283.04,0
133.303247,1017.5,7.342,0.028288,301.0,1.94,1
125.4132302,1345.0,2.3241,0.038446,266.0,1.18,1
21.5702917,148.7,40.4,0.16612,888.0,146.81,0
0.868723418,197.1,1.4617,0.016376,1998.0,3776.5,0
25.30893566,153.7,5.7704,0.01257,710.0,60.2,1
1.412526202,150.3,5.49,0.176301,3001.0,19160.84,0
2.759573341,382.0,6.999,0.0681,1198.0,487.37,0
3.79188234,417.0,2.15,0.019604,1201.0,492.81,0
14.38724729,1914.1,1.9078,0.311666,725.0,65.41,0
58.4302648,1849.5,7.18,0.051888,300.0,1.91,0
0.566717263,18.5,2.6079,0.004089,2096.0,4581.82,0
13.37935853,353.5,8.809,0.022549,1395.0,896.56,0
13.26255423,916.4,4.65,0.03481,766.0,81.56,0
20.5696575,401.5,4.263,0.316474,650.0,42.09,0
4.52342256,219.0,2.531,0.014736,1195.0,482.25,0
22.32423657,1299.3,3.669,0.045771,611.0,32.87,0
0.723947772,242.7,2.125,0.164888,3192.0,24641.6,0
308.544422,586.8,18.503,0.022233,330.0,2.81,1
0.905679492,2299.0,2.1164,0.327311,1882.0,2950.42,0
22.735911,2311.0,42.435,0.046445,643.0,40.32,0
0.909310626,12127.0,3.4411,0.403987,2130.0,4889.6,0
0.648774274,231.0,2.643,0.013565,1659.0,1795.83,0
17.47702,138.3,54.52,0.010841,676.0,49.24,0
0.696125302,14966.0,2.0054,0.386422,1645.0,1739.43,0
302.38867822,41320.0,3.1229,0.435247,238.0,0.76,0
5.24372504,234.4,17.136,0.215542,1017.0,253.25,0
18.795269797,28241.0,9.9816,0.153076,899.0,154.05,0
42.2625935,692.2,4.465,0.032285,855.0,126.27,0
3.549386251,50664.0,2.4342,0.247971,1142.0,402.76,0
29.92208104,345.3,2.7716,0.017282,782.0,88.52,1
0.566812588,17.1,3.596,0.003804,3089.0,21653.56,0
9.94221873,486.5,2.453,0.196178,754.0,76.56,0
9.06557317,243.4,1.6208,0.01461,880.0,141.9,0
4.9432827,27.1,40.01,0.004963,1739.0,2161.95,0
7.35390869,92.9,2.061,0.008993,1483.0,1141.53,0
15.7455586,161.1,13.877,0.013595,743.0,71.98,0
0.566796615,47.8,1.999,0.006358,2077.0,4426.68,0
8.48651582,110.8,5.267,0.009651,1060.0,298.03,1
2.189092892,1871.5,5.1128,0.317097,1446.0,1034.43,0
2.40435335,70.6,4.07,0.008326,2454.0,8577.88,0
220.9290121,2456.5,7.335,0.051019,299.0,1.89,0
3.1877519,452.3,14.836,0.200899,1141.0,400.3,0
10.72396374,13518.0,3.8439,0.403166,783.0,88.64,0
119.67747,3254.1,32.274,0.347764,379.0,4.9,0
185.9526325,11107.0,3.5964,0.401043,343.0,3.28,0
41.077590334,134480.0,6.20583,0.342658,346.0,3.37,0
2.99540439,223.2,6.172,0.19374,2195.0,5493.46,0
63.934965,1119.5,12.71,0.256016,525.0,18.0,0
38.4769457,259.4,5.825,0.020296,814.0,103.72,0
37.3228722,307.5,7.2146,0.016573,1654.0,1769.88,1
1.664980224,230.8,1.7455,0.021495,1921.0,3223.3,0
16.6094904,272.9,3.189,0.015874,766.0,81.28,0
0.566789505,54.6,5.835,0.039354,2038.0,4051.92,0
2.62982665,126.4,6.213,0.088706,1968.0,3542.64,0
2.69787749,116.8,1.915,0.010174,1512.0,1235.14,0
5.23340265,242.1,3.242,0.014219,851.0,124.02,0
3.51289168,131.0,3.313,0.010499,1161.0,429.42,0
14.092583189,530.4,4.1536,0.021681,597.0,30.1,1
9.087508013,140.6,2.7597,0.011172,987.0,224.7,0
0.65244373,610.7,1.471,0.02252,1969.0,3546.43,0
1.332564704,1049.5,5.9775,0.282994,1692.0,1945.27,0
2.636899795,426.2,0.9105,0.53884,1179.0,456.22,0
0.660629055,231.6,5.894,0.187495,2032.0,4040.43,0
0.885123683,113.3,3.3865,0.010426,1961.0,3477.17,0
471.65421,479.7,3.456,0.022794,313.0,2.26,0
1.221204888,111.6,1.8511,0.010101,1772.0,2334.4,0
0.959853772,55.8,1.9163,0.007215,2468.0,8768.54,0
46.882525,343.5,1.93,0.018298,513.0,16.4,0
20.7191626,184.4,3.912,0.012379,790.0,92.2,0
16.60973843,667.8,4.515,0.080841,579.0,26.59,0
54.323118,538.0,25.863,0.027742,706.0,58.78,0
5.803127153,58570.0,4.9041,0.21931,886.0,145.32,0
35.51619219,10984.0,2.5,7.564549,504.0,15.2,0
0.589049151,61953.0,2.25397,0.469243,1959.0,3495.15,0
80.2321467,888.7,4.656,0.033375,380.0,4.91,1
1.791406261,345.5,2.8159,0.040184,1579.0,1466.9,0
1.25483232,117.6,2.67,0.010278,2748.0,13493.55,0
5.71483873,286.2,2.748,0.015242,842.0,118.73,0
17.5859472,509.5,3.815,0.02049,700.0,56.81,0
1.332567005,401.3,6.3373,0.204898,2007.0,3837.83,0
10.32736351,126.9,1.889,0.011237,838.0,116.56,1
2.54557259,529.0,5.636,0.020871,1234.0,549.8,0
0.704541784,275.2,1.0726,0.015531,2121.0,4778.23,0
0.697996932,9094.6,4.3323,0.369714,1604.0,1560.69,0
6.63449721,919.1,22.982,0.277142,1719.0,2067.13,0
110.9215892,498.0,5.282,0.024551,443.0,9.12,0
3.88673217,761.7,20.491,0.251168,1050.0,287.4,0
1.544928892,5817.3,1.43586,0.087071,1997.0,3765.46,1
11.76921923,519.3,3.219,0.027192,868.0,134.04,0
44.638983058,36830.0,3.04001,0.445271,551.0,21.86,0
1.926888595,130.0,1.235,0.010922,1619.0,1622.18,0
34.1420506,788.0,2.945,0.025353,248.0,0.89,1
0.241842544,203.3,0.7257,0.013375,2689.0,12357.89,0
0.865759153,191.6,0.8408,0.013026,2100.0,4616.69,0
8.68910764,1679.0,1.1627,0.038216,211.0,0.47,1
8.71980135,160.4,3.7454,0.011679,987.0,224.47,1
7.00821787,116.4,3.812,0.009852,1062.0,300.58,1
0.903583394,1027.1,1.5942,0.275974,2162.0,5162.98,0
0.99014722,321.1,0.9394,0.016399,1433.0,997.75,0
0.77359329,80.6,1.7603,0.008311,1890.0,3022.82,0
0.306937807,119.2,0.5925,0.010129,2142.0,5019.53,0
0.637487312,211.3,1.9626,0.014823,2334.0,7053.67,0
5.71489488,292.5,2.0705,0.015473,908.0,160.68,0
76.642481,64.5,5.476,0.007287,542.0,20.44,0
5.9703813,210.3,0.669,0.016021,981.0,218.94,0
32.376183,745.4,4.4639,0.030674,392.0,5.61,1
284.063137,1628.1,8.297,0.043589,321.0,2.51,1
4.30908594,160.8,1.52,0.013553,1172.0,445.13,0
57.104588,144.3,11.5,0.010881,425.0,7.74,0
0.422015793,1291.9,1.23416,0.078833,2136.0,4962.18,0
0.945825494,104.7,1.8496,0.009649,1989.0,3715.61,0
0.676715927,264.5,0.63,0.016128,1735.0,2135.8,0
0.576441813,60.8,2.027,0.007205,2471.0,8812.63,0
0.423854275,235.3,1.0198,0.014309,1062.0,301.79,0
0.692693892,1433.7,1.2804,0.308137,2050.0,4160.84,0
0.768934934,846.8,1.216,0.048155,1713.0,2026.85,0
0.998212785,118.8,2.489,0.010175,1888.0,2998.77,0
0.764863517,150.2,1.16,0.011108,1733.0,2145.14,1
0.710894157,122.6,1.0183,0.010152,2098.0,4599.89,0
0.537839241,23.5,2.169,0.004499,4061.0,64294.62,0
0.373684977,456.8,0.9621,0.022703,2490.0,9009.0,0
0.544962596,247.9,1.085,0.01474,1719.0,2074.18,0
0.769127296,114.6,0.998,0.009903,1917.0,3179.14,0
4.09578199,405.5,1.704,0.020221,851.0,124.3,1
91.9401253,482.9,9.195,0.020017,450.0,9.71,1
4.5770016,710.0,0.949,0.024527,567.0,24.38,1
14.4540329,79.7,7.183,0.008382,676.0,49.51,1
0.812587678,62.9,1.1144,0.007516,2717.0,12840.3,0
19.3073774,31.7,3.437,0.005186,1054.0,292.25,0
1.000840564,2714.4,1.3292,0.231327,3367.0,30248.83,0
13.6164547,376.1,5.175,0.210015,755.0,76.81,1
1.766789509,1009.8,1.3345,0.028909,730.0,66.95,1
35.8656484,250.9,8.035,0.018825,633.0,37.92,1
0.638162933,109.7,1.2313,0.009427,1874.0,2928.31,1
1.72929014,84.5,3.609,0.008391,1497.0,1187.75,0
40.301684,374.8,1.398,0.018499,623.0,35.6,0
26.524553,174.5,2.359,0.011782,695.0,55.06,0
26.1537851,228.6,1.802,0.013956,631.0,37.53,0
0.944598153,200.9,4.018,0.037382,4190.0,72795.2,0
354.63284,280.9,2.227,0.015452,152.0,0.13,0
5.2433865,65.4,12.472,0.007592,1038.0,274.95,0
5.2435703,228.5,15.864,0.160826,890.0,148.79,0
634.84739,542.6,16.186,0.021796,464.0,10.97,0
29.9756697,258.0,2.987,0.017058,591.0,28.85,0
387.56519,1083.0,13.28,0.036134,271.0,1.28,0
31.5073649,330.5,7.362,0.018199,253.0,0.97,0
18.1118457,328.7,6.309,0.251489,803.0,98.09,0
33.4969115,163.5,4.833,0.016111,630.0,37.3,1
1.389947459,1213.8,1.193,0.032692,1665.0,1816.13,0
282.5363563,29233.0,10.3088,0.458072,360.0,3.98,0
289.490952,773.0,3.91,0.025454,290.0,1.66,0
0.782068488,115.7,1.239,0.009513,6169.0,343029.57,0
273.223848,469.9,3.787,0.019324,452.0,9.87,0
0.650701055,371060.0,0.89164,0.696827,6285.0,370319.14,0
59.742966,284.9,6.78,0.021155,1037.0,273.48,0
405.32064,561.7,7.77,0.02136,166.0,0.18,0
342.830882,450.7,3.826,0.018936,530.0,18.68,0
42.8774169,1068.8,1.991,0.029346,451.0,9.8,1
2.97601892,306.1,5.5,0.19443,2799.0,14524.05,0
2.882424694,67298.0,25.91,0.453949,2912.0,17023.71,0
220.142913,1796.4,19.528,0.039068,389.0,5.4,1
473.95103,330.6,11.778,0.016809,341.0,3.21,0
0.534109403,78.3,0.9513,0.008587,5513.0,217941.01,0
168.77118,2045.0,2.263,35.981037,251.0,0.93,0
22.9138322,340.3,4.855,0.20761,785.0,89.68,0
538.36855,545.5,19.26,0.021412,237.0,0.74,0
65.5327181,373.4,2.256,0.017749,437.0,8.61,0
1.018360336,393970.0,7.622,0.669772,2302.0,6627.64,0
396.349253,413.1,2.685,0.018773,293.0,1.73,0
0.502807253,4658.7,1.01493,0.343343,1825.0,2623.68,0
149.526152,753.0,3.033,0.024631,202.0,0.39,0
2.845736321,3127.0,11.5703,0.36269,3058.0,20649.68,0
1.710299164,157270.0,3.92227,0.527663,1638.0,1700.05,0
252.04444,1502.0,5.13,0.034282,196.0,0.35,0
153.521361,255.2,3.893,0.014711,493.0,13.99,0
3.0031801,374.7,2.814,0.024342,1827.0,2630.88,0
2.96384168,35653.0,5.4768,0.34562,1406.0,925.63,0
43.142257,283.2,61.73,0.196112,706.0,58.68,0
3.290304098,13553.0,1.7215,0.105209,540.0,20.06,1
326.70552,794.0,3.36,0.025926,287.0,1.61,0
343.49816,431.0,7.46,0.018707,164.0,0.17,0
11.2582311,300.4,16.89,0.015736,667.0,46.86,0
155.046089,2238.0,10.205,0.322421,1101.0,347.12,0
14.3641542,89.2,2.629,0.008709,795.0,94.33,0
12.4276185,147.0,18.56,0.01113,768.0,82.45,0
12.427076,47.5,17.447,0.006267,870.0,135.77,0
315.502534,689.2,3.112,0.023284,565.0,24.01,0
4.13960513,106.7,3.31,0.009625,1352.0,789.48,1
200.79976002,92642.0,7.6419,0.487544,303.0,2.0,0
1.195515364,396400.0,6.08509,0.634669,2640.0,11494.67,0
210.971635,519.0,3.578,0.020818,293.0,1.75,0
42.02646,190.0,2.553,0.013558,561.0,23.47,0
372.04697,673.4,14.29,0.023795,271.0,1.28,0
438.81524,332.8,6.75,0.016477,202.0,0.39,0
18.622214,5832.0,4.42,0.077196,1101.0,347.32,0
27.8923345,139.6,2.204,0.010796,807.0,100.41,0
452.10093,464.0,12.69,0.019881,254.0,0.99,0
0.7906069,689.2,3.3996,0.228534,1503.0,1201.17,0
24.5714867,506.4,29.96,0.029134,637.0,39.0,0
0.681137796,105190.0,2.7287,0.484918,2025.0,3995.23,0
3.722404453,55368.0,2.5214,1.652686,1082.0,323.4,0
230.385488,568.1,3.134,0.021428,522.0,17.57,0
1.714414962,110130.0,5.17207,0.663777,2042.0,4099.19,0
646.28789332,58605.0,5.39144,0.22401,304.0,2.03,0
290.438547,212.9,12.85,0.013162,235.0,0.72,0
0.766298172,19401.0,1.78462,0.1438,2163.0,5154.54,0
1.049468616,22.0,4.848,0.004624,2808.0,14709.49,0
2.362348096,724.7,3.5979,0.249023,2104.0,4625.06,0
136.830243,464.3,2.956,0.019622,764.0,80.57,0
103.284757,78.4,1.674,0.008531,583.0,27.31,0
36.1904638,263.3,1.919,0.014979,592.0,29.08,0
419.75224,754.0,4.154,0.025428,257.0,1.03,0
419.95929,196.2,13.86,0.013138,266.0,1.18,0
206.309658,277.1,1.498,0.017062,361.0,4.01,0
8.46184728,411.2,35.525,0.023534,1511.0,1233.13,0
681.01756,133.9,8.74,0.010795,274.0,1.33,0
2.19509634,227.7,1.796,0.013793,1324.0,725.21,0
73.9239955,634.0,1.699,0.02282,325.0,2.64,0
1.8437362,341.1,21.04,0.207686,1628.0,1655.74,0
281.36926,12435.0,66.892,0.098333,507.0,15.57,0
262.71162,1449.0,7.72,0.034145,272.0,1.29,0
6.0353643,47.2,9.211,0.00673,1852.0,2779.94,0
1.52327807,924.2,3.813,0.026486,3461.0,33813.44,0
574.37064,227.6,11.89,0.014938,350.0,3.53,0
253.87706,265.6,11.18,0.015257,334.0,2.95,0
523.36921,9918.0,1.007,0.175023,240.0,0.78,0
80.292171,158.6,1.936,0.011579,459.0,10.49,0
1.049406508,447.5,3.0072,0.018735,4913.0,137177.82,0
3.58957045,1221.2,3.418,0.030587,862.0,131.02,0
2.40435325,349.6,6.825,0.221241,1359.0,806.18,0
37.078668,147.4,4.403,0.011335,419.0,7.27,0
228.196872,145.3,3.525,0.011388,353.0,3.66,0
44.714450094,90230.0,5.7615,0.491831,533.0,19.09,0
40.8801539,395.8,5.472,0.018023,265.0,1.17,0
25.166806,1350.0,2.111,0.035362,483.0,12.84,0
323.972022,462.0,1.25,0.020839,307.0,2.11,0
1.752562808,368000.0,6.1245,0.633787,2018.0,3915.22,0
45.5827119,76.5,3.193,0.008166,957.0,198.31,0
1.89140138,557.6,9.52,0.246923,1377.0,849.6,0
6.70258007,859.0,4.632,0.270334,2635.0,11398.6,0
6.2095391,47.9,2.752,0.006044,4585.0,104479.02,0
363.17077,384.6,28.26,0.018568,810.0,101.64,0
615.16033,267.1,3.958,0.015149,430.0,8.08,0
1.89124738,410.0,4.697,0.018599,989.0,225.34,0
1.89125883,274.5,4.656,0.014508,4480.0,95092.9,0
362.1273,1098.0,6.719,0.030029,132.0,0.07,0
353.36705,34.1,3.279,0.00548,701.0,57.03,0
4.750256809,395.1,1.9278,0.019651,2090.0,4504.96,0
623.005238,140330.0,23.5615,0.505563,229.0,0.64,0
1.878877205,104030.0,5.8768,0.501848,2523.0,9554.79,0
0.938857507,12960.0,3.98767,0.380085,6867.0,526061.85,0
32.245486,93.6,13.86,0.008934,683.0,51.39,0
149.237142,772.0,2.503,0.025087,299.0,1.89,0
501.51698,487.0,3.809,0.020118,224.0,0.59,0
357.77096,216.3,12.999,0.013271,249.0,0.9,0
531.33282,669.0,3.702,0.023937,239.0,0.77,0
396.048721,931.8,16.376,0.042957,370.0,4.43,0
326.370361,568.8,4.526,0.022149,615.0,33.84,0
148.666527,319.4,4.353,0.016121,559.0,23.08,0
163.104677,576.0,2.129,0.02274,337.0,3.06,0
1.10656965,86.4,1.669,0.008587,1988.0,3696.18,0
46.270524872,66244.0,8.93033,0.307384,572.0,25.29,0
13.4256161,142.3,11.781,0.011421,987.0,224.45,0
590.44065,125.7,7.55,0.010439,291.0,1.7,0
2.858879267,644.5,2.3753,0.289833,3638.0,41379.77,0
241.647602,361.7,1.742,0.017411,300.0,1.92,0
420.92920358,86013.0,17.3985,0.480108,293.0,1.74,0
393.946106,747.5,6.012,0.035803,440.0,8.83,0
194.896925,557.4,2.504,0.022201,575.0,25.77,0
101.928291,243.5,2.171,0.014044,391.0,5.55,0
379.63135,1036.2,16.78,0.029023,168.0,0.19,0
287.377314,4376.9,18.821,0.059597,350.0,3.56,1
367.72767,926.0,3.104,0.027335,184.0,0.27,0
4.20601251,106.7,6.82,0.009468,1004.0,239.82,0
4.18236124,193980.0,6.70175,0.544806,1303.0,680.56,0
186.59466,685.0,16.57,0.024031,338.0,3.07,0
7.87173698,34.7,2.619,0.005301,862.0,130.96,0
7.155547398,2568.8,4.5711,0.055645,2049.0,4166.27,0
63.024229,294.6,5.77,0.015535,424.0,7.66,0
506.771836,195.2,10.535,0.012851,275.0,1.35,0
57.1143966,268.8,2.182,0.015075,523.0,17.64,0
485.91276,1368.0,2.42,0.0353,230.0,0.66,0
20.5311708,284.6,5.67,0.015823,568.0,24.52,0
2.31164074,488.7,2.317,0.019743,4074.0,65140.27,0
21.92866538,22178.0,9.7526,0.19952,983.0,220.41,0
545.54618,177.7,6.944,0.01249,296.0,1.82,0
1.928420823,191240.0,3.8253,0.548353,1882.0,2960.96,0
328.84846,901.0,5.45,0.028153,219.0,0.54,0
426.34444,90.2,14.139,0.008762,314.0,2.29,0
256.846143,1706.0,6.289,98.880386,506.0,15.52,0
146.931518,257.0,23.78,0.023326,395.0,5.78,0
309.19347,1445.0,23.51,0.034328,236.0,0.73,0
1.541530919,213260.0,4.8691,0.546018,2689.0,12320.99,0
122.713036,290.7,3.999,0.016238,393.0,5.66,0
290.625016,147.6,4.411,0.010877,375.0,4.67,0
2.945414866,968.7,2.702,0.027148,3531.0,36765.85,0
232.822285,22617.0,0.99,0.463328,305.0,2.05,0
146.355097,820.0,5.034,0.02585,135.0,0.08,0
0.523493764,54.0,0.9015,0.006805,3565.0,38110.61,0
514.14221,1491.0,4.153,0.034991,198.0,0.36,0
26.737139497,53516.0,4.68919,0.232135,655.0,43.59,0
310.61299,920.0,2.562,0.027847,279.0,1.43,0
461.1417,382.0,3.875,0.017587,410.0,6.7,0
0.987069622,384.8,1.0092,0.01816,2232.0,5878.09,0
329.71491,337.0,12.11,0.016823,232.0,0.68,0
1.23708565,803.8,5.743,0.251106,2174.0,5293.07,0
498.24938,522.6,8.73,0.020265,441.0,8.95,0
1.573020098,292.2,15.574,0.19972,2113.0,4693.57,0
1.534679933,456.6,1.7237,0.019067,3570.0,38505.56,0
71.59889,654.0,10.53,0.024724,645.0,40.96,0
2.976012511,449090.0,6.52033,0.678259,1476.0,1119.89,0
1.606003121,402550.0,4.88602,0.651794,3359.0,30041.73,0
61.438007,253.0,3.861,0.01588,1020.0,255.93,0
147.863607,560.0,1.948,0.021436,305.0,2.05,0
19.545185,40.2,1.597,0.006031,790.0,92.09,0
215.044269,351.1,3.517,0.016993,306.0,2.07,0
1.174683069,356.4,2.5167,0.024479,1901.0,3076.92,0
33.2948005,215.7,2.997,0.013521,600.0,30.67,0
476.39752,287.8,12.13,0.01567,261.0,1.09,0
231.364508,1488.0,4.747,0.037134,202.0,0.4,0
106.779168,163.0,1.905,0.011887,555.0,22.43,0
12.5748872,731.0,3.549,0.024352,349.0,3.49,0
484.172005,518.2,4.566,0.02095,235.0,0.72,0
277.77499,1078.0,7.07,0.031074,216.0,0.52,0
561.08191,229.1,14.94,0.014082,255.0,1.0,0
28.615014,70.5,24.74,0.00781,783.0,88.66,0
3.017155419,1381.8,13.3898,0.272272,1486.0,1155.07,0
52.6727624,248.0,3.039,0.014484,521.0,17.45,0
34.4886903,59.9,1.22,0.007339,524.0,17.87,0
2.6228301,409710.0,7.29719,0.654553,1403.0,917.98,0
222.068928,643.0,1.938,0.022792,782.0,88.22,0
0.56493398,2067.0,2.4385,0.311105,2206.0,5609.14,0
246.12174,6847.0,18.0,66.244209,291.0,1.68,0
159.05846,194.3,10.08,0.013624,376.0,4.73,0
419.21314,2084.0,6.385,0.046343,243.0,0.83,0
350.98474,600.0,14.49,0.022111,228.0,0.63,0
298.4688,315.4,3.748,0.01599,554.0,22.32,0
528.10984,89.8,18.01,0.00865,201.0,0.39,0
119.669671,421.9,20.67,0.019092,413.0,6.88,0
598.31791,283.2,16.07,0.015837,173.0,0.21,0
250.4858,674.6,12.72,0.023579,246.0,0.86,0
401.38712,166.2,32.21,0.012456,303.0,1.98,0
49.312677,1713.0,4.057,0.039015,342.0,3.22,0
288.94276,160.6,11.43,0.011657,265.0,1.16,0
273.6857427,15350.0,8.3881,0.206159,367.0,4.27,0
28.1117095,119.4,1.689,0.010928,599.0,30.39,0
17.745456135,80258.0,4.0678,0.479927,1106.0,353.47,0
603.3102,517.9,8.025,0.02114,250.0,0.92,0
7.20281185,1832.6,2.8305,0.039044,794.0,93.79,1
36.4772788,463.0,2.092,0.020024,427.0,7.89,0
399.49671,139.3,5.351,0.010841,286.0,1.59,0
251.958533,204.1,4.742,0.013004,291.0,1.69,0
389.169027,513.3,3.759,0.020338,519.0,17.15,0
18.78970984,40789.0,4.13997,0.455936,752.0,75.6,0
0.915782856,301.0,2.24,0.225775,2307.0,6663.73,0
0.66882716,68.2,1.069,0.007591,13184.0,7165673.12,0
43.5428781,5447.0,3.6768,0.112095,688.0,53.04,0
3.72273683,37.8,8.552,0.00579,1104.0,350.89,0
3.7229369,65.2,10.57,0.008843,591.0,28.81,0
1.80455062,39.7,2.166,0.005837,1577.0,1457.85,0
10.1955065,221.4,2.447,0.013967,661.0,45.18,0
3.66115536,34.3,14.807,0.005691,1466.0,1093.71,0
267.282521,471.9,7.788,0.019731,207.0,0.44,1
16.9348104,346.3,3.408,0.01703,508.0,15.77,1
1.540399732,57.6,1.63,0.006825,1312.0,700.19,0
1.540389045,485.7,1.8325,0.019664,4379.0,86889.72,0
1.540393027,526.2,1.75,0.021033,1502.0,1200.85,0
0.888045184,90.6,2.1961,0.008972,2870.0,15984.12,0
43.9311596,9304.4,12.9395,0.104163,902.0,156.74,0
494.62409,307.0,8.36,0.015815,145.0,0.11,0
78.60436061,78104.0,4.65559,0.323557,438.0,8.68,0
294.202469,248.2,2.36,0.014617,401.0,6.09,0
588.10504,326.6,15.474,0.016761,231.0,0.67,0
116.170346,435.2,2.656,0.020167,320.0,2.49,0
452.30053,809.0,5.918,0.027418,199.0,0.37,0
39.5931053,156.6,2.306,0.011462,546.0,21.06,0
1.55935718,49.7,2.892,0.006719,2389.0,7676.02,0
100.629443,355.7,1.708,0.017431,412.0,6.84,0
273.169948,283.3,2.701,0.015514,362.0,4.08,0
14.5123622,355.8,4.163,0.021852,636.0,38.6,1
1.434200327,3097.3,5.968,0.273064,2410.0,7985.65,0
8.653098686,60715.0,3.9071,0.470693,1324.0,725.95,0
2.302365255,62160.0,23.88,0.469902,1568.0,1429.81,0
0.575445783,29.3,0.8463,0.004983,3478.0,34528.16,0
214.715417,5211.2,34.146,0.112845,602.0,31.0,0
23.0295222,548.2,7.96,0.198709,645.0,40.87,0
359.04147,3658.0,14.04,0.356517,181.0,0.25,0
0.52363021,367100.0,3.45121,0.642432,1940.0,3324.98,0
0.523632451,8.1,1.99,0.002812,5313.0,188657.97,0
492.25299,372.7,5.077,0.017612,224.0,0.59,0
293.5056071,6824.0,3.4075,0.442295,265.0,1.16,0
25.95247,80.8,12.945,0.008482,946.0,189.06,0
4.34573349,73.5,2.246,0.008076,1151.0,415.52,0
288.285213,378.1,5.343,0.017856,312.0,2.25,0
491.08027,335.6,7.42,0.017054,241.0,0.79,0
3.350209754,28325.0,4.43333,8.828863,1656.0,1777.46,0
628.592314,393.7,3.603,0.020525,323.0,2.57,0
471.37787,102.9,16.91,0.009206,267.0,1.2,0
425.22927,829.0,6.76,0.026094,125.0,0.06,0
5.24331899,106.8,11.137,0.010391,875.0,138.45,0
47.0320478,367.8,5.892,0.017222,492.0,13.83,1
10.31453308,2004.1,3.6641,0.323868,885.0,144.83,0
15.52861675,500.0,2.131,0.020363,685.0,51.98,0
53.501860974,456780.0,5.25334,0.676104,409.0,6.63,0
10.692230094,376650.0,5.46939,0.636665,836.0,115.48,0
1.60375114,51.0,1.498,0.006758,1688.0,1918.63,0
15.7397651,287.7,3.297,0.014954,536.0,19.54,0
73.3377984,114900.0,9.029,0.506463,601.0,30.85,0
282.159571,196.3,5.069,0.013419,443.0,9.13,0
6.58729511,127960.0,8.3582,0.378369,1152.0,416.15,0
459.23193,418.7,17.722,0.021668,265.0,1.17,0
25.9493253,354.5,12.17,0.018105,409.0,6.62,0
212.76701,74.3,12.8,0.007976,354.0,3.71,0
386.62189,193.2,17.72,0.012757,267.0,1.21,0
84.644104,512.0,48.182,0.020425,1254.0,584.49,0
575.95408,1210.0,8.618,0.031292,194.0,0.33,0
117.844963,1043.0,1.951,0.02995,308.0,2.13,0
24.614775,229.4,2.395,0.013761,574.0,25.69,0
1.21374744,185130.0,5.79293,0.544103,2441.0,8380.25,0
372.30881,535.2,3.874,0.021177,249.0,0.91,0
454.244158,241.0,3.399,0.014333,356.0,3.8,0
112.48226,195.7,1.923,0.013207,386.0,5.23,0
229.948531,154.2,1.813,0.011607,301.0,1.93,0
2.41172358,3364.7,2.6311,0.34742,1706.0,1997.33,0
209.06299275,250910.0,10.0389,0.64621,329.0,2.77,0
70.335879746,24418.0,4.65625,0.280184,455.0,10.1,0
591.37382,245.0,4.35,0.014498,289.0,1.65,0
559.28332,1360.0,4.245,0.032776,150.0,0.12,0
136.355967,165.1,3.17,0.01228,380.0,4.93,0
532.9307,181.4,3.89,0.012704,498.0,14.53,0
171.69799,878.0,2.904,0.026632,878.0,140.73,0
444.89411,363.0,7.937,0.017657,386.0,5.25,0
229.86928,1659.0,12.91,0.037395,466.0,11.15,0
5.14108479,611.2,25.93,0.250457,1038.0,274.55,0
40.1043796,187.3,3.471,0.012604,591.0,28.85,0
30.114681501,87057.0,5.68713,0.495187,639.0,39.44,0
36.1826854,9471.7,4.2546,0.391033,635.0,38.4,0
472.2265706,156140.0,4.8732,0.523956,217.0,0.52,0
1.507099289,1282.0,4.8361,0.303615,1448.0,1037.46,0
253.652263,26456.0,3.85,19.948524,159.0,0.15,0
485.57785,853.0,6.67,0.027518,187.0,0.29,0
643.4528,585.1,9.346,0.021969,192.0,0.32,0
1.061934307,264.8,3.211,0.197293,1696.0,1958.71,0
9.5497037,706.7,1.881,0.02333,456.0,10.25,0
77.138911,603.3,7.229,0.03408,406.0,6.46,0
0.536551592,153.2,4.89,0.114871,2377.0,7584.36,0
130.110715,251.9,2.227,0.014599,343.0,3.26,0
242.484764,361.7,6.451,0.017505,283.0,1.51,0
385.593209,282.9,2.799,0.01597,311.0,2.2,0
215.737826,8476.0,7.257,0.110112,231.0,0.67,0
507.48249,232.1,8.19,0.015008,189.0,0.3,0
30.2111162,92.6,4.202,0.008594,1033.0,269.29,0
76.377855,11004.0,4.809,0.098439,240.0,0.78,1
55.249007325,205670.0,5.15147,0.550113,496.0,14.25,0
22.52907,327.1,1.373,0.016592,532.0,18.89,0
66.247851,666.0,4.04,0.023423,925.0,172.74,0
370.91308,270.3,17.655,0.015153,266.0,1.18,0
7.41505161,937.0,2.061,0.045667,2815.0,14853.21,0
2.742590902,680400.0,10.4143,0.947432,1960.0,3487.05,0
216.453511,1137.0,3.321,0.030325,274.0,1.34,0
11.0153889,3446.0,2.666,0.356193,1047.0,284.63,0
231.521608,478.7,2.819,0.020542,274.0,1.34,0
180.890384,205.3,1.901,0.013431,480.0,12.58,0
60.0546149,326.1,3.435,0.016457,694.0,54.88,0
2.037453129,315910.0,5.43155,0.607064,2220.0,5752.74,0
35.164087,1528.9,86.05,0.272181,756.0,77.33,0
0.533000886,4398.5,1.54684,0.352317,2429.0,8170.3,0
99.97889,117.9,8.76,0.009775,463.0,10.84,0
374.71687,1126.2,52.986,0.050441,259.0,1.06,0
42.070868,386.2,1.293,0.017817,469.0,11.43,0
401.73243,366.4,1.535,0.017514,307.0,2.09,0
428.1186,443.8,6.56,0.019378,260.0,1.09,0
37.3683802,206.6,2.8,0.015087,1075.0,315.59,0
615.81928,168.0,14.93,0.011916,221.0,0.56,0
0.512581525,384480.0,2.54719,0.642973,1541.0,1339.86,0
1.42796645,6012.3,12.8653,0.396232,1637.0,1700.47,0
28.297207229,23193.0,3.94247,0.430819,713.0,60.99,0
412.227551,819.5,4.303,0.025653,529.0,18.57,0
586.63177,199.9,7.299,0.012636,189.0,0.3,0
364.95068,824.0,0.636,0.038256,241.0,0.8,0
438.00974,79.2,11.46,0.009376,197.0,0.36,0
3.479508244,3000.4,3.9097,0.322441,3167.0,23775.98,0
406.29695,136.5,5.32,0.010847,315.0,2.31,0
3.34465934,57.6,10.796,0.006935,1559.0,1396.11,0
513.14417,223.8,14.13,0.014181,208.0,0.45,0
13.0366377,154.6,3.184,0.012166,1047.0,283.97,0
270.98477,13883.0,6.718,69.261719,594.0,29.44,0
2.74703312,152.2,2.655,0.18108,2917.0,17132.06,0
0.864651455,67.7,3.461,0.007475,1720.0,2062.08,0
25.4805211,159.0,10.701,0.011621,659.0,44.67,0
512.11636,315.4,9.557,0.016555,198.0,0.36,0
348.61891,689.0,3.567,0.024049,253.0,0.97,0
368.70839,957.0,6.08,0.029624,267.0,1.21,0
7.1091096,156.7,10.67,0.012087,855.0,126.12,0
397.3958488,29825.0,6.1014,0.434087,280.0,1.45,0
62.134919,147.5,8.711,0.012505,925.0,172.96,1
1.667482003,545.5,1.5931,0.020643,3257.0,26549.71,0
5.29730786,190.8,4.02,0.013614,1044.0,281.21,0
77.395279,437.0,5.26,0.018834,646.0,41.24,0
612.882452,631.0,2.024,0.023207,217.0,0.53,0
11.03571773,144960.0,5.62958,0.524317,991.0,227.54,0
42.093314,886.0,4.649,0.026338,407.0,6.47,0
339.18109,157.9,5.34,0.011599,332.0,2.88,0
3.55650976,687450.0,12.7364,1.068667,2353.0,7238.22,0
25.285232337,63022.0,4.76313,0.561715,740.0,70.73,0
1.23138339,72.7,3.943,0.007828,1648.0,1746.21,0
7.2269859,160.3,14.241,0.011875,603.0,31.23,0
0.762724045,9782.2,1.98818,0.384859,1860.0,2827.5,0
362.49906,522.5,12.17,0.021571,277.0,1.4,0
190.65896,552.8,35.472,0.027887,281.0,1.46,0
509.997402,1267.0,8.481,0.031704,182.0,0.26,1
1.50650036,45.4,2.762,0.006558,1809.0,2520.53,0
374.878133,914.6,10.556,0.028862,282.0,1.49,1
5.2362026,2019.5,3.148,0.42575,1378.0,853.62,0
247.372131,513.4,3.271,0.022658,290.0,1.67,0
95.254421,465.4,3.379,0.01989,413.0,6.89,0
425.483539,996.6,17.856,0.028707,248.0,0.89,1
7.863361238,18157.0,3.42771,0.148511,1057.0,294.86,0
0.745086745,270.0,4.29,0.015692,1654.0,1775.23,0
6.10968225,60.3,5.735,0.007145,1093.0,337.78,1
11.8045536,128.9,3.195,0.010068,660.0,44.76,0
3.1748772,1741.0,7.089,0.049761,1410.0,933.1,0
371.18648,317.9,19.929,0.016373,291.0,1.68,0
10.90962154,499920.0,17.8024,0.661541,1127.0,381.27,0
27.0779813,347.5,138.54,0.021829,597.0,29.98,0
1.827660875,46677.0,3.986,0.359608,1664.0,1811.72,0
376.554588,481.0,3.182,0.020044,247.0,0.88,0
538.4263,242.0,12.751,0.014438,322.0,2.53,0
78.4286313,83303.0,3.7368,0.785402,425.0,7.74,0
2.53021,367.9,21.79,0.292789,1543.0,1338.82,0
2.249000963,58776.0,9.6022,0.238071,2126.0,4838.14,0
432.074696,1088.0,4.763,0.029576,193.0,0.32,0
460.77905,239.3,15.541,0.014303,387.0,5.32,0
3.21318517,2046.1,15.47,0.049845,1710.0,2017.35,0
1.20608769,1660.6,2.2272,0.300462,1941.0,3353.78,0
613.82905,148.2,18.18,0.011083,307.0,2.1,0
476.80454,143.6,10.65,0.011335,227.0,0.63,0
4.09513876,181.7,2.462,0.016601,1122.0,374.3,1
0.779615874,81.5,3.932,0.008815,1847.0,2735.51,0
224.469892,458.6,2.952,0.019695,323.0,2.58,0
113.556471,278.7,2.383,0.014868,651.0,42.48,0
208.02789,255.0,10.82,0.015101,196.0,0.35,0
308.024953,352.6,2.665,0.017225,345.0,3.35,0
1.33261458,1335.3,5.161,0.043932,1208.0,505.52,0
105.895315,1227.0,2.581,0.031515,323.0,2.58,0
61.224558,544.2,4.103,0.022184,525.0,17.89,0
28.507877538,24372.0,3.13331,0.269252,613.0,33.32,0
444.46522,4084.0,0.767,0.37036,189.0,0.3,0
8.48039,133.7,6.134,0.010596,969.0,208.42,0
72.0153825,177.7,2.548,0.012635,783.0,88.86,0
21.12752693,51.8,2.253,0.006205,2349.0,7200.22,0
23.9341825,228.1,1.607,0.013192,432.0,8.27,0
87.775799,450.0,1.862,0.021788,409.0,6.61,0
35.882272887,101230.0,3.95004,0.397063,512.0,16.3,0
8.780603773,90028.0,3.16989,0.576032,775.0,85.17,0
224.150923,348.6,12.455,0.017191,369.0,4.4,1
551.49832,1874.4,40.92,0.050487,215.0,0.51,0
351.2878737,134630.0,11.2066,0.385439,252.0,0.96,0
124.091252,281.4,2.172,0.01505,305.0,2.04,0
212.771978,1239.0,2.115,0.031582,255.0,1.0,0
18.0766788,28831.0,3.06,0.178327,694.0,54.73,0
1.33255577,126.5,4.282,0.010039,1420.0,961.41,0
1.33259275,79.1,4.014,0.009163,1703.0,1983.27,0
36.6092739,1102.0,1.835,0.029789,1623.0,1640.55,0
0.812592362,6945.8,1.5646,0.144276,2912.0,16928.43,0
81.871309,98.2,1.606,0.00917,480.0,12.59,0
0.566805859,61.1,3.835,0.00769,2858.0,15850.69,0
520.58269,348.0,2.264,0.017155,244.0,0.83,0
0.718643659,124930.0,2.51246,0.498569,2002.0,3813.75,0
17.946328114,102990.0,8.15905,0.354437,845.0,120.63,0
204.818268,303.6,1.93,0.016197,525.0,17.9,0
23.81490574,79201.0,1.9948,0.305724,847.0,121.57,0
1.3274511,123.6,3.465,0.009892,1009.0,243.87,0
209.238576,154.7,2.245,0.011521,354.0,3.72,0
1.166835206,15527.0,2.17596,0.415316,3457.0,33728.08,0
4.99471597,53.0,3.44,0.007112,1861.0,2836.06,0
27.659607786,318400.0,4.16321,0.604589,499.0,14.66,0
476.727302,1035.7,9.327,0.02892,530.0,18.64,0
22.0495604,134.5,3.428,0.011224,912.0,163.51,0
574.69029,276.8,4.269,0.015096,191.0,0.31,0
280.1604956,12946.0,2.8637,0.220656,237.0,0.74,0
370.46262,347.9,9.541,0.017231,284.0,1.53,0
116.301793,649.0,2.253,0.023676,336.0,3.01,0
480.19416,372.3,10.76,0.017731,235.0,0.72,0
368.49828,581.9,14.903,0.021727,214.0,0.5,0
6.993576155,2924.0,21.2695,0.375468,1605.0,1569.11,0
1.811461128,921670.0,8.42343,1.128143,3438.0,33024.44,0
2.17491508,635410.0,8.4418,1.084426,2009.0,3847.36,0
24.5002702,153.5,4.079,0.011223,409.0,6.61,0
114.734287,242.9,3.724,0.014195,296.0,1.82,0
1.340649911,627630.0,5.0912,0.953618,2004.0,3824.87,0
30.69537638,19941.0,5.6634,0.148934,662.0,45.29,0
30.69533113,88771.0,5.94855,0.494216,737.0,69.65,0
49.873958,562.0,1.351,0.021809,366.0,4.26,0
407.97623,237.5,14.69,0.014297,498.0,14.53,0
6.279888981,1514.6,5.5086,0.28962,1931.0,3281.24,0
519.80221867,77183.0,14.9678,0.36348,216.0,0.51,0
48.9200563,333.9,2.295,0.017394,456.0,10.22,0
469.61309,1234.7,13.709,0.038837,200.0,0.37,1
583.73632,338.6,15.75,0.0168,266.0,1.19,0
502.658,216.0,19.51,0.013439,116.0,0.04,0
243.954706,291.7,2.562,0.015514,257.0,1.03,0
12.71368909,192.2,1.875,0.012715,700.0,56.78,0
1.391716834,41.0,1.421,0.005552,8346.0,1150147.99,0
70.516233809,330180.0,4.09296,0.612125,390.0,5.47,0
2.645596805,1272.7,2.9095,0.281053,2452.0,8539.63,0
274.553579,218.3,5.95,0.013616,322.0,2.55,0
1.80774253,592.6,2.637,0.027218,1822.0,2606.24,0
28.7369766,525.0,1.586,0.020908,550.0,21.64,0
2.45649061,287.8,2.844,0.015181,3440.0,33039.62,0
457.513348,562.5,5.763,0.029487,512.0,16.21,0
323.77153,353.7,17.57,0.016771,216.0,0.52,0
40.0389613,109.4,1.711,0.009674,517.0,16.85,0
22.571972634,79326.0,4.00349,0.485141,617.0,34.24,0
1.018861199,291210.0,6.5005,0.511934,2505.0,9299.2,0
80.519237,92.5,4.044,0.008838,476.0,12.11,0
149.356804,171.6,15.415,0.012122,560.0,23.18,0
2.79123954,154.8,2.843,0.012196,1771.0,2322.96,0
44.637111,282.5,5.868,0.015069,432.0,8.22,0
365.620697,27188.0,32.263,0.152085,215.0,0.5,0
191.272501,286.5,3.064,0.015878,310.0,2.18,0
575.42002,401.7,17.22,0.018407,225.0,0.61,0
368.72715,426.6,5.06,0.018925,215.0,0.51,0
100.303613,488040.0,10.578,0.68964,421.0,7.41,0
0.83620025,331280.0,3.7127,0.601113,1932.0,3299.29,0
616.34132,1287.0,12.724,0.032791,131.0,0.07,0
390.40832,251.9,7.916,0.014418,115.0,0.04,0
191.528018,171.8,2.342,0.012022,334.0,2.95,0
386.59946,380.7,3.305,0.017991,259.0,1.06,0
15.4032765,253.0,3.246,0.01518,626.0,36.41,0
61.0011095,408.0,1.049,0.019952,536.0,19.57,0
198.232389,416.4,1.919,0.018772,352.0,3.64,0
0.66062715,248.5,4.56,0.222599,2327.0,6966.29,0
456.5734,397.5,5.465,0.017864,413.0,6.88,0
601.13797,172.8,15.26,0.011937,254.0,0.99,0
344.06248,136.3,15.6,0.013019,589.0,28.42,0
466.90824,660.0,2.64,0.023109,210.0,0.46,0
361.30991,275.6,12.968,0.014657,422.0,7.5,0
199.4424134,32172.0,7.2533,0.43918,344.0,3.32,0
31.59115876,1434.4,2.6431,0.290914,783.0,88.84,0
356.99135,747.8,17.03,0.024821,240.0,0.78,0
96.120478,285.4,1.125,0.016081,460.0,10.62,0
9.63647672,47.6,2.999,0.006145,1243.0,565.04,0
45.680876,350.3,2.293,0.016768,1215.0,514.91,0
43.169798,120.8,9.686,0.010427,615.0,33.77,0
322.544807,88.0,11.236,0.008442,219.0,0.55,0
22.57494749,1344.1,36.756,0.308725,860.0,129.25,0
85.5692223,539.2,4.954,0.032157,536.0,19.51,0
422.255426,1935.0,4.974,0.040958,277.0,1.39,0
471.39698,329.9,10.714,0.016945,265.0,1.16,0
436.42852,163.9,13.8,0.011866,245.0,0.86,0
64.713168094,312970.0,5.69869,0.583206,482.0,12.8,0
1.036592136,2118.2,2.296,0.306758,4194.0,73013.77,0
371.54879,125.6,9.841,0.010832,230.0,0.66,0
226.499243,127.4,1.328,0.010211,245.0,0.86,0
2.61594288,72.1,6.45,0.008318,1370.0,831.27,0
1.686009643,390.4,1.1818,0.018813,1442.0,1024.99,0
344.961485,427.9,3.023,0.018978,230.0,0.66,0
163.820347,1196.0,1.331,0.030812,251.0,0.93,0
151.577009,467.9,2.59,0.020065,502.0,14.96,0
259.34304,349.7,16.04,0.017252,449.0,9.65,1
8.34410791,255.2,1.606,0.015186,993.0,229.93,0
2.709570339,13171.0,5.57527,0.393433,2427.0,8211.89,0
0.855294909,6771.6,2.89112,0.371989,2137.0,4916.23,0
350.609298,369.5,1.621,0.017817,405.0,6.37,0
452.40428,216.7,17.2,0.014068,256.0,1.01,0
0.699985822,389430.0,3.02633,0.585308,1653.0,1761.47,0
35.8726918,916.3,4.402,0.037244,1670.0,1837.31,0
9.8788502,454.7,2.951,0.021044,1003.0,238.98,1
588.63759,322.1,3.84,0.016355,185.0,0.28,0
9.8338474,57.6,14.585,0.007489,946.0,188.78,0
1.080695116,312770.0,7.449,0.60744,3344.0,29671.05,0
24.0733775,1325.7,19.612,0.042017,1263.0,601.46,0
232.040326,290.8,12.235,0.016278,327.0,2.71,1
61.569765,298.3,9.75,0.016067,530.0,18.66,1
1.71029474,158.9,2.946,0.013022,1267.0,610.77,0
31.8245304,79.0,4.17,0.008651,589.0,28.37,1
1.838514245,118960.0,3.2601,0.499988,1572.0,1447.16,0
8.412008943,136110.0,5.41096,0.354243,1100.0,345.76,0
3.912679136,291510.0,3.556,22.820008,1018.0,253.12,0
7.544804312,6501.7,8.2678,0.364181,1233.0,546.03,0
2.283466438,864260.0,7.7999,1.165546,2014.0,3883.24,0
0.692807507,25338.0,1.49242,0.425253,2057.0,4211.9,0
17.279290765,164310.0,5.07591,0.384903,556.0,22.63,0
4.326946311,409030.0,5.55905,0.65273,1481.0,1137.15,0
527.29093,200.8,14.305,0.012918,216.0,0.51,0
168.858303,119.1,12.964,0.010081,526.0,18.16,0
5.34264143,691.3,2.453,0.023564,799.0,96.47,1
19.38444245,3372.0,20.5899,0.051572,1185.0,466.04,0
2.179924994,253150.0,4.87581,0.578174,1448.0,1040.63,0
10.135401047,256060.0,5.6831,0.577,1035.0,270.76,0
2.02487934,145.8,1.621,0.011131,1284.0,643.17,0
5.71668787,431.7,1.97,0.019874,955.0,196.51,1
51.1658019,259.2,4.637,0.016698,398.0,5.96,1
12.4249559,110.4,16.332,0.00951,703.0,57.8,0
12.427135,32.5,12.81,0.005259,1143.0,403.8,0
1.946198513,130720.0,4.0336,0.336034,1853.0,2779.44,0
30.4838006,18441.0,2.6,0.411601,315.0,2.32,0
5.7584367,736.6,2.587,0.02398,3389.0,31195.25,0
25.9522913,557.8,10.977,0.02145,567.0,24.49,0
8.58599537,818.0,2.4078,0.025638,2319.0,6831.52,0
9.892240848,5283.2,4.1774,0.366502,907.0,160.25,0
1.129848432,4658.5,2.07578,0.154904,3553.0,37690.9,0
7.244778994,99147.0,3.3873,0.298437,818.0,105.76,0
0.730964241,44.0,2.483,0.006188,2467.0,8801.05,0
17.734020239,186680.0,7.27595,0.551115,892.0,149.48,0
0.829019343,278260.0,4.8401,0.62116,2492.0,9089.67,0
1.1080999,380930.0,3.3542,0.642864,2212.0,5632.6,0
215.778765,377.6,3.737,0.019095,610.0,32.65,0
5.99273265,69.8,2.6502,0.007793,1010.0,245.32,1
5.10110666,65.1,2.657,0.007283,1065.0,304.8,1
94.22498,346.3,22.445,0.01888,387.0,5.28,0
241.0122,216.1,1.19,0.013877,600.0,30.56,0
164.689421,521.0,1.847,0.021587,340.0,3.15,0
4.264729569,22672.0,2.2075,0.19358,1428.0,983.86,0
4.804469712,132620.0,3.51946,0.350543,958.0,198.67,0
6.150529292,2417.1,4.4562,0.291326,1421.0,964.26,0
4.944927575,1028.7,3.4648,0.253805,728.0,66.56,0
4.442517008,25342.0,2.43922,0.21339,1258.0,593.85,0
62.7356439,243700.0,10.7925,0.573105,590.0,28.65,0
7.035518449,2139.0,3.5286,0.321339,782.0,88.6,0
453.54212,861.0,17.026,0.02813,390.0,5.45,1
0.579516759,27.0,1.342,0.005026,2484.0,8953.61,0
16.2480865,438.7,8.232,0.023604,704.0,58.1,0
466.9407,979.2,30.56,0.028736,230.0,0.66,0
289.788624,473.9,2.857,0.020974,537.0,19.6,0
2.873657901,43895.0,2.1054,0.441619,1830.0,2645.12,0
1.680425996,277250.0,5.4548,0.57515,2203.0,5564.77,0
20.686460198,136150.0,37.7424,0.327893,1210.0,506.27,0
131.68018,2067.0,14.73,0.041946,444.0,9.15,0
200.762693,1920.0,2.215,41.808266,692.0,54.06,0
1.123258617,377580.0,4.27355,0.636954,3215.0,25226.88,0
12.4250319,29.5,1.4446,0.005439,1030.0,266.45,0
386.370512,1336.4,11.007,0.032485,209.0,0.45,1
12.4297161,192.7,15.078,0.0127,742.0,71.78,0
12.4288476,165.4,16.43,0.011609,725.0,65.27,0
12.4258252,130.2,21.841,0.011099,822.0,108.1,0
153.725848,5257.7,117.52,0.348453,734.0,68.48,0
12.4257907,340.1,19.859,0.016742,589.0,28.51,0
12.4253356,374.4,27.49,0.023678,683.0,51.57,0
12.4254201,144.5,18.56,0.011191,659.0,44.57,0
12.424995,51.5,20.282,0.007111,1293.0,660.61,0
12.4227918,202.6,27.29,0.018364,634.0,38.29,0
22.913446297,251840.0,4.11699,0.576227,811.0,102.27,0
10.0046881,50.6,2.389,0.006576,1466.0,1091.58,0
8.65315602,417.5,2.627,0.018046,643.0,40.5,0
2.243015737,277950.0,4.31675,0.585583,1813.0,2547.31,0
4.694218481,175470.0,4.53365,0.416638,946.0,189.23,0
0.953734449,1240.4,1.7616,0.298872,2672.0,12038.6,0
2.073873563,603810.0,6.5605,0.746,3150.0,23242.18,0
15.713787218,60384.0,11.3122,0.251598,747.0,73.68,0
7.964440392,68454.0,9.1701,0.236195,755.0,76.69,0
0.518071538,2195.5,1.7865,0.318862,2536.0,9823.05,0
2.151214629,332.6,2.226,0.016279,3287.0,27604.18,0
12.426469,180.5,25.71,0.017107,729.0,66.74,0
12.4262889,94.2,18.764,0.010301,864.0,131.83,0
12.424747,139.0,25.24,0.014934,691.0,53.94,0
12.4255705,139.4,28.88,0.015196,721.0,63.95,0
12.426173,115.1,30.64,0.018004,1006.0,242.41,0
12.4244306,214.1,26.15,0.018455,714.0,61.31,0
6.71738328,164980.0,3.60057,0.368371,883.0,143.87,0
24.955998503,4856.1,2.76331,0.112001,1438.0,1011.42,0
4.426942241,2896.6,1.6116,0.066636,958.0,199.4,0
3.454241684,88195.0,4.69505,0.282688,2010.0,3867.02,0
1.457256942,364900.0,6.51381,0.634819,2112.0,4686.52,0
10.818248422,13696.0,18.2848,0.119905,830.0,112.55,0
2.559236603,11273.0,1.6706,0.39054,1296.0,665.95,0
281.35877,278.5,7.74,0.015318,446.0,9.34,0
462.12345,699.0,8.46,0.023288,169.0,0.19,0
5.1117547,267.8,3.281,0.01914,1351.0,788.0,1
9.6310258,297.2,5.255,0.019733,1094.0,338.33,1
101.889228,80.9,2.71,0.008264,487.0,13.26,0
48.5023669,740.0,1.053,29.631954,192.0,0.32,0
524.14139,403.7,11.603,0.018511,237.0,0.74,0
41.86539723,4309.3,6.663,0.361885,500.0,14.79,0
4.553370029,23692.0,3.2209,0.213383,1264.0,603.58,0
5.262652179,22651.0,2.85554,0.212787,1499.0,1191.71,0
16.621853404,55297.0,3.91517,0.225371,719.0,63.3,0
19.741616041,88822.0,3.07231,0.497012,902.0,156.6,0
5.455766383,104540.0,2.8923,0.372108,795.0,94.27,0
22.44620704,1626.8,7.5491,0.299907,894.0,150.81,0
1.237147407,435360.0,7.06623,0.671019,2107.0,4680.26,0
1.28619671,137.2,1.114,0.012568,1646.0,1740.01,0
2.649026189,52172.0,2.4698,0.303122,1377.0,852.59,0
6.932281325,6405.9,11.0301,0.382557,1872.0,2902.34,0
2.151384476,263860.0,3.34471,0.482255,1725.0,2097.48,0
0.562273947,67.0,3.1572,0.007913,2083.0,4412.19,0
17.4352218,603.3,51.666,0.235467,1195.0,482.16,0
117.634213,253.1,3.82,0.014859,513.0,16.34,0
21.025447023,115740.0,6.52216,0.510247,1123.0,376.4,0
0.933753371,47.3,4.438,0.006401,3137.0,22850.9,0
1.72153588,39929.0,1.9227,0.176656,1045.0,281.41,0
2.765621941,8342.2,2.3191,0.380702,1134.0,391.86,0
3.664964374,90827.0,3.9058,0.28739,1184.0,464.89,0
6.8072842,14578.0,1.9477,0.156405,1156.0,421.16,0
2.136577151,79078.0,2.4682,0.444073,1311.0,698.75,0
2.638432816,48488.0,2.42989,0.259996,1933.0,3299.02,0
11.991000357,375940.0,6.4648,0.638469,897.0,153.29,0
2.03746414,138.8,2.895,0.010807,1474.0,1118.26,0
37.80694072,106330.0,3.84264,0.596776,617.0,34.14,0
12.42555055,409.0,28.492,0.02436,1027.0,262.42,0
12.42592247,8707.6,31.5,0.104342,1547.0,1353.9,0
12.4237327,30.1,18.15,0.004958,1057.0,294.63,0
94.38163,91.2,11.87,0.009053,537.0,19.72,0
7.5844241,1005.0,3.918,0.032357,1228.0,537.4,1
210.899577,3345.0,2.167,0.052646,268.0,1.22,0
3.103730697,369230.0,6.93402,0.631891,1340.0,763.25,0
253.40538,240.8,7.43,0.014582,443.0,9.13,0
5.110771787,50681.0,2.48392,0.276346,1048.0,284.85,0
1.463773705,64776.0,1.9123,0.298682,1329.0,739.19,0
4.46255312,22720.0,14.0957,0.133443,1795.0,2458.34,0
3.026764871,66720.0,4.32532,0.239029,1360.0,810.38,0
3.840130917,60401.0,2.8951,0.302603,1205.0,498.48,0
5.554227226,142310.0,4.77434,0.344438,930.0,176.7,0
1.570919281,65124.0,3.2232,0.465884,1797.0,2473.29,0
35.08976902,5754.6,3.9623,0.358269,501.0,14.95,0
5.233450136,430420.0,8.57374,0.659199,1050.0,287.6,0
3.6037011,16112.0,2.994,0.396281,1464.0,1089.0,0
3.518356021,316750.0,6.90375,0.597138,1266.0,606.41,0
2.6160943,29.3,21.34,0.005226,1744.0,2188.14,0
2.404386969,313170.0,7.40348,0.603309,1670.0,1838.11,0
4.390513938,46829.0,2.9472,0.263421,1401.0,910.71,0
7.384681,142.8,3.548,0.010971,1000.0,236.56,0
21.0907909,417.6,4.751,0.021087,606.0,31.86,1
3.371796653,366900.0,3.4421,3.075391,1155.0,419.47,0
1.927177921,136140.0,2.7742,0.34237,1219.0,523.16,0
0.575925434,137400.0,2.4676,0.512661,1834.0,2666.7,0
496.17566,293.0,11.63,0.016053,358.0,3.88,0
6.256352128,3289.3,2.3512,0.336926,918.0,167.92,0
16.17803,449.0,5.18,0.019283,754.0,76.54,1
2.37795507,4391.1,2.4329,0.370991,2965.0,18261.57,0
2.053866175,5021.3,4.8045,0.354413,2528.0,9631.57,0
36.5521313,282.9,2.481,0.015667,361.0,4.03,0
5.177577252,1325.4,2.4777,0.376402,1671.0,1846.9,0
4.08029328,1128.4,2.8343,0.030579,1044.0,280.4,0
104.3519624,243.8,3.695,0.014651,355.0,3.74,1
469.52303,355.7,5.487,0.018607,252.0,0.95,0
11.83271013,176.3,6.152,0.012494,728.0,66.51,0
32.669962587,365.4,3.581,0.016935,428.0,7.96,0
19.93364711,174830.0,8.6122,0.538664,848.0,122.24,0
1.071911311,9817.8,3.8559,0.395786,1809.0,2534.86,0
18.019651402,177000.0,5.08572,0.441434,544.0,20.7,0
117.934158,187.5,9.25,0.013258,648.0,41.73,0
4.032762189,119350.0,4.14212,0.33531,1173.0,447.97,0
2.371589507,235100.0,3.5116,1.344266,1043.0,278.9,0
5.09112124,115.1,2.159,0.009969,2044.0,4131.88,0
4.206070484,119810.0,10.6988,0.496418,2547.0,9955.22,0
0.905677864,3670.4,2.2432,0.394665,3989.0,60020.95,0
94.219289,1025.9,24.312,0.028332,285.0,1.57,0
297.113395,275.4,4.529,0.015333,509.0,15.89,0
180.921729,742.4,8.99,0.02485,302.0,1.96,1
4.478116695,117980.0,3.357,0.336264,1218.0,521.12,0
0.579108481,68.4,1.659,0.007737,1377.0,849.52,0
1.27620899,186.2,2.169,0.012644,1851.0,2769.8,0
528.50344,133.8,6.394,0.010743,354.0,3.73,0
2.027383251,3856.2,1.5528,0.325674,1352.0,791.38,0
10.73370737,6155.3,7.6706,0.085487,1171.0,444.77,0
9.449438672,12867.0,5.5479,0.387727,1152.0,415.72,0
8.752913958,41770.0,3.4546,0.418487,1635.0,1689.12,0
1.985586627,72584.0,2.53163,0.299344,2796.0,14480.75,0
16.579028045,37980.0,7.803,0.195145,1062.0,300.36,0
513.42784,523.2,6.278,0.022446,424.0,7.67,0
2.064900876,10939.0,6.8769,0.388171,1357.0,800.75,0
9.751720174,332900.0,16.1937,0.530194,1356.0,800.41,0
19.672324,649.9,4.812,0.025068,908.0,160.98,1
32.657035,620.4,5.953,0.023004,767.0,81.91,1
4.592401261,87426.0,4.96038,0.277148,1678.0,1872.74,0
6.70995253,86.0,2.297,0.008908,1120.0,372.31,0
5.776794344,121540.0,6.33505,0.328562,2249.0,6048.96,0
0.503199724,275.6,1.117,0.015451,1363.0,819.89,0
4.768540307,347.6,0.9938,0.019024,1010.0,246.11,0
73.91858615,184070.0,6.9735,0.779419,484.0,12.95,0
2.38793696,114.3,17.302,0.201577,1674.0,1860.02,0
589.17968,253.4,10.2,0.014263,330.0,2.82,0
4.618767943,32609.0,6.03,0.166402,1565.0,1418.08,0
3.60727417,841900.0,14.0841,1.136618,1833.0,2671.63,0
2.565717939,1941.7,1.7084,0.351374,4607.0,106664.85,0
22.05274533,13858.0,5.5924,0.402406,552.0,21.93,0
2.881338104,2533.7,3.5943,0.328641,1206.0,501.88,0
4.078355243,36133.0,6.4649,0.176679,1113.0,362.07,0
7.73590441,465.3,4.4389,0.226795,884.0,144.83,0
3.530164642,69923.0,4.11466,0.243325,1465.0,1086.97,0
94.225938,530.4,22.08,0.020742,348.0,3.48,0
395.07333,645.1,7.844,0.02144,1406.0,923.0,0
1.51918335,499990.0,5.45573,0.691241,2517.0,9460.59,0
2.745910734,286810.0,4.02594,0.583397,1221.0,524.18,0
1.608363345,96134.0,2.1988,0.300955,1133.0,390.1,0
5.746017234,29236.0,3.6347,0.279646,1042.0,278.69,0
3.963787093,25015.0,3.10316,0.218176,1389.0,880.12,0
1.759208679,362330.0,4.60837,0.629529,1475.0,1121.32,0
6.496031958,108890.0,5.21924,0.299669,957.0,198.07,0
4.012537983,19796.0,2.0101,0.144714,765.0,80.95,0
1.594162001,9876.3,5.4958,0.270214,1419.0,960.51,0
10.238939876,3153.1,3.4851,0.11196,1190.0,474.05,0
5.499941387,40110.0,5.1339,0.184697,1202.0,492.27,0
8.667826242,43491.0,5.06514,0.223318,1225.0,531.63,0
265.2996227,100160.0,8.8452,0.358753,270.0,1.25,0
265.2999623,31778.0,8.8577,0.234765,296.0,1.81,0
98.1020983,184.4,1.225,0.012633,525.0,17.96,0
182.467019,1020.0,7.607,0.029258,364.0,4.17,0
11.41437505,45966.0,6.276,0.265593,1128.0,383.45,0
151.31847,105.4,16.45,0.009528,373.0,4.57,0
10.4032399,1056.2,23.85,0.328199,1104.0,350.59,0
1.853209359,12319.0,1.7543,0.176052,2100.0,4584.55,0
14.66769462,29862.0,2.4462,0.412115,1552.0,1370.6,0
11.4132144,76.4,2.371,0.008179,925.0,172.97,0
172.178768,501.0,1.19,0.020762,349.0,3.51,0
13.787520532,12978.0,2.55435,0.179945,921.0,170.01,0
8.2904597,173010.0,2.6002,0.387641,594.0,29.41,0
8.214204254,74177.0,4.5905,0.500312,798.0,96.12,0
15.71377375,9482.0,7.464,0.10354,728.0,66.24,0
5.918619554,94124.0,3.94804,0.282768,1009.0,245.42,0
3.319523463,38832.0,3.3465,0.444182,1108.0,356.42,0
5.874197307,205700.0,4.26585,0.50055,1112.0,361.15,0
19.7959731,334.0,5.342,0.016932,1014.0,249.43,0
5.614892073,2373.0,3.7294,0.306008,4097.0,66631.18,0
12.2064304,1337.2,2.407,0.032713,895.0,151.44,1
6.6513189,1058.4,2.135,0.029092,1095.0,340.06,1
3.905532605,73081.0,6.8091,0.245249,1017.0,253.21,0
210.631486,1657.8,8.419,0.038919,234.0,0.71,1
0.766691517,244.0,1.2638,0.014221,1541.0,1334.22,1
5.2438528,135.8,10.539,0.011058,1016.0,251.99,0
6.474202359,203490.0,3.35989,0.425013,717.0,62.47,0
8.4803048,2672.9,7.5348,0.046587,777.0,86.01,0
8.947426242,85995.0,4.89701,0.27895,1141.0,401.11,0
9.93443795,2750.0,8.098,0.326094,830.0,112.23,0
2.173552528,3026.0,1.6107,0.362481,1025.0,260.75,0
10.157715971,9520.1,2.9526,0.392589,853.0,125.42,0
404.701927,236.2,3.981,0.014234,298.0,1.85,0
0.779609509,88.5,4.013,0.009123,2097.0,4557.44,0
2.103239235,314930.0,7.08365,0.608805,1470.0,1100.91,0
184.262741,292.2,11.94,0.018261,380.0,4.93,1
20.9569985,1917.9,3.493,0.038688,363.0,4.11,1
15.249335907,34565.0,3.82224,0.353651,875.0,138.77,0
4.816610903,80226.0,3.82353,0.264897,1050.0,287.3,0
2.305903447,23269.0,3.3828,0.143473,3147.0,23214.46,0
1.814128042,2063.6,3.0646,0.30313,3773.0,47891.79,0
1.247121237,966.7,9.363,0.258652,1237.0,552.82,0
4.128795314,154870.0,2.771,0.439667,1244.0,565.91,0
3.269176601,59095.0,2.7233,1.4851,1349.0,781.57,0
15.995094054,44315.0,8.45037,0.194457,676.0,49.26,0
0.70914232,2560.0,1.936,0.096073,1685.0,1903.76,0
9.86869589,5915.0,2.876,0.115642,1332.0,743.72,0
0.978362973,37.1,1.206,0.005708,2772.0,13948.03,0
37.6333868,1661.7,4.49,0.03659,299.0,1.88,1
15.0367776,503.5,3.042,0.142852,381.0,4.96,0
12.25384348,147.7,2.373,0.011217,678.0,50.05,1
22.16127178,5259.0,3.699,0.364388,877.0,139.67,0
2.745121487,14608.0,2.9845,0.132887,893.0,150.25,0
282.9656538,467860.0,21.4259,0.683762,280.0,1.45,0
37.32030954,4325.0,6.9616,0.360084,538.0,19.77,0
5.889372452,56841.0,4.94674,0.224521,1695.0,1951.4,0
2.581595167,171130.0,4.9153,0.379057,1328.0,735.27,0
0.566801886,5.9,5.733,0.002284,3862.0,52564.19,0
180.71809,31.2,10.85,0.005888,546.0,20.98,0
6.5583706,136.0,3.286,0.222735,1283.0,639.83,0
434.39148,120.3,13.02,0.016734,236.0,0.73,0
73.26417,38.4,5.54,0.005744,584.0,27.47,0
11.3220104,17.1,5.86,0.003795,1215.0,515.77,1
681.9363102,186530.0,7.94066,0.544292,220.0,0.56,0
0.705891195,15.0,5.281,0.003731,4884.0,134291.26,0
377.88909,92.8,9.259,0.00902,606.0,31.87,0
199.21638,62.5,9.23,0.007525,706.0,58.73,0
121.70747,98.2,1.37,0.012163,580.0,26.67,0
273.528359,408.5,22.346,0.379729,557.0,22.75,0
3.88258905,57.8,2.741,0.007177,1158.0,426.41,0
135.57186,41.2,9.94,0.005943,439.0,8.77,0
173.06929,576.7,12.84,0.152586,518.0,17.08,0
1.039046871,24.4,1.689,0.004495,1774.0,2348.45,0
0.607538435,34.9,5.549,0.007279,3219.0,25377.69,0
0.98762513,28.6,1.127,0.00515,3728.0,45704.5,0
66.713573,63.9,4.487,0.007559,555.0,22.47,0
135.223193,56.3,8.989,0.006883,417.0,7.18,0
27.6775212,293.9,2.513,0.254797,558.0,22.91,0
35.2340413,465.5,11.874,0.019987,602.0,31.14,0
20.9794338,2388.2,3.762,0.340387,520.0,17.28,0
15.6937855,367.7,5.149,0.01754,755.0,76.79,0
20.73376301,104600.0,5.8043,0.499783,663.0,45.6,0
63.571688,591.0,6.01,0.023873,399.0,6.02,0
338.20075,678.2,15.23,0.023523,223.0,0.59,0
124.922516,498.7,11.942,0.025738,407.0,6.45,1
1.303570451,332340.0,2.28163,0.601921,2720.0,12920.56,0
3.72277264,1114.6,15.869,0.303216,945.0,188.82,0
3.886730304,372420.0,16.1723,0.563899,1158.0,424.65,0
49.5740154,8772.9,63.196,0.087107,280.0,1.46,0
10.42360821,878.3,5.404,0.026364,515.0,16.64,0
85.517344,270.2,9.331,0.019208,482.0,12.75,1
161.2529031,94008.0,24.3711,0.289251,652.0,42.81,0
0.761119678,1112.0,1.43,0.169655,2977.0,18660.94,0
94.212787,55654.0,14.48,0.218937,597.0,30.09,0
1.330333096,61867.0,5.045,0.24559,1634.0,1691.25,0
1.140133012,223.2,9.251,0.194448,4370.0,86385.22,0
7.946367138,278090.0,2.58667,0.575498,629.0,36.92,0
16.832079803,48375.0,7.79748,0.203914,1243.0,565.17,0
7.346159047,121810.0,6.5974,0.50282,835.0,114.57,0
26.2402438,174.0,3.024,0.012164,583.0,27.36,0
10.738427243,1684.2,2.3544,0.037816,1137.0,394.4,0
23.832382513,279000.0,7.06068,0.584086,623.0,35.58,0
1.428766771,92.2,3.9753,0.008907,1737.0,2157.42,0
14.5567427,185.1,1.421,0.012745,783.0,89.02,0
1.106560721,253680.0,2.64151,0.499618,1782.0,2382.7,0
0.721624431,157750.0,2.54242,0.520137,1604.0,1560.97,0
10.81589054,45400.0,4.73495,0.19721,1086.0,328.64,0
0.622303871,80.9,1.84,0.008318,2032.0,4050.15,0
23.3924063,62.3,3.416,0.007321,701.0,57.23,0
4.608901433,378550.0,8.73393,0.590973,1007.0,242.9,0
3.326193904,178470.0,2.08375,0.386166,521.0,17.41,0
12.823275455,121990.0,5.32062,0.491022,743.0,72.0,0
37.183276326,221200.0,14.0996,0.431208,594.0,29.41,0
5.065329723,155610.0,4.90392,0.429764,1315.0,705.6,0
0.957079167,48674.0,3.85011,0.45386,2441.0,8421.62,0
9.380632783,65833.0,4.295,0.468628,846.0,120.99,0
10.064687893,10088.0,3.59854,0.391049,679.0,50.11,0
7.73591011,315130.0,5.01919,0.605584,806.0,99.92,0
3.359470825,2707.8,2.14715,0.338588,2421.0,8125.7,0
20.729255112,341970.0,7.53677,0.615142,567.0,24.47,0
3.04459739,66.1,7.638,0.007496,1076.0,317.36,0
3.796448299,522880.0,11.5917,0.693192,2577.0,10412.56,0
3.79654367,70781.0,11.4071,0.475282,2577.0,10412.56,0
15.926990634,394230.0,11.5142,1.323478,566.0,24.16,0
1.219049953,53.5,1.477,0.006735,2948.0,17862.9,0
0.64585177,308500.0,1.97644,1.010664,1234.0,543.24,0
1.70192371,49833.0,3.0271,0.291345,1704.0,1993.63,0
1.20693963,20.0,6.881,0.004374,2847.0,15568.09,0
3.008602107,120270.0,4.34296,0.501167,1343.0,768.47,0
41.81145,302.0,2.208,0.015824,483.0,12.88,0
0.846291334,190190.0,1.79962,0.536261,1243.0,562.86,0
1.930451347,53075.0,3.87956,0.460769,1623.0,1637.68,0
2.427967843,126980.0,4.7847,0.516428,2275.0,6328.22,0
6.840305932,124930.0,4.32742,0.626114,945.0,188.58,0
1.032967155,127.3,1.17,0.010249,5990.0,304226.71,0
2.489550708,29839.0,2.84685,0.425743,1281.0,636.43,0
2.980479588,375340.0,3.72527,0.616794,1370.0,833.83,0
4.81712182,35756.0,2.45699,0.50044,922.0,170.42,0
2.479948394,150680.0,5.7219,0.396857,1169.0,441.85,0
1.58742695,76162.0,2.66475,0.277757,1893.0,3023.98,0
19.668404822,352810.0,21.1764,0.548107,555.0,22.36,0
0.968065631,92.5,1.772,0.009047,1487.0,1157.58,0
0.824181335,224.7,2.4864,0.188743,1912.0,3155.32,0
2.45261841,85.5,1.9,0.008449,1108.0,355.92,0
0.706423768,46.1,1.0597,0.006706,2845.0,15425.08,0
25.9534494,528.9,6.001,0.021938,554.0,22.3,0
3.49550335,60.9,3.799,0.007058,1081.0,322.8,0
25.95193721,399170.0,15.9897,0.653253,904.0,157.59,0
31.024310431,96480.0,7.63621,0.490678,783.0,88.89,0
0.634131057,27.1,2.851,0.004806,2488.0,9062.53,0
1.992098705,69414.0,4.03833,0.466485,1435.0,1006.31,0
1.78752921,62.9,5.315,0.007309,3868.0,52997.01,0
1.77555333,83.5,14.41,0.010126,1786.0,2402.56,0
5.462689263,4184.6,3.2605,0.373854,1024.0,260.14,0
3.58966681,421.3,18.534,0.22878,2410.0,7969.78,0
1.37347867,289.9,12.62,0.022179,2505.0,9313.26,0
1.00960235,31.9,7.847,0.007366,2885.0,16358.66,0
1.060996585,41142.0,2.6494,0.441483,1968.0,3542.31,0
2.735152701,283.3,0.1046,0.019633,1679.0,1875.08,0
9.459993213,237600.0,5.3012,0.573221,766.0,81.31,0
1.208524388,4759.6,1.8478,0.34891,1286.0,647.48,0
3.79187443,230740.0,3.5521,0.601527,1004.0,240.31,0
17.844323157,222360.0,5.07999,0.559159,874.0,138.25,0
34.6506368,502.5,10.287,0.027019,1191.0,476.15,0
12.643303542,236720.0,5.48853,0.569347,443.0,9.07,0
1.36293943,54.4,10.32,0.136014,2630.0,11346.02,0
185.103836,581.4,4.19,0.021516,670.0,47.72,0
1.267693801,333640.0,3.57993,0.617872,1606.0,1572.85,0
7.002865192,349700.0,5.90232,0.565488,1197.0,486.09,0
0.85450941,13.7,3.723,0.003442,1928.0,3269.09,0
30.130130001,280750.0,13.4919,0.569395,753.0,76.07,0
9.12208711,58790.0,4.62417,0.464111,904.0,157.73,0
366.71923,246.4,9.8,0.014984,383.0,5.09,0
6.373454978,6084.6,3.9377,0.376799,1169.0,441.1,0
1.075577069,140580.0,4.11779,0.49952,2094.0,4551.51,0
0.811390968,139.9,1.0114,0.010813,5043.0,153237.23,0
14.6494599,221.0,2.883,0.013335,574.0,25.65,0
321.00742,307.1,13.01,0.016903,351.0,3.59,0
27.81892382,238220.0,8.3777,0.500443,610.0,32.75,0
8.467706136,77324.0,4.05376,0.477765,844.0,120.02,0
24.70361995,217540.0,6.9719,0.424455,464.0,10.99,0
5.1348689,115.8,48.69,0.147908,1040.0,276.25,0
5.251918489,296480.0,5.59653,0.513326,1060.0,299.43,0
3.62944008,130080.0,5.94104,0.335823,1351.0,787.91,0
43.263305017,359090.0,10.0915,0.626615,505.0,15.38,0
6.042029838,132860.0,8.0666,0.373543,729.0,66.7,0
2.892087553,71631.0,3.16757,0.471271,1225.0,531.42,0
5.40597608,461.0,2.79,0.018956,2818.0,14885.1,0
0.510804497,42.7,2.539,0.006638,3622.0,40925.32,0
0.645850521,54.9,1.2082,0.006914,1941.0,3366.81,0
18.84497113,4143.4,4.9442,0.070473,552.0,21.89,0
14.759477667,357470.0,9.7746,0.630297,862.0,130.69,0
10.476258265,120210.0,7.77203,0.322717,1077.0,318.44,0
1.588298157,165030.0,4.37027,0.524793,2773.0,13941.82,0
1.58826263,78.9,2.655,0.00794,862.0,130.67,0
3.909314318,97123.0,5.36124,0.340794,1364.0,819.78,0
0.79708975,19.3,3.301,0.004151,2262.0,6174.2,0
8.5412411,298.8,3.654,0.017495,767.0,81.55,0
1.013922622,34957.0,1.6393,0.452671,1392.0,883.9,0
17.918743061,118360.0,4.36387,0.319873,942.0,186.0,0
2.287515702,358580.0,10.0879,0.571184,1801.0,2484.21,0
659.2907,338.1,22.106,0.023224,322.0,2.53,0
24.847087207,317670.0,7.28274,0.561719,569.0,24.75,0
20.867855659,82601.0,5.73122,0.482449,716.0,62.09,0
3.401949837,2477.0,16.5797,0.060438,2076.0,4391.35,0
2.252822538,269850.0,3.41062,0.554622,1462.0,1078.82,0
2.25284817,60.0,3.069,0.051553,1940.0,3351.24,0
5.39525573,104240.0,7.8377,0.498842,1992.0,3721.55,0
0.939740093,106.5,3.682,0.00954,7200.0,635197.09,0
265.299451,4946.0,4.563,0.075359,270.0,1.25,0
265.310499,1530.0,4.013,0.043088,296.0,1.81,0
35.4261827,317.6,4.393,0.039437,2217.0,5712.61,0
8.460438928,76413.0,4.73492,0.47764,804.0,98.6,0
4.318726936,59429.0,2.67349,0.297295,1091.0,334.31,0
76.45315813,9662.2,5.1822,0.388134,291.0,1.7,0
7.698431197,42549.0,5.43677,0.446583,878.0,140.16,0
0.504296702,5995.4,1.4145,0.388885,2694.0,12445.73,0
5.194256813,38851.0,7.25775,0.183373,1546.0,1349.96,0
61.42252657,337540.0,3.76585,0.612716,326.0,2.66,0
9.761172507,205870.0,11.4007,0.427376,1325.0,729.48,0
1.061008464,408770.0,2.8029,0.657162,1002.0,238.59,0
5.8957069,129.7,56.84,0.317724,1002.0,238.37,0
1.039370613,743.6,1.0713,0.036768,3320.0,28690.6,0
2.31169425,38.4,8.689,0.006,3178.0,24113.62,0
2.072177815,293720.0,4.54864,0.593703,1204.0,495.23,0
3.34328534,166.8,27.29,0.221012,2094.0,4535.97,0
0.905678252,70.4,1.249,0.007834,1901.0,3074.42,0
0.905672916,110.4,1.0,0.009434,1468.0,1096.04,0
0.790046373,149300.0,4.9939,0.388484,2541.0,9873.85,0
1.804591904,137300.0,3.85009,0.488817,1923.0,3221.97,0
1.14073528,13.5,2.394,0.003675,3190.0,24512.67,0
3.31976683,48.0,4.523,0.006797,1276.0,626.66,0
0.52880817,57.7,2.2865,0.007109,3558.0,37880.12,0
0.700606479,23.5,0.993,0.004549,3312.0,28551.69,0
9.469191607,63502.0,9.55999,0.245783,1679.0,1875.84,0
15.53753378,209010.0,5.8262,0.431542,694.0,54.73,0
2.172042913,154380.0,8.0331,0.519997,2169.0,5231.88,0
6.35216475,185.7,3.251,0.012142,2698.0,12523.45,0
0.705174384,375230.0,1.11196,13.434557,751.0,75.23,0
38.058140058,308870.0,8.82403,0.607287,736.0,69.39,0
4.800232532,277000.0,3.57105,0.589555,941.0,184.84,0
1.74336627,451.0,10.405,0.870432,2029.0,4006.15,0
1.507100589,497660.0,5.8097,0.687126,2378.0,7555.78,0
0.758355704,9568.3,4.4135,0.102661,1765.0,2292.94,0
0.898837525,399780.0,3.5342,0.648402,1615.0,1609.86,0
11.931131598,300510.0,5.56983,0.892422,831.0,112.47,0
11.93137992,122.1,3.639,0.01015,415.0,7.0,0
27.533803402,48153.0,3.96227,0.284347,777.0,85.95,0
12.4964346,271.7,84.32,0.185632,1397.0,899.44,0
1.352576807,317480.0,5.49531,0.612852,2866.0,15932.27,0
13.254134073,44980.0,4.34991,0.373137,990.0,227.51,0
1.922009494,6547.8,3.101,0.40951,1596.0,1534.66,0
10.186578749,340670.0,10.6304,0.67432,793.0,93.53,0
32.003815635,17120.0,4.31197,0.406353,960.0,201.25,0
1.250390814,231170.0,3.7184,0.558222,2367.0,7420.89,0
5.748815953,11657.0,1.9216,0.327603,799.0,96.29,0
0.517573708,87205.0,2.23102,0.484349,1863.0,2827.01,0
24.70932686,29265.0,5.0698,0.224642,662.0,45.33,0
13.68369259,185510.0,4.22504,0.395822,635.0,38.37,0
9.726748645,393410.0,19.4093,1.80664,997.0,233.38,0
0.691561191,1901.0,5.23,0.092307,1460.0,1074.31,0
1.35337091,104560.0,2.2396,0.311769,1444.0,1031.53,0
1.854491777,383430.0,5.14771,0.583471,1511.0,1232.64,0
4.737713268,105260.0,6.384,0.372578,882.0,143.54,0
2.49777454,78.7,5.241,0.008873,2264.0,6214.34,0
1.51264208,23842.0,1.871,0.414612,1357.0,801.0,0
323.2575,286.8,17.26,0.015382,293.0,1.73,0
0.984971822,6683.5,1.64247,0.375255,2321.0,6852.37,0
567.71329,259.4,12.85,0.015047,325.0,2.64,0
9.31392071,163.7,0.971,0.011805,884.0,144.19,0
2.32539968,288.1,16.791,0.032816,2501.0,9234.82,0
0.764597756,16.6,1.119,0.003797,2708.0,12721.72,0
4.101595158,366580.0,6.10362,0.578886,1028.0,264.23,0
2.43574046,6223.0,22.25,0.126616,2102.0,4614.94,0
2.756536015,3590.8,1.5908,0.315275,1580.0,1472.73,0
13.99585365,19681.0,5.0308,1.248165,1202.0,493.55,0
4.320850062,75927.0,4.26661,0.500266,1221.0,524.62,0
8.6532378,126.0,2.974,0.010289,793.0,93.75,0
5.197420145,91307.0,6.78534,0.488395,1416.0,949.86,0
2.183517999,1321.6,4.2703,0.260764,9791.0,2169685.72,0
383.61248,619.3,12.263,0.023301,248.0,0.9,0
1.945914237,9880.5,2.8712,0.396577,1417.0,955.56,0
2.500560859,20.4,7.5902,0.004153,1486.0,1149.55,0
1.25625738,15.2,9.726,0.003959,3507.0,35745.58,0
21.142458554,73961.0,5.17846,0.403906,672.0,48.12,0
0.99519559,13.7,2.293,0.003391,1624.0,1642.44,0
25.150788449,37583.0,7.72717,0.325381,686.0,52.23,0
7.21636091,384.7,2.218,0.017427,2146.0,5009.17,0
12.591656377,302580.0,5.53385,0.596057,642.0,40.23,0
1.044408447,46.2,3.633,0.006332,2745.0,13421.48,0
0.97705114,20.1,2.33,0.004299,2501.0,9261.1,0
5.407157086,74653.0,5.8919,0.472949,1984.0,3667.86,0
30.971766472,228680.0,8.31171,0.571344,523.0,17.73,0
5.06318803,662680.0,13.8913,3.679748,908.0,160.52,0
10.88242209,206810.0,5.51934,0.553344,894.0,150.98,0
1.926366998,399530.0,3.98088,0.646168,1204.0,497.84,0
2.325185422,268.5,7.2871,0.258907,3738.0,46102.7,0
40.877841988,256090.0,9.88456,0.580078,915.0,166.06,0
36.75892725,261730.0,15.5723,0.479913,575.0,25.82,0
0.536869783,221.7,4.164,0.014163,2645.0,11576.28,0
0.843400322,43.7,1.7606,0.006206,1941.0,3371.24,0
17.042155208,55165.0,7.80412,0.220601,760.0,78.98,0
0.874236216,58.4,2.352,0.007246,6177.0,344046.45,0
0.60886299,2019.5,1.27896,0.348326,3651.0,42225.89,0
4.43529675,181.9,2.117,0.012463,1026.0,261.33,0
0.88512187,136.0,3.349,0.011688,1659.0,1797.86,0
1.734221252,289820.0,2.4577,0.548722,1114.0,363.79,0
5.776764285,153900.0,6.99715,0.519355,1542.0,1336.82,0
1.26227317,7342.5,3.30141,0.361368,3790.0,48665.04,0
0.76757669,157610.0,2.04757,0.500009,1530.0,1294.42,0
5.860377067,361620.0,10.4634,0.617911,1191.0,475.44,0
5.801881299,34470.0,4.21133,0.19144,2001.0,3784.87,0
4.00770453,168780.0,5.50884,0.517012,1699.0,1969.22,0
6.099032889,55374.0,4.82208,0.294356,1183.0,462.81,0
0.652956712,50.0,0.627,0.006637,2146.0,4984.96,0
13.691790011,97564.0,5.64674,0.28991,994.0,230.66,0
21.570508432,134180.0,13.8604,0.344646,923.0,171.91,0
14.199840087,214600.0,5.98531,0.5554,907.0,159.99,0
2.136834989,346180.0,4.34882,0.616539,1415.0,948.25,0
2.51690133,59.6,2.521,0.006916,1430.0,986.6,0
9.296746368,213840.0,6.88069,1.271367,1552.0,1370.16,0
18.060078203,58975.0,11.5759,0.221789,618.0,34.4,0
18.74072534,125480.0,5.19791,0.327404,717.0,62.46,0
0.93371313,66.0,2.971,0.007303,1642.0,1724.34,0
0.93373716,144.9,5.015,0.012222,1666.0,1811.1,0
0.933735579,351.4,3.892,0.01762,3696.0,43890.28,0
58.28819056,156160.0,21.6014,0.373373,462.0,10.79,0
3.989144446,630520.0,20.7947,0.767438,996.0,233.19,0
32.77897303,410080.0,19.1378,0.656244,588.0,28.29,0
28.487107336,37663.0,3.77887,0.448628,963.0,202.98,0
8.61733907,185860.0,4.05563,0.545171,796.0,94.74,0
2.16146908,84.8,3.643,0.00857,1487.0,1155.45,0
10.26782676,247180.0,6.02685,0.467996,1136.0,393.02,0
1.057335679,47337.0,1.5795,0.195583,1276.0,623.51,0
1.149198426,37721.0,4.1603,0.443981,1690.0,1922.43,0
2.50012775,49.9,28.2,0.009118,1977.0,3611.69,0
1.40469182,702440.0,6.26327,1.067906,2263.0,6187.57,0
10.306982793,341790.0,11.4277,0.611069,960.0,200.8,0
1.109841858,300710.0,8.11952,0.507005,2944.0,17830.7,0
7.234965722,164850.0,7.0245,0.390538,843.0,119.12,0
7.45301717,551.5,3.685,0.020423,2595.0,10730.53,0
2.442941283,37338.0,4.1847,0.441189,1352.0,788.17,0
3.684337918,76.7,2.1931,0.054373,2481.0,8964.2,0
11.2570616,690240.0,29.059,0.795303,1272.0,619.07,0
21.858963291,117110.0,6.32492,0.509557,925.0,172.73,0
1.461270059,3348.7,16.467,0.357175,1253.0,583.36,0
9.4022333,316.0,2.79,0.015585,2309.0,6719.57,0
9.543584955,68184.0,3.72007,0.400013,1141.0,401.55,0
18.611957253,124830.0,4.24721,0.512667,829.0,111.83,0
0.73240662,329.0,4.33,0.018844,3191.0,24515.44,0
2.954598,337.8,24.79,0.381164,2148.0,5028.39,0
0.562006231,14.2,3.496,0.003668,2978.0,18708.86,0
3.21559054,202.4,16.261,0.166204,1366.0,822.2,0
1.547426532,532.9,16.1346,0.026231,1973.0,3587.69,0
12.851722103,42519.0,5.71731,0.447541,781.0,88.01,0
4.2055797,100.5,19.4,0.013079,1345.0,773.19,0
0.957476003,450.7,0.6624,0.020138,2138.0,4953.98,0
1.559360638,280070.0,5.4458,0.57973,2234.0,5905.62,0
2.313367981,13438.0,2.42645,0.402084,1180.0,458.02,0
76.01811375,80671.0,13.4849,0.30773,652.0,42.65,0
1.574063832,1118.1,5.6357,0.272513,1619.0,1622.84,0
2.51989935,147.2,1.55,0.011296,1217.0,519.13,0
3.867613816,340910.0,5.36467,0.606056,1203.0,494.75,0
0.733726452,114.6,2.309,0.009885,1867.0,2891.64,0
36.473115046,161930.0,2.91005,0.634783,467.0,11.24,0
4.238855579,68002.0,5.2235,0.432923,1044.0,280.82,0
1.17033848,17.3,11.56,0.003862,3272.0,27090.0,0
7.841066931,342090.0,5.47901,0.622211,876.0,139.18,0
4.292599454,140030.0,4.73293,0.499541,1319.0,715.83,0
2.113197701,57316.0,3.46341,0.313809,1825.0,2624.42,0
11.02822674,278040.0,8.275,0.498296,1028.0,264.14,0
70.37626987,116050.0,6.4205,0.490345,373.0,4.59,0
0.772803664,290.2,1.368,0.015156,1365.0,826.03,0
7.549299761,44576.0,2.46338,0.27158,690.0,53.74,0
0.530972263,48.6,3.653,0.086135,2373.0,7495.0,0
0.530967171,378390.0,3.8102,0.852795,2312.0,6728.14,0
1.606163631,144600.0,4.92516,0.51629,2943.0,17727.93,0
42.032096076,391260.0,11.6768,0.649035,622.0,35.34,0
0.619303759,74.5,6.6038,0.025613,3232.0,25737.02,0
22.470494368,45979.0,7.39097,0.251225,518.0,17.04,0
37.482223878,28977.0,4.81451,0.432821,902.0,156.47,0
3.71186243,53.9,1.032,0.006941,1406.0,922.9,0
1.077358008,311050.0,3.6713,0.607972,1925.0,3242.53,0
3.55643514,45.8,8.529,0.006185,1297.0,669.38,0
0.5366497,105.4,2.887,0.009349,2142.0,4982.76,0
1.480324075,400010.0,3.20209,0.610647,1313.0,701.93,0
12.08353781,43087.0,7.90317,0.208169,1310.0,696.82,0
10.692115,408.4,4.657,0.019947,1008.0,244.47,1
0.934926138,131940.0,3.1925,0.498378,1957.0,3455.76,0
0.93374699,172.1,6.168,0.180609,3442.0,33070.3,0
0.933759404,114.9,3.491,0.010508,1763.0,2289.8,0
0.93373711,12.9,3.151,0.003315,2077.0,4422.99,0
45.43324862,414350.0,14.242,0.654977,529.0,18.46,0
1.398890216,66012.0,4.9641,0.500818,1784.0,2389.78,0
12.314402323,393900.0,5.8903,0.646123,864.0,131.33,0
0.691823991,165.9,5.965,0.011667,1878.0,2938.32,0
25.431861399,46565.0,5.23771,0.441799,601.0,30.92,0
3.98855869,214.1,1.467,0.013347,1447.0,1036.21,0
20.413052415,92672.0,4.4621,0.333116,668.0,47.14,0
0.527679032,84.1,1.395,0.008448,2115.0,4714.94,0
0.527673075,26.1,1.3693,0.004605,1970.0,3535.35,0
2.44295727,15298.0,4.0656,0.406151,1352.0,788.17,0
3.31587688,185.6,3.152,0.013251,1097.0,342.77,0
49.788613011,219220.0,7.41807,0.550315,271.0,1.28,0
1.38607973,64.6,8.7,0.007212,1356.0,798.8,0
0.648868342,34770.0,2.82428,0.434552,2882.0,16368.52,0
5.088582739,448.9,7.6066,0.215545,1786.0,2400.3,0
0.792023257,176.6,3.2604,0.01188,1300.0,678.05,0
10.643743766,436510.0,6.29783,0.631613,675.0,49.06,0
1.7317958,60.6,2.924,0.007216,1825.0,2628.3,0
8.65298599,313.8,1.549,0.016628,734.0,68.48,0
1.19563447,8245.0,5.3934,0.096847,1988.0,3686.75,0
0.550537628,72.0,1.216,0.008048,4181.0,71798.87,0
2.53470797,328.2,20.143,0.204145,2117.0,4744.68,0
0.530799654,318.5,3.487,0.016477,3102.0,21896.26,0
1.0429419,412.0,7.22,0.022765,1795.0,2448.03,0
6.12650913,2434.0,15.43,0.054212,1370.0,832.67,0
0.720589427,70.0,4.329,0.008091,3927.0,56448.93,0
0.573036404,4174.5,1.3176,0.076322,2376.0,7539.67,0
0.643171495,41160.0,2.31285,0.500324,2193.0,5486.36,0
14.086776961,106840.0,10.1279,0.317825,1197.0,485.09,0
1.872620976,1530.6,1.7626,0.286647,1550.0,1362.23,0
17.527826808,347520.0,5.78491,0.617449,554.0,22.31,0
27.467217305,71766.0,4.17961,0.479747,527.0,18.22,0
40.879068,499.2,6.562,0.033205,533.0,19.12,0
0.566802325,288.4,1.842,0.015554,1889.0,3012.0,0
0.634946497,426550.0,2.40541,0.655382,1475.0,1123.92,0
5.077746556,18837.0,3.1718,0.395781,1274.0,622.32,0
2.00383703,42.3,3.473,0.005986,1518.0,1256.78,0
5.321224925,98872.0,7.48973,0.490681,958.0,199.25,0
2.340534383,241360.0,4.43017,0.56063,1581.0,1476.77,0
0.580724809,64.2,1.82,0.007401,2191.0,5418.89,0
1.72933255,29.7,3.631,0.005188,1745.0,2196.53,0
1.729338354,140160.0,6.8524,0.499864,2230.0,5838.68,0
0.567493852,7984.0,1.35349,0.38733,3024.0,19665.18,0
2.105238039,94675.0,5.23595,0.364854,1966.0,3523.25,0
7.226944171,682180.0,23.0124,1.601176,1179.0,457.25,0
31.973311701,75054.0,13.2105,0.720646,1289.0,652.01,0
20.849919614,313090.0,13.7687,13.443089,1099.0,345.25,0
15.120212531,24616.0,3.50007,0.418193,605.0,31.61,0
3.481657589,347010.0,4.75315,0.555008,1485.0,1151.7,0
0.739769962,20729.0,1.95901,0.407995,3013.0,19590.61,0
6.570421193,60118.0,4.4698,0.34282,946.0,189.25,0
0.541405029,327660.0,2.7481,0.645629,2679.0,12266.51,0
2.17814186,127.7,1.988,0.010063,1174.0,447.79,0
0.609662423,140920.0,4.24033,0.443554,3834.0,51214.99,0
0.953299962,2236.6,1.69478,0.320271,2011.0,3850.25,0
2.745640575,45265.0,3.04508,0.43239,1300.0,673.9,0
12.180721266,414950.0,4.15602,0.656708,742.0,71.88,0
50.467024395,103140.0,8.96181,0.478548,523.0,17.63,0
0.84986054,6571.5,1.3875,0.368524,2260.0,6185.9,0
0.933728196,67.7,3.441,0.00755,2006.0,3826.49,0
2.03742712,36.0,3.939,0.006048,1812.0,2550.21,0
5.274819905,108960.0,4.6688,0.503754,1646.0,1733.91,0
0.527678272,247740.0,2.33166,0.46755,2551.0,9989.53,0
3.55027051,212.7,1.879,0.013195,1036.0,272.61,0
65.4317194,153410.0,12.2384,0.521492,490.0,13.58,0
1.718649321,190570.0,3.94095,0.413775,1499.0,1194.16,0
7.2949175,182.8,41.04,0.146251,763.0,79.99,0
7.2935801,124.5,40.02,0.167657,925.0,173.44,0
42.9261364,378.4,2.578,0.017716,490.0,13.65,0
1.89129338,33.8,5.677,0.005274,1152.0,416.87,0
1.89124453,31.0,5.08,0.005493,2200.0,5537.41,0
1.89134201,128.9,4.674,0.01037,1325.0,729.42,0
87.87826191,339060.0,12.8138,0.618216,530.0,18.65,0
15.926632768,271860.0,7.42888,0.578733,670.0,47.68,0
0.958116585,2374.1,2.3496,0.329783,2271.0,6312.99,0
39.841522897,143680.0,8.79024,0.515495,765.0,80.93,0
1.891268461,641910.0,8.24958,0.785578,5047.0,153163.32,0
1.89114441,49.9,8.724,0.095967,932.0,177.97,0
61.25964956,233260.0,12.1777,0.5637,447.0,9.45,0
0.872359598,267050.0,3.74512,0.586135,2112.0,4703.58,0
374.318792,1541400.0,5.96,2.732772,241.0,0.79,0
5.627911313,434330.0,7.08223,0.670243,1167.0,438.81,0
0.62927655,839.5,0.9698,0.04355,2102.0,4624.3,0
1.22578134,99376.0,2.235,0.488258,1701.0,1973.12,0
0.751408792,17481.0,2.2974,0.420608,1926.0,3241.36,0
0.866344816,233.6,1.9188,0.013856,3569.0,38575.44,0
2.24294107,39.4,2.532,0.00581,1654.0,1763.55,0
0.950487062,11.5,2.9283,0.003648,4231.0,75637.15,0
5.579631021,118320.0,3.38646,0.809337,1108.0,356.56,0
21.37831102,80571.0,21.7174,0.255563,1062.0,300.32,0
0.541396363,181.0,2.384,0.012517,3204.0,24909.05,0
0.550509602,123.5,1.1836,0.010159,3938.0,56796.99,0
2.404293523,8150.9,4.4649,0.477823,4178.0,71976.93,0
25.836831272,145040.0,6.32201,0.517837,587.0,28.08,0
0.94895231,57.7,3.952,0.007505,3464.0,33931.93,0
11.702203927,28999.0,2.75173,0.248775,1240.0,560.24,0
3.722775537,107590.0,14.3309,0.319244,1731.0,2125.53,0
1.245342215,234090.0,4.40308,0.560512,2341.0,7120.27,0
0.604755462,334.5,1.3741,0.016228,1598.0,1534.24,0
8.144135648,87881.0,8.88876,0.277988,1491.0,1169.67,0
0.566795196,14.8,2.18,0.003508,2066.0,4277.24,0
0.566798827,34.9,3.662,0.005381,2045.0,4154.8,0
0.56678012,27.6,3.257,0.004905,2073.0,4352.1,0
0.566800113,104.0,3.315,0.01014,1180.0,455.05,0
0.56679293,101.1,3.814,0.009188,2064.0,4264.42,0
0.566809491,69.5,3.156,0.007736,1656.0,1790.3,0
0.566799218,18.2,4.227,0.004153,3153.0,23364.03,0
0.566797404,69.4,4.109,0.007529,1890.0,2993.84,0
4.719336335,12367.0,2.83787,0.408987,1722.0,2078.32,0
1.258274109,14160.0,1.92467,0.405257,1207.0,502.19,0
8.966610607,59618.0,4.01883,0.460632,1038.0,274.04,0
15.32763411,17749.0,6.0662,0.392824,1472.0,1108.58,0
2.10413487,321240.0,4.2269,0.613788,1421.0,963.4,0
6.767341062,244950.0,4.49213,0.573978,933.0,178.98,0
1.92730001,6177.1,18.812,0.379426,1614.0,1605.97,0
48.79936881,324550.0,8.80873,0.621808,525.0,17.9,0
5.882036054,238520.0,5.16326,0.918743,1114.0,363.01,0
4.059428737,245220.0,5.26926,0.463953,1455.0,1059.83,0
19.35954117,386980.0,12.8464,0.592804,942.0,186.12,0
1.287097944,106.1,1.94,0.009588,1631.0,1678.58,0
3.5565617,68.0,6.691,0.007459,883.0,143.89,0
3.55646511,46.1,4.72,0.006224,1076.0,317.0,0
3.661895766,35477.0,35.6374,2.159874,1708.0,2012.26,0
2.35195525,212830.0,5.98883,0.445655,1678.0,1876.0,0
1.882438182,344200.0,3.50695,0.564488,1818.0,2589.75,0
5.682410334,220420.0,5.33373,0.55816,1141.0,401.43,0
2.199069234,225250.0,6.30646,0.566059,2104.0,4632.97,0
1.481655821,59134.0,3.4913,0.461726,1935.0,3314.58,0
0.93370968,62.2,3.356,0.008277,865.0,131.85,0
1.388509353,37638.0,2.84811,0.424908,1836.0,2679.88,0
9.089355023,101480.0,6.4006,0.313154,1511.0,1233.59,0
0.94808587,229.8,8.03,0.120954,3359.0,30040.23,0
10.368552685,153230.0,4.37878,0.593091,845.0,120.48,0
13.8602646,481.1,74.26,0.226779,690.0,53.56,0
13.639480425,81103.0,3.12422,0.476272,680.0,50.51,0
6.882686062,373660.0,5.47323,0.584329,921.0,169.85,0
1.407937865,50793.0,1.585,0.235958,1179.0,457.02,0
1.89117723,176.2,6.986,0.219581,3536.0,36995.02,0
52.884577,11969.0,7.892,0.408862,555.0,22.44,0
1.429439352,3367.1,2.424,0.363114,2079.0,4417.56,0
2.821328194,64776.0,5.02692,0.243233,1807.0,2520.03,0
11.961308501,310680.0,4.6414,0.601755,696.0,55.37,0
204.280255,10579.0,37.2,0.11318,236.0,0.73,0
0.572079631,127790.0,2.27811,0.422048,1716.0,2036.56,0
0.822314545,32.7,3.3374,0.005316,1922.0,3227.02,0
31.005392846,560310.0,3.073,0.728004,682.0,51.25,0
2.189097,3001.0,5.768,0.313969,647.0,41.37,0
17.51191534,728.8,5.678,0.023076,2246.0,6014.16,0
41.3701638,6907.1,29.254,0.079755,1133.0,389.15,0
1.306220168,481370.0,5.14519,0.677492,2095.0,4556.14,0
631.632,295.1,16.13,0.015956,201.0,0.38,0
0.756511623,41596.0,2.81832,0.500222,2549.0,9947.96,0
10.845286549,7473.8,4.3876,0.416626,1682.0,1893.11,0
32.45541269,136390.0,7.3736,0.395929,392.0,5.55,0
5.917085496,563290.0,23.7545,0.703816,1005.0,241.42,0
0.958871144,232350.0,2.74361,0.471324,1743.0,2174.51,0
0.5402463,1148.0,13.93,0.037888,3249.0,26335.17,0
1.288046428,32.3,3.637,0.005161,2945.0,17822.99,0
4.200206781,82364.0,5.21948,0.500336,1737.0,2150.58,0
6.091954982,36700.0,3.60482,0.270452,1036.0,272.7,0
485.52409,4147.0,11.04,70.387939,191.0,0.31,0
0.76647343,199900.0,2.46345,0.536836,1628.0,1654.36,0
5.2439783,93.5,10.1,0.009893,1068.0,307.32,0
5.2436639,93.5,10.53,0.009365,1059.0,296.41,0
5.2438269,128.6,8.235,0.010067,743.0,72.18,0
0.56678702,7.5,3.074,0.002516,2356.0,7279.54,0
2.19642864,99.5,4.933,0.008959,1193.0,477.24,0
2.19635512,266550.0,9.65516,0.590144,1793.0,2448.43,0
26.718417546,72976.0,8.14155,0.474898,727.0,65.88,0
0.615787196,110.6,3.067,0.010423,3886.0,53910.99,0
548.08441,560.0,17.66,0.021508,222.0,0.58,0
2.213964145,123360.0,6.7598,0.345116,1891.0,3030.64,0
1.025534511,110950.0,3.52048,0.435206,1896.0,3066.26,0
7.64941291,236250.0,6.56935,0.454483,1050.0,287.83,0
13.174807933,71071.0,3.37392,0.469029,811.0,102.2,0
0.655094658,372.0,6.159,0.238988,2173.0,5290.98,0
0.692239369,62962.0,2.91121,0.452116,2594.0,10725.15,0
17.030857558,77832.0,4.24308,0.474955,836.0,115.15,0
43.797829003,415020.0,7.70289,0.662236,668.0,47.15,0
4.254417651,294550.0,6.55436,0.992082,1360.0,806.64,0
18.778162159,488410.0,8.1018,0.683154,1002.0,238.5,0
1.575710265,173950.0,6.83787,0.526347,2630.0,11307.3,0
2.534740757,364350.0,4.85013,0.615852,1230.0,541.27,0
37.59406667,28618.0,8.9943,0.430244,554.0,22.2,0
3.6972959,19.7,21.335,0.006165,1571.0,1438.97,0
6.855624762,70873.0,3.02199,0.333741,987.0,224.32,0
80.7060641,11852.0,6.8899,0.149292,428.0,7.96,0
2.17814513,136.0,2.321,0.011727,1428.0,981.63,0
1.089077111,304070.0,3.8834,0.604175,2045.0,4147.85,0
1.089057762,37.4,1.637,0.005493,1404.0,917.78,0
0.379412331,594.0,1.561,0.021795,1643.0,1724.34,0
0.585940879,1943.6,4.6979,0.305249,1873.0,2897.54,0
0.646523404,25.2,3.917,0.004755,3163.0,23676.16,0
0.626431697,37224.0,2.0171,0.432421,1709.0,2003.98,0
2.696354974,245990.0,5.39585,0.468086,1815.0,2560.78,0
14.762889172,79330.0,6.52705,0.477159,759.0,78.43,0
4.5638537,71.9,13.05,0.01137,1533.0,1305.08,0
1.463775066,45.1,0.953,0.006656,2308.0,6722.29,0
8.098754149,56616.0,5.62354,0.776929,1176.0,452.03,0
0.587938916,7339.5,1.40211,0.370942,1800.0,2476.75,0
246.87131,433.6,10.69,0.019292,302.0,1.97,0
1.559090282,226980.0,4.95211,0.453231,2905.0,16893.61,0
1.81993557,109.1,2.43,0.01048,907.0,159.62,0
0.612888148,43.1,2.822,0.006237,2796.0,14401.76,0
15.541358818,10308.0,2.44433,0.385945,1174.0,448.22,0
12.8177012,75.6,3.465,0.00801,999.0,235.16,0
2.274628199,103970.0,4.52648,0.490353,2092.0,4536.51,0
85.338393,633.0,8.5,0.022235,741.0,71.36,0
5.499941793,47751.0,11.3096,0.208384,1878.0,2942.15,0
2.629870555,101310.0,6.606,0.322419,1291.0,659.45,0
6.62761199,227140.0,6.15281,0.563514,1204.0,496.41,0
28.597880332,85952.0,7.71925,0.274826,1014.0,250.21,0
30.476518853,326630.0,10.2264,0.609498,592.0,28.96,0
252.1638623,103790.0,23.92,0.623715,242.0,0.81,0
22.271198511,179040.0,4.58598,0.499178,515.0,16.62,0
73.894163515,213900.0,9.48995,0.426581,392.0,5.61,0
1.124033822,247560.0,5.5728,0.574424,2547.0,9953.28,0
2.796661168,2363.8,3.3781,0.329252,1661.0,1797.72,0
15.288709179,512470.0,5.00366,0.694921,509.0,15.84,0
1.83592242,30746.0,5.9942,0.43438,1501.0,1195.13,0
1.516372183,93.8,1.239,0.009284,1686.0,1911.54,0
8.784575777,262980.0,5.3022,0.500326,1555.0,1380.83,0
1.949700508,38119.0,4.35014,0.430688,1716.0,2048.37,0
9.948701373,2749.5,3.2922,0.340124,704.0,57.93,0
3.457078812,315520.0,5.24058,0.532167,1603.0,1560.4,0
3.735993484,617990.0,17.4877,1.289667,2063.0,4283.18,0
12.4239677,162.4,16.01,0.01136,606.0,31.93,0
0.639721284,465920.0,2.69771,0.682637,1505.0,1220.53,0
1.25338826,44.7,3.828,0.006236,1651.0,1750.61,0
1.620813697,121320.0,5.9968,0.341926,1733.0,2127.67,0
5.2434664,119.4,18.47,0.033836,831.0,113.05,0
5.2439542,143.8,9.82,0.010715,778.0,86.51,0
5.2441517,90.1,9.69,0.009001,1056.0,293.68,0
5.2443332,29.9,11.268,0.005478,1054.0,291.25,0
20.726069913,118860.0,6.47393,0.52694,657.0,43.93,0
0.566801447,16.2,2.352,0.003854,2633.0,11321.32,0
0.566794934,68.9,4.399,0.010029,2457.0,8648.94,0
0.566800287,73.9,3.487,0.008292,2260.0,6188.18,0
0.566791946,125.7,2.77,0.014498,2160.0,5129.25,0
0.566790294,64.0,3.641,0.00744,2432.0,8244.38,0
0.566799725,46.7,4.097,0.006244,2289.0,6460.25,0
0.566801325,92.1,4.176,0.009594,2383.0,7585.82,0
14.854415674,77410.0,5.13753,0.266744,798.0,95.83,0
38.47674409,173170.0,5.10744,0.391811,463.0,10.85,0
10.643110689,316.3,88.1118,0.197178,1038.0,274.67,0
1.587485742,246570.0,7.7489,0.463146,1460.0,1070.86,0
1.79621807,47.0,10.16,0.006736,2480.0,8937.14,0
20.2594232,82.6,19.27,0.008897,837.0,116.05,0
1.489442254,417900.0,5.51392,0.652608,2328.0,6938.66,0
1.12679793,227.2,12.079,0.229677,1590.0,1514.63,0
0.998217563,87567.0,3.90851,0.462512,2795.0,14421.97,0
0.58640848,61.3,2.616,0.007074,1444.0,1029.91,0
33.46947449,164610.0,11.8874,0.379342,972.0,211.38,0
1.827558898,314680.0,4.72808,0.521493,2178.0,5331.71,0
62.519211,277.6,2.523,0.015325,520.0,17.29,0
349.85525,842.0,5.42,0.027213,251.0,0.94,0
2.488812012,131000.0,5.94523,0.509325,1852.0,2776.19,0
0.51811818,99.0,0.3969,0.010742,2360.0,7376.27,0
542.52829,75.2,11.06,0.008055,266.0,1.19,0
11.567974732,416030.0,5.96595,0.645094,628.0,36.66,0
21.294733865,123180.0,7.60143,0.51272,771.0,83.71,0
0.855763492,131660.0,3.64361,0.502932,2464.0,8674.28,0
2.045166206,263640.0,6.84312,0.563641,2422.0,8125.86,0
2.41349123,57.0,11.29,0.007435,2348.0,7197.15,0
0.447820618,58.3,0.4199,0.008071,3141.0,23149.06,0
1.23133063,78.9,3.7,0.007778,1072.0,311.53,0
0.61566096,13.9,2.669,0.003453,3459.0,33790.36,0
1.23140522,51.3,3.338,0.006601,1756.0,2252.47,0
31.9714488,42.9,8.52,0.006036,674.0,48.92,0
9.762550001,41580.0,4.87531,0.323684,1375.0,843.46,0
2.521265,36.5,2.69,0.005681,2049.0,4175.66,0
5.674353343,36484.0,4.17722,0.441436,1053.0,290.75,0
0.734426335,99056.0,2.7415,0.472261,2106.0,4660.36,0
0.734426409,94.1,1.569,0.008968,2223.0,5800.4,0
13.782522208,248940.0,8.27762,0.573586,605.0,31.69,0
1.89121656,66.8,5.14,0.007594,1434.0,997.34,0
3.693702974,25208.0,3.37146,0.410287,1453.0,1054.1,0
10.265613245,150460.0,5.67553,0.395421,1000.0,236.6,0
2.163569702,54518.0,7.60963,0.456473,1996.0,3760.06,0
0.730956716,27.8,2.097,0.004837,2192.0,5431.8,0
7.04715073,282.5,1.434,0.015515,932.0,178.49,0
7.047106212,69626.0,3.16223,0.472034,1846.0,2744.25,0
0.961292561,325530.0,4.64294,0.603654,2344.0,7160.97,0
63.68192888,341720.0,12.6047,0.620771,486.0,13.15,0
9.455586047,115170.0,8.42272,0.385464,1972.0,3576.17,0
1.246585716,406770.0,4.62051,0.629216,1992.0,3709.26,0
0.898932836,61.1,2.437,0.007386,2489.0,9056.7,0
3.45423296,149.8,2.965,0.01372,743.0,71.74,0
7.304451735,143630.0,4.09326,0.600525,931.0,177.19,0
1.181046137,52609.0,2.6923,0.499951,1389.0,878.27,0
2.025580416,44998.0,4.48448,0.198938,2102.0,4618.62,0
58.64379,182.1,24.44,0.012463,437.0,8.59,0
20.28281916,2797.5,36.048,0.051985,1141.0,401.55,0
4.931365987,255950.0,14.7088,0.564869,1755.0,2239.55,0
4.331392455,200400.0,3.7278,0.416305,1051.0,288.51,0
345.1846728,29989.0,6.5468,0.423538,257.0,1.03,0
9.58405667,119630.0,6.82752,0.401178,1212.0,510.85,0
5.2436612,88.3,11.39,0.008818,1249.0,574.76,0
3.7789374,56.0,10.767,0.007244,860.0,129.06,0
1.88984957,249670.0,19.45,0.934191,1221.0,526.5,0
2.49904083,128.2,2.651,0.010208,1258.0,592.18,0
1.99567242,18.0,3.58,0.004048,2137.0,4939.44,0
0.89879279,26.6,1.031,0.004794,2116.0,4765.1,0
16.434352831,45700.0,5.15682,0.203868,789.0,91.8,0
0.566793818,100.3,4.929,0.012949,2027.0,3972.65,0
0.566797474,98.8,2.708,0.009444,2270.0,6276.39,0
1.585673651,44116.0,3.20763,0.451432,1648.0,1740.78,0
14.797219157,252700.0,7.61037,0.469276,787.0,90.8,0
6.49066214,195090.0,3.47128,0.544206,621.0,35.28,0
7.11879848,107660.0,4.11282,0.500012,819.0,106.52,0
6.99510404,71.8,1.7556,0.00864,7492.0,744614.96,0
2.897829967,163090.0,3.17788,0.462121,1454.0,1054.79,0
0.706428634,372130.0,1.75182,0.592721,1416.0,951.77,0
10.8632531,188.2,37.68,0.199678,802.0,98.04,0
1.46842648,151000.0,6.6666,0.384842,1559.0,1402.93,0
4.305917719,361390.0,5.61993,0.631344,1266.0,607.76,0
2.535389624,418.1,2.902,0.210692,1113.0,362.73,0
1.627538928,39.0,5.583,0.006234,2520.0,9504.13,0
1.506503686,477100.0,5.02151,0.693626,3250.0,26341.29,0
1.679585725,101790.0,7.34648,0.479255,970.0,209.45,0
5.40346248,261350.0,7.6494,0.500633,1559.0,1398.38,0
0.824851807,30099.0,1.93637,0.43188,2539.0,9801.46,0
0.82484293,618.6,1.383,0.021646,8138.0,1040816.86,0
4.4473549,203.6,18.99,0.018208,954.0,195.56,0
7.51509713,187.1,2.62,0.016144,685.0,51.99,0
7.51514595,117460.0,3.54486,0.421893,842.0,118.99,0
19.230038188,266180.0,7.04412,0.585781,1361.0,810.65,0
21.120005744,13054.0,2.05573,0.178782,880.0,141.75,0
0.82206761,26190.0,3.8281,0.434803,2941.0,17747.85,0
45.035589512,404840.0,9.8341,0.654471,600.0,30.66,0
3.10197712,124.6,7.083,0.013463,2246.0,6009.05,0
2.618414643,200860.0,4.99923,0.424042,2582.0,10502.8,0
2.61844178,45.1,3.203,0.006019,2033.0,4044.74,0
19.407958161,142060.0,6.09676,0.515255,633.0,37.92,0
0.933747375,198.9,5.974,0.079873,2003.0,3820.18,0
37.910213899,103470.0,3.11152,0.481581,358.0,3.89,0
3.74785307,145.9,3.444,0.010754,2440.0,8389.62,0
3.747835042,188920.0,5.28519,0.423361,2697.0,12482.82,0
0.94754848,11348.0,1.7347,10.292369,622.0,35.37,0
1.75643185,51.6,2.397,0.006544,1366.0,821.36,0
1.756466865,188220.0,4.7781,0.546314,1831.0,2652.65,0
33.159475806,222170.0,9.01353,0.563821,1068.0,307.53,0
46.14869106,349630.0,19.092,0.540476,647.0,41.46,0
60.2976774,315890.0,14.2561,0.595809,481.0,12.63,0
1.703347524,504410.0,3.3039,0.673033,1202.0,495.27,0
1.70332915,98.5,1.663,0.00913,1420.0,965.03,0
20.413812,496.4,5.806,0.182913,586.0,27.84,0
67.41958542,182170.0,7.645,0.470832,470.0,11.48,0
7.363572395,129700.0,5.7545,0.4993,1287.0,649.25,0
33.693201537,508770.0,7.44219,0.701428,518.0,17.07,0
1.120997701,145.6,11.243,0.125844,3992.0,60096.61,0
1.874967748,31526.0,10.0159,0.189363,4440.0,91765.97,0
2.40440112,27.1,5.49,0.005036,1172.0,447.52,0
21.926779,198.6,10.05,0.013288,618.0,34.52,0
25.706001174,464960.0,10.969,0.680543,579.0,26.55,0
501.90703,306.9,12.43,0.016146,254.0,0.99,0
3.115304946,149520.0,4.88748,0.519442,1404.0,918.39,0
12.422524,33.9,13.55,0.005564,1107.0,354.37,0
12.4269264,126.6,21.826,0.010086,906.0,159.5,0
12.4261809,92.2,29.09,0.012023,976.0,214.85,0
0.61810542,12264.0,6.666,0.381399,1994.0,3735.52,0
1.06995136,54.8,1.322,0.006786,1991.0,3730.45,0
2.158398259,93038.0,8.1633,0.475393,1829.0,2649.52,0
359.534371,5732.0,24.205,99.870651,491.0,13.7,0
534.86668,565.0,8.19,0.021978,328.0,2.74,0
1.39797542,43.2,9.06,0.005868,1316.0,709.8,0
2.2127498,22.7,3.054,0.004418,1801.0,2494.14,0
0.776976021,21245.0,1.95401,0.423201,2083.0,4459.03,0
2.25353739,182830.0,5.74622,0.532513,2056.0,4215.56,0
17.99646148,62755.0,4.65638,0.466023,1004.0,240.38,0
1.386249249,47188.0,2.99104,0.451558,2137.0,4939.8,0
0.53482911,704.0,0.996,0.024733,753.0,75.82,0
0.566799833,198.0,5.543,0.014788,1900.0,3084.6,0
0.566795728,18.9,2.79,0.004206,2755.0,13656.59,0
14.665759784,336980.0,3.65814,0.613898,712.0,60.89,0
0.566780836,60.9,4.937,0.007115,2204.0,5608.62,0
15.44605962,330910.0,4.5963,0.540318,701.0,57.04,0
1.790518325,61542.0,3.34624,0.241853,1850.0,2761.65,0
1.03905082,43.8,3.035,0.006234,2297.0,6581.45,0
0.503201954,43.0,0.167,0.011873,3550.0,37526.28,0
7.140373046,205260.0,7.07032,0.422933,1132.0,388.56,0
53.647084859,219100.0,19.9499,0.441986,753.0,75.91,0
2.496328637,20527.0,2.73115,0.393185,2317.0,6804.42,0
16.31328124,71589.0,4.45731,0.280835,747.0,73.51,0
1.721313779,534620.0,3.54768,0.714233,1627.0,1658.35,0
1.50650745,27.8,2.622,0.00513,2498.0,9242.43,0
8.209514329,141390.0,4.14104,0.648608,1371.0,834.79,0
3.431126546,40248.0,2.7986,0.448692,1251.0,580.05,0
1.583334941,177070.0,4.4854,0.499713,1548.0,1362.14,0
8.429438192,456350.0,3.94306,0.666432,582.0,27.16,0
7.9320191,125.1,8.18,0.010552,811.0,102.05,0
1.374249107,136660.0,5.3181,0.418151,2725.0,13078.76,0
8.4804737,337.0,6.157,0.016967,930.0,176.51,0
4.994773558,259760.0,4.48893,0.486133,1264.0,604.21,0
1.105094098,730500.0,4.38191,0.837206,3771.0,47811.67,0
0.8170226,167700.0,2.974,0.527086,1947.0,3416.07,0
19.40669392,464520.0,5.27765,0.682386,597.0,30.05,0
7.143708297,202680.0,5.83451,0.413415,943.0,187.0,0
0.952377862,2122.3,4.0869,0.301758,1713.0,2023.36,0
3.521050679,4879.8,3.5323,0.354453,2434.0,8306.9,0
1.941635737,69814.0,2.46683,0.470993,1728.0,2109.03,0
0.539445498,25302.0,2.2821,0.43179,2959.0,18153.51,0
20.7106853,1003.0,42.737,0.283951,1246.0,570.64,0
2.521245368,418380.0,4.24027,0.606844,1241.0,560.57,0
2.52122764,127.3,2.249,0.010318,1177.0,453.48,0
2.5212708,163.3,2.706,0.011675,1003.0,238.81,0
8.202869679,345940.0,7.29811,0.615641,1190.0,474.09,0
3.442714533,60039.0,3.36034,0.500122,1157.0,423.13,0
475.91706,967.3,22.86,0.257403,221.0,0.56,0
0.858285844,43.4,1.799,0.006091,2274.0,6321.2,0
6.238315363,82.9,2.501,0.008903,746.0,73.27,0
2.115510941,415160.0,7.2877,0.664481,2701.0,12609.03,0
1.015044104,158.2,10.994,0.016126,1979.0,3627.61,0
3.711013336,24989.0,3.31024,0.409001,1436.0,1003.75,0
2.97606298,72.2,4.124,0.007754,2615.0,11065.06,0
2.97586085,105.9,4.513,0.009317,1135.0,392.05,0
14.658013949,129640.0,3.03316,0.684799,855.0,126.35,0
18.839487435,182720.0,5.62797,0.40426,734.0,68.54,0
0.555973803,75.3,1.271,0.008239,3049.0,20544.64,0
4.426344495,276140.0,5.84235,0.584886,1316.0,709.74,0
0.957823876,104690.0,3.7232,0.4996,2649.0,11612.14,0
5.024768971,53046.0,3.82433,0.390263,1159.0,425.9,0
30.960216668,340410.0,15.4308,0.613905,527.0,18.3,0
2.470283788,193830.0,7.8391,0.540267,2657.0,11792.22,0
1.23516416,64.6,4.713,0.007809,1866.0,2861.14,0
1.23513471,42.8,5.44,0.006415,1743.0,2172.96,0
0.8903331,134.1,2.643,0.010448,5714.0,251387.46,0
20.000242814,13138.0,5.0042,0.188658,746.0,73.09,0
10.217121652,205220.0,4.35647,0.550517,994.0,230.53,0
0.618060842,25.1,1.892,0.005856,1854.0,2791.09,0
0.759764419,393270.0,5.72501,0.664601,2715.0,12833.03,0
21.539269242,143750.0,5.32432,0.520189,674.0,48.89,0
5.270733213,293640.0,2.7822,0.512254,693.0,54.59,0
12.4232158,261.5,17.67,0.014676,685.0,51.91,0
4.3206933,147.9,50.68,0.014734,1205.0,499.09,0
16.486796364,48943.0,7.06797,0.20488,1053.0,290.46,0
5.7768734,71.0,5.762,0.013266,1399.0,905.0,0
20.148807707,526950.0,8.52557,0.683496,631.0,37.55,0
0.687772143,40368.0,2.56725,0.454182,2097.0,4569.67,0
0.843651274,305450.0,2.80468,0.526784,1553.0,1371.12,0
1.142946648,412550.0,3.40234,0.655143,1293.0,660.96,0
7.217010987,78714.0,4.4215,0.678383,1096.0,341.36,0
9.72869627,252.2,5.628,0.287894,1126.0,379.75,0
0.566791802,49.3,2.2,0.006819,2040.0,4113.39,0
2.245738777,483490.0,8.61629,0.691322,1737.0,2156.25,0
2.24572117,48.2,3.88,0.006627,1479.0,1131.64,0
0.566801906,89.7,1.626,0.008589,1344.0,774.11,0
2.316171991,251480.0,4.03025,0.570473,1288.0,651.03,0
0.566810701,200.0,6.19,0.018177,1921.0,3220.92,0
0.566813319,129.1,3.752,0.206142,2313.0,6742.52,0
28.787257509,49618.0,13.953,0.209933,971.0,210.02,0
0.835315046,16876.0,2.45449,0.405309,1490.0,1160.98,0
26.0164225,41109.0,4.1768,0.4367,755.0,76.63,0
593.19521,227.3,25.65,0.014455,234.0,0.71,0
0.706430188,50.8,1.301,0.006559,1473.0,1116.9,0
0.78430061,254.7,2.952,0.015394,1566.0,1416.91,0
2.665875491,161390.0,7.59461,0.532779,1502.0,1199.89,0
2.6658312,40.8,5.771,0.006683,1663.0,1807.48,0
1.5765874,29.2,15.18,0.045763,2946.0,17781.51,0
28.027891356,243230.0,17.3269,0.526828,440.0,8.86,0
2.028512246,121560.0,5.00309,0.449196,1542.0,1333.24,0
1.33256167,59.5,3.743,0.006993,1326.0,727.84,0
1.332567821,31.0,3.4844,0.005219,2395.0,7802.17,0
1.332545609,278.2,3.997,0.015757,5080.0,157611.61,0
1.33256256,174.9,3.088,0.011665,4529.0,99175.88,0
1.33258981,78.4,3.987,0.007995,1369.0,832.33,0
1.33258375,60.9,4.081,0.007733,1727.0,2096.92,0
8.9648813,454.5,61.23,0.228932,1040.0,276.3,0
2.161583501,50163.0,4.0537,0.22245,1646.0,1741.01,0
8.7396758,1431.0,3.866,0.047917,577.0,26.17,1
0.535493486,54.0,2.57,0.00696,3181.0,24045.87,0
24.261683827,192280.0,7.1617,0.544813,659.0,44.55,0
32.532521502,83468.0,13.3991,0.266068,535.0,19.39,0
4.627775175,5675.1,3.4079,0.34182,1039.0,275.68,0
28.7850347,102.9,2.102,0.009443,993.0,229.66,0
6.096030635,901660.0,18.4531,1.384397,1925.0,3246.2,0
31.953038766,17703.0,8.0461,0.160651,864.0,131.55,0
5.9371708,157.1,4.954,0.011641,945.0,188.41,0
0.577844035,320.4,4.291,0.212412,1980.0,3647.63,0
2.630090609,516930.0,13.6817,0.69015,1551.0,1371.02,0
43.204596783,202490.0,15.0402,0.423955,519.0,17.15,0
1.75147897,76.7,7.89,0.008101,2340.0,7086.5,0
3.495457889,114620.0,6.9796,0.496613,2051.0,4186.71,0
4.01668015,38007.0,2.2828,0.255027,1016.0,252.13,0
1.89134156,68.4,5.891,0.008174,1673.0,1856.23,0
2.881100027,662830.0,9.43866,1.213101,2946.0,17809.19,0
0.806277023,70.8,7.275,0.008208,2046.0,4119.09,0
0.513482156,91.6,2.732,0.008629,2072.0,4335.56,0
225.66716,342.9,16.6,0.017177,331.0,2.82,0
4.24748886,121.0,3.053,0.010053,1079.0,319.94,0
1.000012952,36.0,1.221,0.005392,2858.0,15781.19,0
0.878803439,410720.0,2.74503,0.645784,1347.0,775.9,0
1.560158562,240160.0,3.4248,0.561344,1223.0,530.79,0
34.188302705,118440.0,3.01179,0.507247,660.0,44.91,0
8.65303996,497.0,1.091,0.020507,764.0,80.51,0
8.65311903,206.8,1.273,0.014108,493.0,13.95,0
12.4253812,115.3,19.781,0.009789,823.0,108.46,0
12.42555999,2964.8,28.083,0.061347,599.0,30.49,0
12.4257442,936.0,29.122,0.035212,1551.0,1369.63,0
12.4254241,378.9,24.98,0.022225,755.0,76.9,0
2.991884392,123880.0,7.5583,0.335774,1486.0,1154.88,0
1.795273026,125420.0,7.3232,0.500082,1642.0,1714.88,0
0.755109271,23.2,2.619,0.004451,1961.0,3494.52,0
0.755101141,76.7,3.371,0.008231,680.0,50.92,0
1.75251585,125.9,3.489,0.011095,1447.0,1035.27,0
1.752450163,55.5,3.0255,0.00734,1552.0,1372.36,0
8.27923132,164.9,2.355,0.011679,815.0,104.49,0
2.212877035,376200.0,4.66961,0.633509,1507.0,1221.98,0
0.845097627,86.5,1.873,0.009161,1584.0,1496.92,0
17.445640466,334160.0,6.08966,0.614952,682.0,51.15,0
14.313157391,21567.0,8.90236,0.134636,1144.0,404.48,0
0.676990194,20506.0,1.69459,0.420848,1919.0,3192.15,0
0.515875396,1773.0,1.21,0.047936,3189.0,24441.1,0
2.83401711,84.2,5.938,0.00849,1381.0,859.57,0
0.566803996,141.6,3.399,0.010722,1350.0,786.1,0
0.566799927,145.1,4.71,0.010897,1649.0,1738.27,0
0.566786121,81.8,3.404,0.008583,1984.0,3678.65,0
0.56679797,72.6,4.503,0.00764,1799.0,2467.38,0
0.566802891,49.2,1.861,0.006762,3111.0,22107.66,0
1.01884975,30.9,3.233,0.005142,1754.0,2238.64,0
32.440339204,287600.0,4.50984,0.586321,448.0,9.52,0
0.552141897,105.6,4.985,0.101732,2206.0,5602.43,0
2.62387291,232470.0,4.61248,0.465605,1790.0,2430.91,0
0.75509861,60334.0,2.6423,0.458574,2359.0,7285.15,0
3.671661096,129240.0,4.29947,0.499517,1967.0,3539.43,0
22.673145675,65411.0,6.6324,0.245552,684.0,51.67,0
0.50948306,74.6,3.14,0.008052,3024.0,19778.63,0
17.329965871,252720.0,8.43812,0.570845,548.0,21.34,0
1.890227354,112260.0,3.855,0.493645,1236.0,551.66,0
1.387206724,151430.0,3.82527,0.5,2619.0,11126.98,0
1.38718209,45.5,2.595,0.006227,1707.0,2011.41,0
35.026564845,120250.0,2.90121,0.39437,489.0,13.56,0
3.138580493,233340.0,4.16343,0.500905,1281.0,635.61,0
581.0723,1364.2,15.81,87.751617,639.0,39.36,0
3.50474265,88625.0,8.2852,0.498009,2689.0,12355.55,0
2.14344093,133320.0,3.9741,0.375283,1033.0,269.48,0
9.058487716,127970.0,4.14334,0.327827,547.0,21.15,0
2.856085147,173840.0,4.5776,0.531206,1739.0,2164.0,0
0.876941133,73.5,1.296,0.007986,1938.0,3332.14,0
39.238141571,439210.0,6.07183,0.674816,656.0,43.69,0
53.7406575,116720.0,47.2475,0.316079,398.0,5.93,0
7.436016459,106530.0,4.16284,0.308055,968.0,207.61,0
0.750737313,38.8,1.712,0.005752,1603.0,1558.69,0
14.361021578,459880.0,13.2895,0.629284,594.0,29.44,0
2.570431263,76826.0,5.49699,0.473278,1411.0,936.9,0
6.64024496,224330.0,6.03491,0.560736,1114.0,364.44,0
14.844240386,83412.0,6.83577,0.26853,810.0,101.98,0
4.42158021,61032.0,10.4532,0.499778,2565.0,10243.23,0
25.321698729,119590.0,4.45367,0.50385,655.0,43.39,0
37.878483588,222230.0,10.5972,0.56077,503.0,15.19,0
10.116144515,58144.0,2.70314,0.303606,549.0,21.56,0
0.684496369,28.4,2.263,0.004997,2913.0,17099.5,0
1.953285321,1520.3,1.67598,0.353327,2927.0,17363.68,0
1.012174295,323030.0,4.6617,0.610513,2737.0,13215.77,0
346.36642,148.2,14.94,0.011407,314.0,2.3,0
0.892061734,75590.0,2.24307,0.50075,1724.0,2090.54,0
3.471399214,92285.0,5.07707,0.485917,1558.0,1390.76,0
4.176929219,70355.0,5.2003,0.405528,938.0,183.08,0
0.823014905,850.5,3.5426,0.280392,1482.0,1136.75,0
0.796815149,55.9,1.0727,0.006943,5480.0,212663.45,0
26.951237675,86749.0,8.27486,0.487824,1082.0,324.38,0
18.11208877,116630.0,6.7828,0.513822,1068.0,307.27,0
4.408295716,37964.0,3.62479,0.439752,942.0,186.23,0
8.665259912,1840.6,3.1088,0.315913,1378.0,852.84,0
4.726086185,181820.0,4.39793,0.439064,1032.0,267.96,0
8.643550046,67299.0,3.1273,0.468421,779.0,87.16,0
1.51945182,13.7,2.95,0.003534,1901.0,3080.82,0
0.759755409,70.0,2.734,0.007807,2121.0,4773.08,0
5.082523739,276280.0,5.04732,0.494921,1266.0,606.33,0
1.02547271,27.0,1.996,0.005034,2657.0,11800.82,0
1.025465924,152680.0,3.71841,0.519578,2710.0,12744.17,0
74.985292949,105350.0,6.23451,0.495271,425.0,7.69,0
25.762056721,447720.0,14.8694,0.667642,604.0,31.48,0
1.195516859,513810.0,6.17216,0.691753,1715.0,2045.19,0
1.995728294,251880.0,6.43532,0.480699,1409.0,928.82,0
10.768391927,107380.0,12.5252,0.294295,970.0,209.25,0
0.733724504,45.9,2.208,0.006287,2601.0,10830.96,0
5.08840787,386680.0,4.77204,0.640248,937.0,181.75,0
18.527824075,76231.0,5.88678,0.255131,1080.0,322.19,0
12.155241119,85532.0,6.84353,0.340205,788.0,91.2,0
4.48559215,2265.0,0.8161,0.04497,365.0,4.2,1
0.566789763,25.4,4.008,0.004848,1984.0,3662.84,0
0.566811926,82.6,4.181,0.008837,2293.0,6584.06,0
2.525386934,124880.0,3.71613,0.499372,1701.0,1982.55,0
0.566801506,29.5,1.738,0.005078,2557.0,10156.53,0
0.566803738,100.6,1.8481,0.009761,2450.0,8516.13,0
1.69421771,91.1,4.161,0.009417,1274.0,621.89,0
2.739477089,32096.0,3.18229,0.437751,1475.0,1120.19,0
1.307761491,13941.0,2.22271,0.396962,1298.0,671.75,0
4.028671454,113970.0,8.12253,0.314179,1492.0,1169.87,0
2.30118753,87537.0,7.8216,0.484238,2783.0,14194.09,0
0.449249224,419440.0,4.7565,0.675588,2941.0,17801.78,0
0.687004402,93.7,3.829,0.009437,3535.0,36888.8,0
0.91839938,152.1,4.479,0.011479,1558.0,1389.28,0
0.94356284,13.4,5.721,0.003499,3176.0,23945.42,0
2.243569483,66328.0,4.14769,0.241376,1364.0,817.05,0
8.258181993,311860.0,3.9122,0.600079,809.0,101.33,0
1.81139053,77.5,8.64,0.145429,1466.0,1092.69,0
7.09520543,232680.0,3.69044,0.591183,813.0,103.28,0
0.651731691,20524.0,2.4602,0.447326,2604.0,10815.86,0
0.50818743,54.9,3.433,0.007416,3274.0,27312.92,0
40.069674617,41865.0,9.3564,0.207722,588.0,28.2,0
55.884827,497.6,2.283,0.02222,438.0,8.7,0
3.75938475,133.1,1.188,0.01077,1677.0,1868.97,0
10.6840477,81901.0,3.515,0.462694,444.0,9.21,0
10.67459836,16676.0,3.82706,0.42291,1083.0,325.55,0
2.305097141,5880.0,1.9378,0.375137,2753.0,13581.41,0
0.974477904,8846.9,2.69834,0.377415,5205.0,172916.96,0
18.525917446,455660.0,5.9056,0.665088,618.0,34.58,0
0.502454299,37454.0,2.31547,0.44673,2336.0,7025.25,0
27.308150159,388000.0,4.43906,0.583164,523.0,17.75,0
1.262742487,15911.0,1.7433,0.390852,2548.0,9925.41,0
1.222127938,2486.5,2.2613,0.319159,1470.0,1107.41,0
8.627475562,36784.0,4.65505,0.424975,1446.0,1031.92,0
0.589753355,216.0,0.606,0.013925,1760.0,2262.14,0
2.751566365,72609.0,5.2403,0.457086,1171.0,445.35,0
0.760935268,370600.0,2.77023,0.639362,1285.0,640.66,0
1.33258772,70.8,5.187,0.008054,1825.0,2625.26,0
1.353414369,610.2,13.416,0.230713,3617.0,40561.5,0
2.9590637,23.6,28.81,0.004506,1564.0,1415.74,0
1.806631432,217.5,1.102,0.013818,1059.0,297.98,0
15.066491533,106050.0,6.2852,0.498785,932.0,177.96,0
1.831829703,40509.0,7.289,0.207158,2078.0,4410.65,0
0.738527259,422.9,1.2174,0.194328,2978.0,18549.81,0
0.89627093,66994.0,2.2033,0.462389,1733.0,2129.33,0
1.06100327,95.9,1.675,0.008961,1793.0,2443.69,0
0.922030594,13859.0,4.367,0.394152,2194.0,5474.27,0
611.09299,270.0,15.22,0.0151,215.0,0.51,0
24.714790706,208730.0,5.06776,0.552011,901.0,155.67,0
1.161947482,129900.0,4.46886,0.431738,2174.0,5300.4,0
0.607191908,17369.0,1.30166,0.169749,1759.0,2251.28,0
2.2502073,260.1,2.203,0.014278,3637.0,41377.92,0
0.648775795,108820.0,4.34648,0.490732,1714.0,2038.54,0
4.132521615,156250.0,12.4949,0.521136,1628.0,1660.29,0
410.88527,2059.6,24.1,99.230606,774.0,84.63,0
0.938905082,358890.0,5.00453,0.627086,4281.0,79148.54,0
0.93891532,39.1,2.134,0.005777,2667.0,11944.88,0
16.294213708,174010.0,6.01687,0.413232,929.0,176.22,0
11.02520205,429760.0,12.8097,0.653041,1294.0,663.18,0
10.819169459,437140.0,5.50262,0.626194,850.0,123.51,0
2.680514453,195750.0,3.21178,0.415869,1431.0,989.89,0
1.053573674,3063.0,1.70116,0.37184,4319.0,81969.77,0
0.970085646,153.0,1.129,0.010926,5119.0,162048.58,0
63.52017525,32548.0,17.1759,0.163049,745.0,72.92,0
11.300987626,325700.0,10.5199,0.614184,1019.0,254.84,0
2.182515126,114930.0,6.8413,0.499998,2703.0,12627.67,0
2.659418888,305230.0,6.98414,0.604473,1352.0,789.69,0
2.31610674,33.6,3.347,0.005385,1559.0,1393.98,0
0.948683571,150.9,1.676,0.011996,1665.0,1815.32,0
1.65546056,125.1,3.52,0.010068,1331.0,743.75,0
1.655472351,174200.0,5.09197,0.528324,2546.0,9914.08,0
1.759276227,32091.0,3.19585,0.303185,1861.0,2828.82,0
1.09206792,105.9,1.646,0.009335,1320.0,715.46,0
1.613014741,152120.0,4.39594,0.518451,3145.0,23173.2,0
6.2089181,1664.0,2.292,0.039866,1378.0,853.5,0
0.77996263,25.7,3.369,0.004639,2607.0,10919.82,0
18.646323091,231000.0,8.853,0.561645,1194.0,480.54,0
3.6673005,144.9,3.373,0.010864,627.0,36.42,0
3.044771557,487820.0,11.0593,0.67147,2816.0,14849.39,0
0.773144492,215960.0,4.05643,0.513647,2860.0,15791.97,0
2.66811113,48.3,22.49,0.008982,1792.0,2439.28,0
50.440285363,85309.0,12.2001,0.286534,673.0,48.36,0
3.255385289,158910.0,5.9498,0.381164,1236.0,550.68,0
7.4185369,14.7,1.451,0.003608,1963.0,3511.86,0
15.68434493,791.6,44.463,0.235036,1136.0,393.14,0
5.357409918,199160.0,4.28582,0.552263,1492.0,1172.13,0
1.400991827,64104.0,4.8798,0.467084,2468.0,8795.37,0
1.34062901,69.5,3.076,0.007869,1678.0,1876.57,0
7.448375935,152670.0,4.23892,0.362978,871.0,136.18,0
0.533628226,81.8,5.772,0.010118,3885.0,53849.23,0
0.678137665,885.0,1.00718,0.295257,2274.0,6364.7,0
2.069415479,16188.0,5.71941,0.406208,1768.0,2310.53,0
8.04963472,279650.0,6.00488,0.591862,1247.0,571.1,0
11.578946873,299740.0,4.6373,0.526691,869.0,134.91,0
1.47258471,224010.0,4.76885,0.557638,2705.0,12617.53,0
4.446459958,5663.8,2.558,0.370753,1030.0,265.42,0
8.207257515,391300.0,4.23835,0.690404,650.0,42.1,0
498.68845,548.3,17.88,0.021483,246.0,0.87,0
1.22775105,327.6,1.602,0.01632,1094.0,340.64,0
7.214721393,46802.0,2.36464,0.278534,630.0,37.12,0
8.15275885,16536.0,1.746,0.118356,305.0,2.03,1
3.18740907,137.5,6.19,0.010375,919.0,168.43,0
0.962815183,20.7,2.581,0.004208,3152.0,23331.88,0
0.696290095,120.5,3.839,0.133357,1969.0,3537.89,0
0.62240698,155.8,1.186,0.011583,2663.0,11894.49,0
24.09002065,6782.2,11.0494,0.106918,551.0,21.85,0
4.4158933,191.1,1.155,0.012682,1138.0,395.82,0
2.666961614,7583.4,2.4774,0.382477,1469.0,1104.26,0
1.17430183,64.5,9.587,0.009493,3020.0,19656.66,0
15.039464523,66877.0,5.39796,0.402008,877.0,139.95,0
3.693951168,28290.0,2.2534,0.21699,1148.0,411.07,0
1.05680287,82.3,5.748,0.008547,1633.0,1686.88,0
0.787122102,596.8,3.0999,0.237891,1655.0,1775.05,0
2.15045295,169.1,4.453,0.011745,4340.0,83894.63,0
0.561524348,34.1,3.336,0.005486,2050.0,4173.47,0
1.21607873,29.4,4.686,0.007028,2803.0,14545.24,0
38.49536985,93327.0,12.8716,0.485566,824.0,109.13,0
4.18224416,57.2,6.209,0.009845,1206.0,500.7,0
0.643002821,2671.5,1.02608,0.325502,2188.0,5409.39,0
1.95119541,59.7,1.907,0.006913,1050.0,287.41,0
53.220416998,72895.0,17.7344,0.24583,655.0,43.63,0
2.264471713,187430.0,7.1803,0.533774,2103.0,4637.68,0
18.3602239,574.6,2.352,0.021847,637.0,38.9,0
281.509095,5948.7,40.963,0.073347,685.0,52.05,0
3.258249472,1643.5,2.6358,0.307288,2057.0,4234.38,0
552.8295063,266300.0,16.0851,0.560775,229.0,0.65,0
0.773595312,93.0,0.781,0.009365,1976.0,3613.97,0
533.6593,533.5,12.81,0.020985,205.0,0.42,0
44.827323809,237120.0,6.86103,1.198089,779.0,87.2,0
7.535894184,172130.0,8.3059,0.420242,642.0,40.28,0
0.562498925,420.1,0.6743,0.02826,2129.0,4880.5,0
0.755049082,26068.0,2.09643,0.448547,1551.0,1372.84,0
1.012694226,108500.0,3.6017,0.315745,2230.0,5846.79,0
10.303356001,520070.0,5.98633,0.708788,787.0,90.76,0
2.214029545,349110.0,5.64264,0.565458,1894.0,3041.8,0
2.441988077,95344.0,3.94526,0.402021,1993.0,3721.74,0
2.44200193,128.6,3.146,0.01026,1217.0,518.48,0
384.847556,189.9,9.969,0.012491,220.0,0.56,1
2.131225773,2337.1,5.4932,0.317796,1555.0,1382.47,0
1.219736039,611520.0,4.89465,0.757593,2611.0,10982.55,0
2.015152464,561690.0,8.17997,0.73335,2107.0,4657.05,0
0.82820657,118530.0,2.70353,0.498721,1473.0,1109.75,0
2.537081943,245320.0,4.80903,0.475456,1712.0,2032.57,0
14.443127448,41685.0,8.33598,0.308855,1182.0,462.07,0
5.61386908,57386.0,5.07753,0.442281,714.0,61.43,0
9.080194398,324570.0,8.18777,0.618569,1013.0,248.49,0
9.93442075,55965.0,7.8219,0.465854,679.0,50.35,0
2.071939672,198770.0,4.45367,0.552408,1696.0,1953.33,0
8.5893644,179.3,6.975,0.013549,792.0,93.09,0
8.589644815,269520.0,9.49469,0.58465,1412.0,940.15,0
1.009671584,155120.0,4.37759,0.511844,3287.0,27692.04,0
1.260575815,154280.0,2.36064,0.383122,1410.0,935.7,0
1.88912273,60.2,4.219,0.007221,1248.0,573.44,0
0.609125246,139.2,0.655,0.011036,1896.0,3049.07,0
1.566528935,92511.0,3.2593,0.502466,1551.0,1371.7,0
4.52977632,1582.2,26.752,0.048667,2264.0,6213.27,0
4.32744048,22.0,4.539,0.004304,1254.0,585.32,0
0.87630504,170.9,1.11,0.219276,1911.0,3156.02,0
15.582794732,52760.0,3.76683,0.234843,397.0,5.86,0
1.529283907,54.8,14.0075,0.009117,2550.0,9998.13,0
2.908454772,64325.0,2.6005,0.489639,1153.0,416.75,0
1.540396094,55123.0,2.8044,0.446999,1576.0,1455.18,0
1.540395674,70615.0,2.80168,0.47064,2850.0,15595.35,0
2.344138713,110.8,0.4495,0.010608,1797.0,2469.65,0
0.91849333,58.7,2.399,0.007106,2205.0,5576.7,0
1.341078755,112150.0,3.86492,0.312477,1968.0,3533.56,0
589.74851,462.4,12.74,0.019913,217.0,0.53,0
235.2976173,23053.0,87.013,0.136377,585.0,27.65,0
36.136968,152.0,15.42,0.011409,600.0,30.69,0
0.933746709,18.6,3.435,0.00399,1893.0,3026.99,0
0.93376738,55.4,4.036,0.007295,1678.0,1879.0,0
0.93374073,147.6,4.296,0.010704,1371.0,831.95,0
0.93369659,81.4,4.444,0.008526,1680.0,1891.43,0
0.9337473,64.6,3.446,0.007434,1625.0,1652.84,0
677.35794,322.4,9.698,0.0185,388.0,5.35,0
4.0551242,148.7,12.0,0.011315,2013.0,3887.31,0
21.6817115,73.5,7.18,0.007929,713.0,60.99,0
466.08101,180.1,23.69,0.012285,305.0,2.05,0
3.796383639,31.1,8.6711,0.005366,1323.0,724.17,0
0.71059239,280.6,4.92,0.019379,3318.0,28640.03,0
3.36379289,136.3,23.7,0.170311,1840.0,2712.28,0
0.907818056,29.5,1.679,0.005001,2012.0,3871.99,0
297.71402,1374.5,13.413,0.038734,706.0,58.76,0
3.87594316,58.6,2.314,0.00694,1081.0,323.21,1
0.93373761,58.7,3.303,0.0069,2073.0,4359.29,0
0.687739345,37.6,0.1866,0.009357,2837.0,15318.29,0
9.524076544,198400.0,10.4891,0.410212,1390.0,882.28,0
11.637858887,427950.0,11.8851,0.666546,895.0,151.54,0
14.5862195,202.2,2.733,0.013035,702.0,57.32,0
0.938074536,575.9,1.9618,0.224211,5718.0,251840.36,0
0.698359996,774.1,1.4959,0.277516,1990.0,3702.25,0
563.94854,872.9,15.631,0.026929,209.0,0.45,0
0.98376204,55.0,10.052,0.02152,4203.0,73867.88,0
2.403704619,110.6,0.8927,0.024505,3903.0,54903.0,0
33.65766894,15380.0,40.787,0.111425,1211.0,508.66,0
0.892988877,85.0,2.4428,0.009042,3285.0,27545.43,0
0.705816203,149.0,5.55,0.145356,2109.0,4650.24,0
374.51648,907420.0,6.088,0.941516,220.0,0.55,0
10.3482112,255.1,2.089,0.014391,724.0,64.97,0
1.7609276,57.3,5.189,0.007102,2860.0,15818.72,0
1.463148937,168.0,11.04,0.080263,2371.0,7470.01,0
374.514471,440520.0,6.629,1.106412,295.0,1.79,0
1.525924746,74.1,1.955,0.007707,3786.0,48691.77,0
1.25383162,12.9,7.68,0.00332,2109.0,4677.63,0
12.82252496,19268.0,18.8,0.136252,915.0,165.54,0
0.648772102,31.1,2.614,0.005062,3758.0,47393.05,0
0.93705132,51.5,4.808,0.007173,5094.0,159426.96,0
451.86579,80.0,13.47,0.008445,464.0,10.97,0
491.52571,457.3,12.43,0.019534,159.0,0.15,0
480.03759,717.4,16.25,0.024293,109.0,0.03,0
0.592618966,91.4,0.811,0.008852,2103.0,4626.58,0
0.532854237,50.9,3.231,0.00685,3042.0,20292.47,0
0.566802672,31.7,3.545,0.005053,2791.0,14458.31,0
0.566796331,114.8,5.194,0.013315,2411.0,7979.99,0
0.566785459,63.8,2.893,0.007606,2280.0,6410.46,0
0.566792936,23.0,2.846,0.004525,3114.0,22251.32,0
0.5668004,93.2,3.813,0.009229,2222.0,5739.87,0
0.566793614,31.4,5.723,0.007232,7584.0,781981.98,0
0.566798676,59.9,2.777,0.007001,2051.0,4160.07,0
0.5667638,64.5,1.73,0.007344,2178.0,5335.09,0
38.51077573,84633.0,38.8558,0.269442,352.0,3.64,0
0.577910513,144.1,1.362,0.011109,2081.0,4429.84,0
0.566807725,31.5,2.16,0.004986,2524.0,9645.51,0
0.566807422,26.1,5.148,0.006672,2680.0,12227.82,0
1.345078434,3025.0,10.19,0.066497,2324.0,6894.58,0
439.1076969,69792.0,26.2259,0.278895,221.0,0.57,0
0.594003994,25.4,5.557,0.004786,4952.0,142174.84,0
2.08802799,70.8,24.017,0.010598,2003.0,3806.17,0
10.4212788,148.0,28.4832,0.163018,1235.0,549.92,0
0.778705577,54.5,6.445,0.177207,4233.0,75864.33,0
4.44709107,40.5,16.79,0.008132,1228.0,537.35,0
293.70696,1575.0,11.03,62.968838,274.0,1.34,0
27.795762425,420330.0,15.5056,0.66033,655.0,43.51,0
20.733748565,417340.0,6.28773,0.656218,661.0,45.06,0
24.238241803,461960.0,4.16665,0.686399,793.0,93.68,0
11.258825027,196280.0,8.9592,0.545292,1080.0,322.25,0
28.162612575,37750.0,3.19576,0.283033,470.0,11.52,0
75.378956896,539180.0,7.70352,0.697893,365.0,4.17,0
9.0584662,61.8,6.376,0.007027,1310.0,695.41,0
342.55315723,192890.0,73.8068,0.535184,738.0,70.22,0
362.747593,132.4,16.45,0.010655,384.0,5.13,0
0.536650344,25.8,2.878,0.005103,3380.0,30860.16,0
328.0485,398.0,13.75,0.018484,292.0,1.72,0
1.72128752,58.5,2.366,0.007136,1415.0,944.49,0
0.784294574,212530.0,4.18831,0.549168,2651.0,11702.6,0
361.51099,235.9,4.868,0.014603,733.0,68.36,0
1.41435861,56.8,2.285,0.006824,1578.0,1458.2,0
0.616343903,161.4,0.7656,0.011757,2513.0,9411.28,0
364.33929,1944.0,13.486,0.050387,228.0,0.64,0
352.710091,1658.0,2.901,0.037835,261.0,1.09,0
33.8938177,205.1,2.012,0.013228,527.0,18.27,0
224.591055,125.2,3.232,0.011205,392.0,5.56,0
374.93999098,235.1,17.0849,0.014694,381.0,4.99,0
24.2783801,714.4,4.564,0.026305,432.0,8.27,1
11.9283194,182.5,6.69,0.01201,632.0,37.8,0
0.603351522,164.1,0.8358,0.012153,3730.0,45493.51,0
31.97280045,2236.4,4.9,0.05335,626.0,36.33,0
8.39140024,134.4,1.193,0.010799,921.0,169.89,0
0.532493086,19.9,2.145,0.004251,4893.0,135046.96,0
0.812678859,39.3,0.841,0.006146,2403.0,7917.14,0
183.836254,1046.2,13.088,0.039532,852.0,124.46,0
5.959695593,151.2,1.8383,0.011755,937.0,182.4,0
452.65206,175.1,19.87,0.012781,345.0,3.33,0
234.66319186,243.5,7.627,0.014339,328.0,2.73,0
351.204993,1257.9,22.414,0.035588,258.0,1.04,0
3.381607,440.6,7.627,0.018065,6037.0,314164.85,0
0.660655454,566.9,7.111,0.126701,2497.0,9210.84,0
145.750554,385.6,13.999,0.017482,748.0,74.07,0
2.17813954,28.6,2.063,0.004946,2073.0,4372.75,0
384.09781,100.1,12.55,0.009146,330.0,2.8,0
0.505322676,77349.0,5.2727,0.461721,2275.0,6291.87,0
333.71634048,420.2,4.8236,0.018814,362.0,4.05,0
322.50741,349.5,20.688,0.020725,257.0,1.03,0
373.8716,382.7,16.78,0.017978,279.0,1.44,0
171.046664,731.0,2.438,0.024557,827.0,110.64,0
0.799868354,4928.8,6.613,0.36032,1816.0,2581.61,0
345.7671,212.7,15.38,0.013475,336.0,3.02,0
350.34114,1363.8,16.97,0.033137,202.0,0.39,0
363.97165,1966.0,5.702,0.440765,231.0,0.68,0
395.23753,1298.0,18.494,0.034486,225.0,0.61,0
385.97241,162.0,12.167,0.011971,325.0,2.65,0
89.667675,1415.0,3.726,0.03388,1364.0,818.91,0
321.02094,592.9,7.51,0.022141,232.0,0.69,0
1.213742728,31.7,3.596,0.005421,2599.0,10804.6,0
366.74866,419.1,12.446,0.019807,281.0,1.48,0
0.93374894,226.2,4.637,0.014217,433.0,8.36,0
0.734548624,58.6,2.207,0.007602,2082.0,4454.22,0
317.99484,719.0,7.28,0.024768,241.0,0.79,0
432.96732,866.0,10.85,0.026088,151.0,0.12,0
614.39054,289.1,9.312,0.015612,269.0,1.24,0
238.561202,260.2,11.9,0.01591,568.0,24.55,0
375.17737,1230.0,20.52,0.032567,264.0,1.15,0
334.87402,387.8,35.42,0.185196,408.0,6.52,0
370.2402,1272.6,31.46,0.277163,270.0,1.26,0
1.6749812,94.0,2.707,0.008621,8986.0,1540745.8,0
288.678554,242.5,9.197,0.015265,172.0,0.21,0
307.94735718,11296.0,15.0,0.157367,492.0,13.83,0
264.63654,431.8,42.77,0.266722,376.0,4.75,0
375.408923,87.3,11.438,0.009063,858.0,128.15,0
2.17812769,61.7,1.645,0.007429,1421.0,963.16,0
0.93378068,72.7,3.706,0.007612,1427.0,985.2,0
0.93373895,39.6,4.156,0.005813,1993.0,3723.37,0
0.93373718,18.9,2.582,0.004037,2097.0,4570.22,0
213.201978,696.9,15.396,0.023276,221.0,0.56,0
77.773042,432.6,2.285,0.019473,955.0,196.5,0
381.782641,367.6,4.52,0.222932,384.0,5.12,0
354.7897,81.0,12.62,0.008275,134.0,0.08,0
235.544698,299.3,8.93,0.015515,316.0,2.36,0
115.28415,415.1,11.39,0.018796,374.0,4.63,0
423.73074,834.9,19.4,0.026643,225.0,0.6,0
677.56282,631.0,10.53,0.023563,190.0,0.31,0
371.21205,719.9,19.95,0.024883,259.0,1.07,0
190.783023,1385.0,4.069,0.033119,989.0,226.51,0
0.9337491,98.1,3.842,0.008997,1662.0,1809.26,0
0.93374417,31.3,3.385,0.005177,2126.0,4835.58,0
0.93374635,34.3,3.074,0.005282,1895.0,3029.67,0
0.9337465,49.9,3.629,0.006515,1863.0,2852.33,0
0.93371631,61.3,4.344,0.007237,1743.0,2180.39,0
260.02265,2060.7,12.009,0.047082,217.0,0.53,0
443.66,360.7,7.99,0.212181,331.0,2.85,0
366.28999,2568.0,10.869,0.048671,666.0,46.47,0
72.6549842,389.3,5.503,0.161284,699.0,56.33,0
379.42818,403.9,11.24,0.018342,252.0,0.95,0
103.039788,1370.0,14.197,0.032293,210.0,0.46,0
371.90464,519.1,25.36,0.025264,271.0,1.28,0
362.85801,151.6,17.03,0.011853,353.0,3.66,0
384.558321,1330.0,4.76,0.043743,382.0,5.03,0
397.72733,232.8,11.683,0.01394,253.0,0.97,0
504.88419,5058.0,20.18,0.352124,157.0,0.14,0
384.92275,184.8,9.98,0.012599,298.0,1.87,0
0.93376131,55.6,3.747,0.006836,1682.0,1891.81,0
0.93377253,30.0,2.544,0.004968,1644.0,1734.32,0
0.93376021,56.5,3.182,0.006809,1019.0,253.97,0
0.93372008,17.0,2.591,0.003855,1990.0,3704.01,0
0.93373591,35.1,4.517,0.00545,1904.0,3116.05,0
0.93374911,57.8,3.504,0.007162,1793.0,2442.7,0
0.93372261,31.2,3.052,0.005273,1949.0,3430.76,0
312.61007,438.7,14.85,0.019933,258.0,1.05,0
429.60143,1001.4,18.11,0.028607,223.0,0.58,0
499.88159,184.4,13.39,0.013178,338.0,3.07,0
197.37704,226.2,18.71,0.288625,815.0,104.45,0
1.65746034,22.9,4.572,0.00437,1663.0,1808.13,0
0.566799395,231.2,1.5368,0.014025,2448.0,8550.93,0
203.8406,227.4,9.33,0.013668,385.0,5.21,0
14.395425,115.4,5.12,0.009961,672.0,48.08,0
231.157554,845.6,8.489,0.028907,789.0,91.65,0
495.06538,417.0,21.09,0.018892,236.0,0.74,0
595.78152,84.9,15.97,0.008368,245.0,0.85,0
365.709623,1033.4,13.553,0.02894,604.0,31.42,0
655.25732,268.2,20.05,0.015136,226.0,0.62,0
0.573762943,48.3,2.196,0.00631,1538.0,1331.17,0
1.072934147,96883.0,4.50475,0.489542,2523.0,9590.04,0
2.61854596,19.7,4.866,0.004016,2008.0,3846.53,0
13.667809025,127.7,2.7993,0.010368,705.0,58.32,0
1.105123883,66.7,3.001,0.007944,1755.0,2235.64,0
381.85852,362.9,16.121,0.016941,453.0,9.93,0
455.77076435,341.1,5.1149,0.018657,419.0,7.28,0
212.760495,195.8,3.703,0.012985,485.0,13.13,0
73.836858,231.2,19.722,0.015625,1143.0,403.37,0
160.243128,556.4,5.393,0.021251,686.0,52.5,0
402.41511,780.6,5.156,0.025908,253.0,0.96,0
369.28177,1017.7,26.96,0.329802,250.0,0.93,0
462.463589,1024.3,5.007,0.029198,355.0,3.78,0
0.939375593,100890.0,2.8424,0.488602,1936.0,3333.58,0
31.1911468,228.4,7.003,0.013301,1131.0,386.78,0
30.9587224,342.0,4.411,0.018439,686.0,52.49,0
9.1447861,268.8,5.422,0.01623,843.0,119.61,0
0.786483923,233.3,7.035,0.154751,2408.0,7999.91,0
0.9438885,35.8,2.592,0.005796,3158.0,23572.82,0
40.244826,192.9,4.303,0.011813,3302.0,28103.18,0
135.428746,381.1,7.394,0.01828,343.0,3.29,0
380.03903,788.8,18.5,0.026406,219.0,0.55,0
380.294204,730.5,12.351,0.025314,229.0,0.65,0
373.74691,622.3,28.37,0.025691,260.0,1.08,0
315.81065,541.6,23.66,0.020529,212.0,0.47,0
16.9341628,207.8,3.94,0.01395,798.0,95.78,0
527.68601,602.0,4.817,0.022251,203.0,0.4,0
267.911652,695.0,4.124,0.023571,257.0,1.03,0
99.299502,408.5,3.631,0.019172,682.0,51.2,0
371.47786,264.9,12.3,0.014547,203.0,0.4,0
1.99638423,29.4,2.4,0.005002,1590.0,1505.17,0
29.3657204,74936.0,8.7303,0.393324,685.0,51.92,0
1.035329922,992.8,3.8022,0.275495,3654.0,42120.85,0
3.04463691,47.0,6.656,0.00635,1321.0,721.48,0
7.508818,70.1,6.5,0.007699,1107.0,354.74,0
383.937324,627.7,2.884,0.022551,389.0,5.43,0
0.619618218,50.3,1.2517,0.006476,3818.0,50197.86,0
4.17363793,49.7,2.738,0.006756,2197.0,5511.8,0
244.58323,408.3,12.822,0.018977,328.0,2.72,0
185.83013,72.6,10.14,0.007819,370.0,4.42,0
363.346158,896.0,4.911,0.02688,537.0,19.65,0
303.91225,479.5,15.37,0.020355,242.0,0.81,0
536.52197,293.9,4.458,0.015321,273.0,1.31,0
350.514,213.5,19.53,0.013546,346.0,3.37,0
431.51734,5332.7,16.42,0.071738,287.0,1.6,0
0.638697833,141450.0,5.1609,1.258352,2464.0,8720.57,0
539.214259,300.6,3.464,0.015989,265.0,1.17,0
343.56446,179.6,18.94,0.012412,298.0,1.87,0
54.432903,307.6,3.554,0.015637,404.0,6.29,0
235.20613,642.0,6.989,0.022999,230.0,0.66,0
20.004714,115.7,2.952,0.009662,577.0,26.19,0
350.65158,248.1,7.976,0.014422,243.0,0.83,0
4.18587282,99.4,1.998,0.009013,1057.0,295.17,0
2.178142613,172.7,0.906,0.012475,1452.0,1050.06,0
391.420272,236.7,3.84,0.015559,256.0,1.01,0
185.243906,383.9,3.276,0.019292,354.0,3.7,0
261.684363,817.0,3.892,0.025408,175.0,0.22,0
0.808106001,7676.4,3.9174,0.378415,1978.0,3631.91,0
391.33068,277.2,12.37,0.015737,274.0,1.33,0
320.56794551,898.9,15.3614,0.027436,234.0,0.71,0
116.025744,1361.0,3.539,0.032248,893.0,150.02,0
85.9770426,1064.0,1.919,0.029603,202.0,0.4,0
370.94353,1071.3,16.64,0.3277,228.0,0.64,0
30.6261927,162.6,1.107,0.011894,655.0,43.61,0
364.42189,2498.0,38.14,0.332378,264.0,1.14,0
440.584562,65.9,10.534,0.007642,505.0,15.38,0
269.331027,515.7,4.891,0.022057,304.0,2.02,0
25.3428696,230.5,1.51,0.014429,706.0,58.81,0
0.66234265,2359.0,1.049,0.047016,2089.0,4499.32,0
0.536654028,41.0,2.783,0.006137,2299.0,6574.04,0
1.08908149,130.7,2.262,0.010224,1131.0,386.2,0
0.609668222,287.6,2.836,0.015206,1805.0,2491.57,0
3.55650403,132.3,6.862,0.01191,580.0,26.66,0
0.527673051,28.3,1.631,0.004956,4056.0,63629.23,0
117.140785,337.1,3.401,0.017628,862.0,130.52,0
0.590281548,21.6,2.72,0.004709,2643.0,11597.35,0
4.5647147,99.3,13.395,0.009598,1131.0,387.76,0
372.086704,2494.0,3.686,0.321734,283.0,1.51,0
363.448167,2124.0,6.013,0.31025,285.0,1.56,0
348.68162,309.3,10.959,0.016594,302.0,1.96,0
345.128277,324.4,15.925,0.016543,282.0,1.5,0
370.38642,186.2,23.94,0.0125,328.0,2.74,0
267.970682,357.7,11.48,0.017328,280.0,1.45,0
417.829033,500.8,15.05,0.020585,248.0,0.9,0
368.5224,1330.2,36.29,0.259837,260.0,1.09,0
371.4589776,456.6,10.0734,0.019702,283.0,1.51,0
34.9989085,427.1,1.764,0.02335,376.0,4.74,0
386.78734,743.7,15.51,0.025317,224.0,0.6,0
449.557346,1193.1,17.227,0.033612,721.0,64.05,0
2.21568076,43.6,1.515,0.006239,1236.0,550.44,0
3.850304552,158.0,1.5337,0.011427,407.0,6.44,0
1.07383154,31355.0,4.846,0.440536,3791.0,48979.38,0
0.719741,32.2,2.628,0.005218,2074.0,4398.76,0
1.47623061,39.1,2.032,0.005825,1802.0,2484.49,0
0.520227316,68633.0,1.7939,0.461655,2264.0,6193.15,0
36.3192885,400.2,2.601,0.018796,1410.0,933.26,0
1.901655058,87321.0,4.6545,0.483068,2192.0,5467.3,0
331.92622,809.0,10.84,0.02583,235.0,0.72,0
346.31688,1435.0,21.92,0.044667,278.0,1.42,0
365.61087,1116.0,16.102,0.037899,273.0,1.32,0
259.85736,307.7,24.04,0.016364,237.0,0.74,0
5.29731736,167.5,3.341,0.011831,989.0,226.1,0
447.97028,512.7,10.857,0.020665,230.0,0.67,0
374.80095,144.4,10.691,0.011319,286.0,1.59,0
172.280975,313.8,12.24,0.016846,301.0,1.95,0
244.547128,587.0,3.59,0.0216,228.0,0.64,0
1.27228771,82.9,2.099,0.008366,1275.0,624.11,0
1.886002102,47.4,1.021,0.006395,1433.0,997.72,0
386.35444,129.6,9.594,0.011133,287.0,1.6,0
371.21454,1780.0,19.4,0.303955,212.0,0.47,0
365.5435,753.1,14.78,0.025896,283.0,1.51,0
7.02932339,81.6,2.853,0.008228,974.0,212.66,0
19.229478,115.8,4.68,0.010516,970.0,209.42,0
38.35312,3090.0,2.9,0.050769,557.0,22.73,0
114.661733,281.8,2.784,0.017694,316.0,2.37,0
313.19875,721.0,8.603,0.024491,216.0,0.51,0
134.370692,432.6,8.73,0.019016,351.0,3.58,0
2.52123022,145.9,4.739,0.17051,726.0,65.58,0
47.4314857,172.8,4.511,0.011733,1029.0,265.1,0
6.0962602,30.4,10.4,0.005551,1048.0,284.96,0
472.6038,672.0,12.15,0.024179,218.0,0.54,0
371.51852,263.0,30.94,0.019139,284.0,1.53,0
323.66542,1178.0,20.37,0.031078,133.0,0.07,0
367.01607,738.6,15.48,0.026096,245.0,0.85,0
568.08251,508.3,13.608,0.020638,205.0,0.42,0
3.0447752,74.9,7.35,0.007929,1061.0,299.07,0
456.55308,116.2,4.435,0.010443,270.0,1.26,0
209.941369,477.3,2.97,0.019652,651.0,42.43,0
49.763624,412.0,2.749,0.018713,588.0,28.31,0
320.347208,262.8,7.159,0.015352,274.0,1.33,0
358.74318,760.5,19.76,0.024907,224.0,0.6,0
0.660663034,134.0,2.81,0.010652,2385.0,7605.89,0
14.3400358,1706.0,5.7,0.035971,248.0,0.89,0
0.505079006,28078.0,1.36737,0.42937,2997.0,19181.12,0
7.19680984,50.5,1.683,0.006582,1275.0,625.53,0
1.33257715,27.1,5.158,0.0048,1553.0,1378.01,0
1.33254428,162.2,3.122,0.011644,1427.0,981.02,0
424.623345,5132.1,9.666,0.073251,265.0,1.17,0
1.456383399,212.2,11.838,0.182985,2721.0,12950.97,0
0.608074963,117.5,0.879,0.010073,2362.0,7350.47,0
0.559643825,1812.6,0.677,0.321973,1860.0,2854.44,0
0.502446098,11.4,1.803,0.003259,2705.0,12572.01,0
256.45616,17283.0,35.35,0.133782,175.0,0.22,0
388.519605,151.2,10.613,0.011534,350.0,3.56,0
60.049737,16650.0,20.17,0.399512,320.0,2.47,0
237.26601,150.4,8.74,0.011145,299.0,1.89,0
0.93371211,126.2,4.76,0.009887,1318.0,715.48,0
461.13781,408.2,12.91,0.018131,173.0,0.21,0
0.93376089,27.3,3.027,0.004802,2064.0,4286.78,0
367.761848,428.0,4.891,0.018581,623.0,35.55,0
378.65484,247.8,11.3,0.014468,258.0,1.04,0
384.356448,715.7,3.872,0.027912,255.0,1.0,0
1.75647084,69.5,2.538,0.007608,1405.0,924.14,0
1.33259003,11.9,3.962,0.003252,2909.0,16962.04,0
1.33254024,35.8,3.16,0.006101,1658.0,1777.13,0
1.33255492,66.6,3.63,0.007655,1850.0,2765.99,0
1.33259095,105.5,4.947,0.010064,1776.0,2349.35,0
234.524445,876.0,3.9,0.029408,226.0,0.62,0
317.74527,206.6,17.54,0.014451,336.0,3.03,0
18.384953,92.9,5.92,0.008867,872.0,136.82,0
1.085965104,10579.0,10.716,0.112976,6297.0,371873.86,0
308.185801,708.7,3.689,0.023885,230.0,0.66,0
398.71694,893.9,21.6,0.252342,205.0,0.42,0
241.8591,659.0,12.77,0.023645,315.0,2.34,0
353.04037,239.6,14.102,0.014198,196.0,0.35,0
522.33888,423.7,13.53,0.018364,327.0,2.69,0
473.56314,327.4,5.087,0.016791,449.0,9.65,0
1.332565736,2319.8,6.0828,0.32209,1674.0,1849.94,0
385.39743,132.3,21.69,0.010898,285.0,1.57,0
272.54288087,807.2,3.0246,0.025994,255.0,1.0,0
0.9439372,279440.0,7.27446,0.596498,2273.0,6347.81,0
1.075158342,30.2,1.295,0.004786,6988.0,565413.02,0
1.33255801,48.7,4.74,0.006354,1443.0,1025.1,0
1.33250451,27.4,4.143,0.00487,1993.0,3726.12,0
453.64875,523.4,18.34,0.021572,239.0,0.77,0
0.594274521,4691.5,2.162,0.070839,2436.0,8367.99,0
239.179477,750.9,2.93,0.024331,583.0,27.38,0
405.65377,521.0,11.02,0.021006,246.0,0.87,0
73.992267,225.6,5.692,0.013831,546.0,20.98,0
361.901618,184.1,4.984,0.012107,198.0,0.37,0
508.04103,371.7,5.398,0.017893,217.0,0.53,0
309.933134,176.1,7.165,0.013076,319.0,2.43,0
266.977677,389.6,8.59,0.021117,549.0,21.53,0
236.25776888,168.4,3.3549,0.011999,460.0,10.61,0
330.80879,274.8,21.669,0.018286,290.0,1.67,0
522.64613,648.1,17.77,0.022942,92.0,0.02,0
392.94247,120.3,11.055,0.010146,347.0,3.43,0
373.89398,730.0,27.66,0.032878,206.0,0.42,0
8.5898708,87.7,4.806,0.009364,929.0,176.4,0
0.527698548,1579.2,3.2221,0.297633,2088.0,4500.53,0
0.681401611,103.6,0.865,0.009444,2218.0,5713.41,0
4.85603482,76.7,3.078,0.008076,1266.0,607.42,0
